WKT,name,description,Google Maps URL,Published,Updated
"POINT (6.234785 51.207792)",Outdoor-Kartbahn Niederkrüchten,{ "Address": "Raderberg 2, 41366 Schwalmtal, Germany", "Business Name": "Outdoor-Kartbahn Niederkrüchten", "Country Code": "DE", "Geo Coordinates": { "Latitude": "51.2077915", "Longitude": "6.2347854" } },http://maps.google.com/?cid=14826311600235947258,2021/05/08 01:18:36+00,2021/05/08 01:18:36+00
"POINT (6.24825 52.186806)",Karting Eefde & Outdoor Sport,{ "Address": "Elzerdijk 44, 7211 LT Eefde, Netherlands", "Business Name": "Karting Eefde & Outdoor Sport", "Geo Coordinates": { "Latitude": "52.1868057", "Longitude": "6.2482504" } },http://maps.google.com/?cid=12427260192931472890,2021/05/08 01:17:58+00,2021/05/08 01:17:58+00
"POINT (5.573202 51.738544)",Circuit Park Berghem,{ "Address": "Zevenbergseweg 45, 5351 PG Berghem, Netherlands", "Business Name": "Circuit Park Berghem", "Geo Coordinates": { "Latitude": "51.7385444", "Longitude": "5.5732021" } },http://maps.google.com/?cid=12268016595382185963,2021/05/08 01:17:22+00,2021/05/08 01:17:22+00
"POINT (5.25733 52.055194)",Kartcircuit Driebergen,{ "Address": "De Woerd 7, 3972 KD Driebergen-Rijsenburg, Netherlands", "Business Name": "Kartcircuit Driebergen", "Geo Coordinates": { "Latitude": "52.0551945", "Longitude": "5.2573301" } },http://maps.google.com/?cid=4238944039037046897,2021/05/08 01:16:59+00,2021/05/08 01:16:59+00
"POINT (4.345 51.073056)",Inkart nv,{ "Address": "Ooievaarsnest 33, 2870 Ruisbroek, Belgium", "Business Name": "Inkart nv", "Geo Coordinates": { "Latitude": "51.0730556", "Longitude": "4.3450000" } },http://maps.google.com/?cid=10222326369859865107,2021/05/08 01:13:04+00,2021/05/08 01:13:04+00
"POINT (0.402338 41.618296)",Circuit d'Alcarràs,{ "Address": "km, Av. de Valmanya, 13, 25180 Alcarràs, Lleida, Spain", "Business Name": "Circuit d'Alcarràs", "Country Code": "ES", "Geo Coordinates": { "Latitude": "41.6182964", "Longitude": "0.4023381" } },http://maps.google.com/?cid=1469119913479770213,2021/05/06 22:06:00+00,2021/05/06 22:06:00+00
"POINT (-8.447183 41.588834)",Circuito Vasco Sameiro,{ "Address": "R. da Capela 4 4700, Palmeira, Portugal", "Business Name": "Circuito Vasco Sameiro", "Geo Coordinates": { "Latitude": "41.5888335", "Longitude": "-8.4471830" } },http://maps.google.com/?cid=8730917859836637539,2021/05/06 22:04:47+00,2021/05/06 22:04:47+00
"POINT (106.857271 -6.536448)",Sentul International Circuit,{ "Address": "Jl. Sentul International Circuit No.Km.42, Kadumangu, Kec. Babakan Madang, Bogor, Jawa Barat 16810, Indonesia", "Business Name": "Sentul International Circuit", "Country Code": "ID", "Geo Coordinates": { "Latitude": "-6.5364484", "Longitude": "106.8572706" } },http://maps.google.com/?cid=13010359230004818715,2021/05/06 18:29:00+00,2021/05/06 18:29:00+00
"POINT (-13.876214 28.497553)",Fuerteventura Gran Karting,{ "Address": "Poligon Industrial risco Prieto, Calle Heneken, s\/n, 35600 Puerto del Rosario, Las Palmas, Spain", "Business Name": "Fuerteventura Gran Karting", "Geo Coordinates": { "Latitude": "28.4975528", "Longitude": "-13.8762139" } },http://maps.google.com/?cid=8336001746682670601,2021/05/06 18:27:47+00,2021/05/06 18:27:47+00
"POINT (-15.604156 27.775127)",Kart Racing,{ "Address": "Frente Aqualand, Carr. Palmitos Park, 35100 Maspalomas, Las Palmas, Spain", "Business Name": "Kart Racing", "Geo Coordinates": { "Latitude": "27.7751274", "Longitude": "-15.6041555" } },http://maps.google.com/?cid=16652694249706748156,2021/05/06 18:27:11+00,2021/05/06 18:27:11+00
"POINT (-16.348417 28.46648)",Karting La Esperanza,{ "Address": "Carretera General de La Esperanza, s\/n, 38206 San Cristóbal de La Laguna, Santa Cruz de Tenerife, Spain", "Business Name": "Karting La Esperanza", "Geo Coordinates": { "Latitude": "28.4664797", "Longitude": "-16.3484170" } },http://maps.google.com/?cid=18399292062185914622,2021/05/06 18:25:53+00,2021/05/06 18:25:53+00
"POINT (2.523009 39.50385)",Kart magaluf,{ "Address": "Camí Porrassa, s\/n, 07181 Calvià, Illes Balears, Spain", "Business Name": "Kart magaluf", "Geo Coordinates": { "Latitude": "39.5038495", "Longitude": "2.5230092" } },http://maps.google.com/?cid=10158082137376781169,2021/05/06 18:22:58+00,2021/05/06 18:22:58+00
"POINT (-73.605511 45.828497)",Max Karting,{ "Address": "270 Rue Ludger Rochon, Saint-Roch-de-l'Achigan, QC J0K 3H0, Canada", "Business Name": "Max Karting", "Geo Coordinates": { "Latitude": "45.8284974", "Longitude": "-73.6055112" } },http://maps.google.com/?cid=9320595534848782564,2021/05/06 18:17:00+00,2021/05/06 18:17:00+00
"POINT (-79.327139 44.317143)",3-S Go-Karts,{ "Address": "26346 Park Rd, Georgina, ON L0E 1R0, Canada", "Business Name": "3-S Go-Karts", "Geo Coordinates": { "Latitude": "44.3171428", "Longitude": "-79.3271387" } },http://maps.google.com/?cid=3022579486530558633,2021/05/06 18:13:55+00,2021/05/06 18:13:55+00
"POINT (-79.229095 44.047336)",Goodwood Kartways,{ "Address": "5200 Concession 2 Road, Whitchurch-Stouffville, ON L4A 7X4, Canada", "Business Name": "Goodwood Kartways", "Geo Coordinates": { "Latitude": "44.0473365", "Longitude": "-79.2290954" } },http://maps.google.com/?cid=15576788335542092216,2021/05/06 18:13:29+00,2021/05/06 18:13:29+00
"POINT (-84.480981 42.785532)",East Lansing Kart Track,{ "Address": "15933 Chandler Rd, Bath Twp, MI 48808, United States", "Business Name": "East Lansing Kart Track", "Geo Coordinates": { "Latitude": "42.7855321", "Longitude": "-84.4809814" } },http://maps.google.com/?cid=13290325328736989990,2021/05/06 18:07:35+00,2021/05/06 18:07:35+00
"POINT (-86.020901 43.169577)",Ravenna Motor Park,{ "Address": "9187-9399 Hile Rd, Ravenna, MI 49451, United States", "Business Name": "Ravenna Motor Park", "Country Code": "US", "Geo Coordinates": { "Latitude": "43.1695769", "Longitude": "-86.0209011" } },http://maps.google.com/?cid=6760774200529600161,2021/05/06 18:06:26+00,2021/05/06 18:06:26+00
"POINT (-85.78905 42.221697)",Formula K Family Fun Park,{ "Address": "54358 N Main St, Mattawan, MI 49071, United States", "Business Name": "Formula K Family Fun Park", "Country Code": "US", "Geo Coordinates": { "Latitude": "42.2216967", "Longitude": "-85.7890499" } },http://maps.google.com/?cid=3626403403986318425,2021/05/06 18:06:00+00,2021/05/06 18:06:00+00
"POINT (-86.411102 41.594524)",Michiana Raceway Park,{ "Address": "61870 Crumstown Hwy, North Liberty, IN 46554, United States", "Business Name": "Michiana Raceway Park", "Geo Coordinates": { "Latitude": "41.5945243", "Longitude": "-86.4111022" } },http://maps.google.com/?cid=15960357230615381835,2021/05/06 18:03:56+00,2021/05/06 18:03:56+00
"POINT (-88.123962 41.45171)",Kart Circuit Autobahn,{ "Address": "1801 Centerpoint Way, Joliet, IL 60436, United States", "Business Name": "Kart Circuit Autobahn", "Geo Coordinates": { "Latitude": "41.4517097", "Longitude": "-88.1239624" } },http://maps.google.com/?cid=13776774620964580101,2021/05/06 18:02:27+00,2021/05/06 18:02:27+00
"POINT (-88.50189 43.011583)",Badger Kart Club - Wolf Paving Raceway,{ "Address": "W377s185 Gramling Ln, Dousman, WI 53118, United States", "Business Name": "Badger Kart Club - Wolf Paving Raceway", "Geo Coordinates": { "Latitude": "43.0115830", "Longitude": "-88.5018900" } },http://maps.google.com/?cid=7240740400763957983,2021/05/06 17:58:59+00,2021/05/06 17:58:59+00
"POINT (-90.627396 41.947818)",61 Kart Way LLC,{ "Address": "1578 US-61, Delmar, IA 52037, United States", "Business Name": "61 Kart Way LLC", "Geo Coordinates": { "Latitude": "41.9478185", "Longitude": "-90.6273956" } },http://maps.google.com/?cid=2293835064062993474,2021/05/06 17:56:39+00,2021/05/06 17:56:39+00
"POINT (-91.433235 39.929611)",TNT Kartways,{ "Address": "US-24, Taylor, MO 63471, United States", "Business Name": "TNT Kartways", "Geo Coordinates": { "Latitude": "39.9296112", "Longitude": "-91.4332351" } },http://maps.google.com/?cid=18114858175124296052,2021/05/06 17:54:52+00,2021/05/06 17:54:52+00
"POINT (-89.471466 39.798523)",Mid-State Kart Club,{ "Address": "160 Kender Ln, Dawson, IL 62520, United States", "Business Name": "Mid-State Kart Club", "Geo Coordinates": { "Latitude": "39.7985229", "Longitude": "-89.4714660" } },http://maps.google.com/?cid=16705784883194377073,2021/05/06 17:54:03+00,2021/05/06 17:54:03+00
"POINT (-81.764087 26.722833)",Lee Civic Center,{ "Address": "11831 Bayshore Rd, North Fort Myers, FL 33917, United States", "Business Name": "Lee Civic Center", "Country Code": "US", "Geo Coordinates": { "Latitude": "26.7228326", "Longitude": "-81.7640871" } },http://maps.google.com/?cid=16881924596432486284,2021/05/06 17:52:59+00,2021/05/06 17:52:59+00
"POINT (-80.263771 25.892616)",Miami GP Raceway,{ "Address": "3990 NW 132nd St, Opa-locka, FL 33054, United States", "Business Name": "Miami GP Raceway", "Geo Coordinates": { "Latitude": "25.8926156", "Longitude": "-80.2637707" } },http://maps.google.com/?cid=4972161902222341679,2021/05/06 17:52:08+00,2021/05/06 17:52:08+00
"POINT (-82.057023 29.845088)",29.845088,-82.057023,{ "Geo Coordinates": { "Latitude": "29.8450880", "Longitude": "-82.0570230" } },http://maps.google.com/?q=29.845088,-82.057023,2021/05/06 17:50:41+00,2021/05/06 17:50:41+00
"POINT (-81.828888 30.245408)",North Florida Kart Club,{ "Address": "10244 103rd St, Jacksonville, FL 32210, United States", "Business Name": "North Florida Kart Club", "Geo Coordinates": { "Latitude": "30.2454080", "Longitude": "-81.8288880" } },http://maps.google.com/?cid=1241786889367155475,2021/05/06 17:49:19+00,2021/05/06 17:49:19+00
"POINT (-97.657242 30.264705)",Driveway Austin Motorsports,{ "Address": "8400 Delwau Ln, Austin, TX 78725, United States", "Business Name": "Driveway Austin Motorsports", "Country Code": "US", "Geo Coordinates": { "Latitude": "30.2647048", "Longitude": "-97.6572416" } },http://maps.google.com/?cid=13590994341361302385,2021/05/06 17:45:59+00,2021/05/06 17:45:59+00
"POINT (-116.1536 33.6027)",The Thermal Club,{ "Address": "Thermal, CA 92274, United States", "Business Name": "The Thermal Club", "Geo Coordinates": { "Latitude": "33.6027000", "Longitude": "-116.1536000" } },http://maps.google.com/?cid=14220087496181962010,2021/05/06 17:38:24+00,2021/05/06 17:38:24+00
"POINT (-117.134671 33.940084)",33.940084,-117.13467099999998,{ "Geo Coordinates": { "Latitude": "33.9400840", "Longitude": "-117.1346710" } },http://maps.google.com/?q=33.940084,-117.13467099999998,2021/05/06 17:36:01+00,2021/05/06 17:36:01+00
"POINT (-118.952144 35.418328)",Bakersfield Kart Raceway,{ "Address": "4695 Alfred Harrell Hwy, Bakersfield, CA 93306, United States", "Business Name": "Bakersfield Kart Raceway", "Geo Coordinates": { "Latitude": "35.4183277", "Longitude": "-118.9521442" } },http://maps.google.com/?cid=12543291960525475078,2021/05/06 17:33:43+00,2021/05/06 17:33:43+00
"POINT (-122.323149 49.125528)",Mission Raceway Park,{ "Address": "32670 Dyke Rd, Mission, BC V2V 4J5, Canada", "Business Name": "Mission Raceway Park", "Country Code": "CA", "Geo Coordinates": { "Latitude": "49.1255285", "Longitude": "-122.3231492" } },http://maps.google.com/?cid=9714064099232409029,2021/05/06 17:26:32+00,2021/05/06 17:26:32+00
"POINT (12.83668 48.501386)",Erlebnispark Voglsam - bis auf Weiteres weiterhin geschlossen -,{ "Address": "Voglsam 1, 84337 Schönau, Germany", "Business Name": "Erlebnispark Voglsam - bis auf Weiteres weiterhin geschlossen -", "Country Code": "DE", "Geo Coordinates": { "Latitude": "48.5013855", "Longitude": "12.8366797" } },http://maps.google.com/?cid=3326567579524632712,2021/05/06 15:49:50+00,2021/05/06 15:49:50+00
"POINT (10.850993 48.706386)",48.706385999999995,10.850992999999999,{ "Geo Coordinates": { "Latitude": "48.7063860", "Longitude": "10.8509930" } },http://maps.google.com/?q=48.706385999999995,10.850992999999999,2021/05/06 15:47:58+00,2021/05/06 15:47:58+00
"POINT (10.33409 48.851236)",Kartbahn MSC-"Ipf" Bopfingen e.V. im ADAC,{ "Address": "Sandberg 1, 73441 Bopfingen, Germany", "Business Name": "Kartbahn MSC-"Ipf" Bopfingen e.V. im ADAC", "Country Code": "DE", "Geo Coordinates": { "Latitude": "48.8512359", "Longitude": "10.3340897" } },http://maps.google.com/?cid=17929892388555791363,2021/05/06 15:46:17+00,2021/05/06 15:46:17+00
"POINT (11.938901 49.416144)",Kartbahn Amberg,{ "Address": "Schwandorfer Str B 85 nahe, 92245 Kümmersbruck, Germany", "Business Name": "Kartbahn Amberg", "Geo Coordinates": { "Latitude": "49.4161435", "Longitude": "11.9389008" } },http://maps.google.com/?cid=17089244747995244037,2021/05/06 15:41:12+00,2021/05/06 15:41:12+00
"POINT (10.364656 49.900923)",Steigerwald-Motodrom Gerolzhofen,{ "Address": "Dingolshäuser Str. 24, 97447 Gerolzhofen, Germany", "Business Name": "Steigerwald-Motodrom Gerolzhofen", "Geo Coordinates": { "Latitude": "49.9009226", "Longitude": "10.3646565" } },http://maps.google.com/?cid=3489344719119002991,2021/05/06 15:33:01+00,2021/05/06 15:33:01+00
"POINT (9.280298 50.289159)",Motor-Sport-Club Wittgenborn e.V.,{ "Address": "Waldensberger Str. 57, 63607 Wächtersbach, Germany", "Business Name": "Motor-Sport-Club Wittgenborn e.V.", "Geo Coordinates": { "Latitude": "50.2891590", "Longitude": "9.2802983" } },http://maps.google.com/?cid=2772763199525648092,2021/05/06 14:21:27+00,2021/05/06 14:21:27+00
"POINT (7.290787 49.959462)",Kartbahn Hunsrückring,{ "Address": "Gebäude 1003, 55483 Bärenbach, Germany", "Business Name": "Kartbahn Hunsrückring", "Geo Coordinates": { "Latitude": "49.9594624", "Longitude": "7.2907867" } },http://maps.google.com/?cid=12126759800475281506,2021/05/06 14:17:16+00,2021/05/06 14:17:16+00
"POINT (6.557455 49.947578)",49.947578,6.557455,{ "Geo Coordinates": { "Latitude": "49.9475780", "Longitude": "6.5574550" } },http://maps.google.com/?q=49.947578,6.557455,2021/05/06 14:15:39+00,2021/05/06 14:15:39+00
"POINT (6.530383 50.401033)",Karting Dahlem Binz,{ "Address": "Dahlemer Binz 80, 53949 Dahlem, Germany", "Business Name": "Karting Dahlem Binz", "Geo Coordinates": { "Latitude": "50.4010331", "Longitude": "6.5303833" } },http://maps.google.com/?cid=12639009752852111836,2021/05/06 14:10:54+00,2021/05/06 14:10:54+00
"POINT (7.426178 50.659682)",Kart track Asbach Kms-Kart Center,{ "Address": "Am Wäldchen 4, 53567 Asbach, Germany", "Business Name": "Kart track Asbach Kms-Kart Center", "Geo Coordinates": { "Latitude": "50.6596816", "Longitude": "7.4261775" } },http://maps.google.com/?cid=15480464923213490691,2021/05/06 14:08:43+00,2021/05/06 14:08:43+00
"POINT (7.716702 50.715746)",Kartbahn Westerwaldring! Geöffnet von 15 April bis 15 Oktober! Samstags, Sonn - und Feiertags,{ "Address": "57612 Eichelhardt, Germany", "Business Name": "Kartbahn Westerwaldring! Geöffnet von 15 April bis 15 Oktober! Samstags, Sonn - und Feiertags", "Geo Coordinates": { "Latitude": "50.7157460", "Longitude": "7.7167020" } },http://maps.google.com/?cid=6769114805143391209,2021/05/06 14:06:57+00,2021/05/06 14:06:57+00
"POINT (7.761746 50.970096)",GMV GoKart Motorsport Verleih & Vertriebs GmbH,{ "Address": "Halbhustener Weg, 51580 Reichshof, Germany", "Business Name": "GMV GoKart Motorsport Verleih & Vertriebs GmbH", "Geo Coordinates": { "Latitude": "50.9700965", "Longitude": "7.7617465" } },http://maps.google.com/?cid=12983643304889662444,2021/05/06 14:04:06+00,2021/05/06 14:04:06+00
"POINT (10.834046 50.489569)",Kartbahn Schwarzbach,{ "Address": "Am Merbelsroder Weg 11, 98673 Auengrund, Germany", "Business Name": "Kartbahn Schwarzbach", "Geo Coordinates": { "Latitude": "50.4895693", "Longitude": "10.8340465" } },http://maps.google.com/?cid=3574943720632399970,2021/05/06 13:55:00+00,2021/05/06 13:55:00+00
"POINT (12.05141 50.587376)",Kartbahn Oberlandring,{ "Address": "Am Trockenwerk 4, 07937 Zeulenroda-Triebes, Germany", "Business Name": "Kartbahn Oberlandring", "Country Code": "DE", "Geo Coordinates": { "Latitude": "50.5873756", "Longitude": "12.0514097" } },http://maps.google.com/?cid=1004750743180890168,2021/05/06 13:50:52+00,2021/05/06 13:50:52+00
"POINT (12.488227 50.689963)",50.689963,12.488227,{ "Geo Coordinates": { "Latitude": "50.6899630", "Longitude": "12.4882271" } },http://maps.google.com/?q=50.689963,12.488227,2021/05/06 13:49:09+00,2021/05/06 13:49:09+00
"POINT (13.376726 50.909278)",Hüttenstraße, 09599, Germany,{ "Geo Coordinates": { "Latitude": "50.9092784", "Longitude": "13.3767257" } },http://maps.google.com/?q=H%C3%BCttenstra%C3%9Fe,+09599+Freiberg,+Germany&amp;ftid=0x4709e073b143cc11:0xce4e767880da25c,2021/05/06 13:45:26+00,2021/05/06 13:45:26+00
"POINT (13.444054 50.839285)",Erzgebirgsring Lichtenberg,{ "Address": "Mittelgebirgsstraße 1, 09638 Lichtenberg\/Erzgebirge, Germany", "Business Name": "Erzgebirgsring Lichtenberg", "Country Code": "DE", "Geo Coordinates": { "Latitude": "50.8392846", "Longitude": "13.4440537" } },http://maps.google.com/?cid=4254563005214901803,2021/05/06 13:42:31+00,2021/05/06 13:42:31+00
"POINT (14.257961 51.663189)",KARTBAHN LÖSCHEN,{ "Address": "Löschener Dorfstraße 33, 03116 Drebkau, Germany", "Business Name": "KARTBAHN LÖSCHEN", "Geo Coordinates": { "Latitude": "51.6631891", "Longitude": "14.2579610" } },http://maps.google.com/?cid=803191826157120017,2021/05/06 13:36:00+00,2021/05/06 13:36:00+00
"POINT (13.690199 51.998642)",Spreewaldring Kart-Center GmbH,{ "Address": "Waldhaus 1, 15910 Schönwald, Germany", "Business Name": "Spreewaldring Kart-Center GmbH", "Country Code": "DE", "Geo Coordinates": { "Latitude": "51.9986416", "Longitude": "13.6901988" } },http://maps.google.com/?cid=3677030599458275175,2021/05/06 05:16:14+00,2021/05/06 05:16:14+00
"POINT (11.363396 51.763092)",Motorsportanlage HARZ-RING,{ "Address": "Froser Straße 1A, 06463 Falkenstein\/Harz, Germany", "Business Name": "Motorsportanlage HARZ-RING", "Country Code": "DE", "Geo Coordinates": { "Latitude": "51.7630920", "Longitude": "11.3633957" } },http://maps.google.com/?cid=11862583716607354796,2021/05/06 05:15:15+00,2021/05/06 05:15:15+00
"POINT (11.278467 52.026656)",Motorsport Arena Oschersleben,{ "Address": "Motopark-Allee 20-22, 39387 Oschersleben (Bode), Germany", "Business Name": "Motorsport Arena Oschersleben", "Country Code": "DE", "Geo Coordinates": { "Latitude": "52.0266559", "Longitude": "11.2784667" } },http://maps.google.com/?cid=9628309381504622554,2021/05/06 05:14:04+00,2021/05/06 05:14:04+00
"POINT (12.377077 52.600627)",MC Rathenow,{ "Address": "Zum Wolzensee 2, 14712 Rathenow, Germany", "Business Name": "MC Rathenow", "Country Code": "DE", "Geo Coordinates": { "Latitude": "52.6006266", "Longitude": "12.3770773" } },http://maps.google.com/?cid=13994627121772658566,2021/05/06 05:10:06+00,2021/05/06 05:10:06+00
"POINT (13.419363 52.656136)",Kart-Track Schönerlinde,{ "Address": "Alter Heerweg 3-4, 16348 Wandlitz, Germany", "Business Name": "Kart-Track Schönerlinde", "Geo Coordinates": { "Latitude": "52.6561355", "Longitude": "13.4193630" } },http://maps.google.com/?cid=17432031143494064390,2021/05/06 05:09:18+00,2021/05/06 05:09:18+00
"POINT (13.489969 53.104075)",Templiner Ring Kart-Center GmbH,{ "Address": "Carl-Friedrich-Benz-Straße 2, 17268 Templin, Germany", "Business Name": "Templiner Ring Kart-Center GmbH", "Geo Coordinates": { "Latitude": "53.1040750", "Longitude": "13.4899694" } },http://maps.google.com/?cid=10147281217139508930,2021/05/06 05:07:55+00,2021/05/06 05:07:55+00
"POINT (9.979918 53.102596)",Horstfeldweg 5, 29646 Bispingen, Germany,{ "Geo Coordinates": { "Latitude": "53.1025961", "Longitude": "9.9799181" } },http://maps.google.com/?q=Horstfeldweg+5,+29646+Bispingen,+Germany&amp;ftid=0x47b1b7b4c5c09b5f:0x22b99b0827718256,2021/05/06 05:06:01+00,2021/05/06 05:06:01+00
"POINT (10.367175 53.191668)",Kartbahn Lüneburg,{ "Address": "ADAC-Straße 1, 21409 Embsen, Germany", "Business Name": "Kartbahn Lüneburg", "Geo Coordinates": { "Latitude": "53.1916682", "Longitude": "10.3671749" } },http://maps.google.com/?cid=4173878906886564782,2021/05/06 05:03:58+00,2021/05/06 05:03:58+00
"POINT (7.309985 52.375436)",Kartworld,{ "Address": "Schmiedestraße 14, 48488 Emsbüren, Germany", "Business Name": "Kartworld", "Geo Coordinates": { "Latitude": "52.3754355", "Longitude": "7.3099852" } },http://maps.google.com/?cid=3340814880673665699,2021/05/06 05:01:59+00,2021/05/06 05:01:59+00
"POINT (7.99011 52.491566)",Kart am Alfsee Bunte GmbH,{ "Address": "Westerfeldstraße 73, 49597 Rieste, Germany", "Business Name": "Kart am Alfsee Bunte GmbH", "Geo Coordinates": { "Latitude": "52.4915657", "Longitude": "7.9901099" } },http://maps.google.com/?cid=9040813946671787031,2021/05/06 05:01:08+00,2021/05/06 05:01:08+00
"POINT (8.118105 52.597749)",Hansakarting Holdorf GmbH,{ "Address": "Zum Hansa-Center 4, 49451 Holdorf, Germany", "Business Name": "Hansakarting Holdorf GmbH", "Country Code": "DE", "Geo Coordinates": { "Latitude": "52.5977491", "Longitude": "8.1181052" } },http://maps.google.com/?cid=3735743091402244569,2021/05/06 05:00:25+00,2021/05/06 05:00:25+00
"POINT (7.16359 52.802778)",Emslandring Dankern,{ "Address": "Am Flugpl. 1, 49733 Haren (Ems), Germany", "Business Name": "Emslandring Dankern", "Geo Coordinates": { "Latitude": "52.8027777", "Longitude": "7.1635903" } },http://maps.google.com/?cid=2856658364152107833,2021/05/06 04:57:37+00,2021/05/06 04:57:37+00
"POINT (7.66953 53.10778)",Hauptstraße 551, 26683 Saterland, Germany,{ "Geo Coordinates": { "Latitude": "53.1077800", "Longitude": "7.6695299" } },http://maps.google.com/?q=Hauptstra%C3%9Fe+551,+26683+Saterland,+Germany&amp;ftid=0x47b7aa8596e4eb73:0x9388947756f090d7,2021/05/06 04:56:47+00,2021/05/06 04:56:47+00
"POINT (10.363625 53.452429)",Heidbergring,{ "Address": "Fahrendorfer Weg 1, 21502 Geesthacht, Germany", "Business Name": "Heidbergring", "Country Code": "DE", "Geo Coordinates": { "Latitude": "53.4524292", "Longitude": "10.3636247" } },http://maps.google.com/?cid=16045746236996911854,2021/05/06 04:48:47+00,2021/05/06 04:48:47+00
"POINT (13.321053 53.545646)",Speedy Kart,{ "Address": "Travertinstraße 11, 17036 Neubrandenburg, Germany", "Business Name": "Speedy Kart", "Geo Coordinates": { "Latitude": "53.5456458", "Longitude": "13.3210534" } },http://maps.google.com/?cid=12346008368500319713,2021/05/06 04:47:45+00,2021/05/06 04:47:45+00
"POINT (13.357228 54.015678)",Kartbahn Dargelin,{ "Address": "Teichstraße 14, 17498 Dargelin, Germany", "Business Name": "Kartbahn Dargelin", "Geo Coordinates": { "Latitude": "54.0156784", "Longitude": "13.3572282" } },http://maps.google.com/?cid=10710628585503063742,2021/05/06 04:43:07+00,2021/05/06 04:43:07+00
"POINT (8.87141 54.127113)",Nordseering Büsum,{ "Address": "Segeltörn 1, 25761 Büsum, Germany", "Business Name": "Nordseering Büsum", "Geo Coordinates": { "Latitude": "54.1271133", "Longitude": "8.8714104" } },http://maps.google.com/?cid=4855151638370255104,2021/05/06 04:42:31+00,2021/05/06 04:42:31+00
"POINT (13.459653 54.419709)",Go-Kart und Quad Bahn Bergen,{ "Address": "OT, Tetel 2, 18528 Bergen auf Rügen, Germany", "Business Name": "Go-Kart und Quad Bahn Bergen", "Geo Coordinates": { "Latitude": "54.4197089", "Longitude": "13.4596531" } },http://maps.google.com/?cid=5520175026039209632,2021/05/06 04:41:51+00,2021/05/06 04:41:51+00
"POINT (9.583516 54.534925)",Kartbahn Schleswig,{ "Address": "Heinrich-Hertz-Straße 13-15, 24837 Schleswig, Germany", "Business Name": "Kartbahn Schleswig", "Geo Coordinates": { "Latitude": "54.5349246", "Longitude": "9.5835161" } },http://maps.google.com/?cid=3121480297285635931,2021/05/06 04:39:42+00,2021/05/06 04:39:42+00
"POINT (5.968581 45.846657)",Circuit Rumilly,{ "Address": "Les Pérouses, 74150 Rumilly, France", "Business Name": "Circuit Rumilly", "Geo Coordinates": { "Latitude": "45.8466566", "Longitude": "5.9685809" } },http://maps.google.com/?cid=6290563477679612234,2021/05/06 04:33:30+00,2021/05/06 04:33:30+00
"POINT (6.660629 45.922028)",Karting du Mont Blanc Passy,{ "Address": "618 Route des Lacs, 74190 Passy, France", "Business Name": "Karting du Mont Blanc Passy", "Geo Coordinates": { "Latitude": "45.9220276", "Longitude": "6.6606293" } },http://maps.google.com/?cid=672294393677098439,2021/05/06 04:32:55+00,2021/05/06 04:32:55+00
"POINT (5.142493 46.339008)",KARTING montrevel en bresse,{ "Address": "Route d'Etrez, 01340 Malafretaz, France", "Business Name": "KARTING montrevel en bresse", "Geo Coordinates": { "Latitude": "46.3390083", "Longitude": "5.1424932" } },http://maps.google.com/?cid=2398268527397028291,2021/05/06 04:32:05+00,2021/05/06 04:32:05+00
"POINT (4.556421 47.222893)",Auxois sud karting by Kartmania,{ "Address": "Circuit de L’Auxois, 21320 Meilly-sur-Rouvres, France", "Business Name": "Auxois sud karting by Kartmania", "Geo Coordinates": { "Latitude": "47.2228929", "Longitude": "4.5564207" } },http://maps.google.com/?cid=16681102496788167871,2021/05/06 04:26:45+00,2021/05/06 04:26:45+00
"POINT (6.103565 47.657274)",Circuit de la Vallée-Sport Karting,{ "Address": "Rue Frisette, 70000 Pusey, France", "Business Name": "Circuit de la Vallée-Sport Karting", "Geo Coordinates": { "Latitude": "47.6572740", "Longitude": "6.1035650" } },http://maps.google.com/?cid=17209866115199280645,2021/05/06 04:21:48+00,2021/05/06 04:21:48+00
"POINT (5.224646 48.037133)",9 Route de Nogent, 52800 Foulain, France,{ "Geo Coordinates": { "Latitude": "48.0371327", "Longitude": "5.2246455" } },http://maps.google.com/?q=9+Route+de+Nogent,+52800+Foulain,+France&amp;ftid=0x47ece12bf61f7825:0x49bea95c8520c9fd,2021/05/06 04:21:16+00,2021/05/06 04:21:16+00
"POINT (6.908597 47.634279)",KART 90,{ "Address": "Chemin du Circuit Eisen, 90340 Chèvremont, France", "Business Name": "KART 90", "Geo Coordinates": { "Latitude": "47.6342790", "Longitude": "6.9085970" } },http://maps.google.com/?cid=3994340495049291790,2021/05/06 04:20:17+00,2021/05/06 04:20:17+00
"POINT (7.410836 47.776656)",Complexe sportif Peugeot ACSP,{ "Address": "68390 Sausheim, France", "Business Name": "Complexe sportif Peugeot ACSP", "Country Code": "FR", "Geo Coordinates": { "Latitude": "47.7766558", "Longitude": "7.4108362" } },http://maps.google.com/?cid=740617774008031118,2021/05/06 04:19:06+00,2021/05/06 04:19:06+00
"POINT (7.346968 47.799018)",ASK Wittenheim,{ "Address": "Rue de Ruelisheim, 68270 Wittenheim, France", "Business Name": "ASK Wittenheim", "Geo Coordinates": { "Latitude": "47.7990180", "Longitude": "7.3469681" } },http://maps.google.com/?cid=1923930118889434347,2021/05/06 04:18:31+00,2021/05/06 04:18:31+00
"POINT (7.520099 48.051915)",Mégasport,{ "Address": "Rue de la Gravière, 68600 Biesheim, France", "Business Name": "Mégasport", "Geo Coordinates": { "Latitude": "48.0519147", "Longitude": "7.5200993" } },http://maps.google.com/?cid=352339825577696121,2021/05/06 04:17:41+00,2021/05/06 04:17:41+00
"POINT (6.917503 48.164286)",Manacha Kart,{ "Address": "2 Le Plafond, 88430 Gerbépal, France", "Business Name": "Manacha Kart", "Geo Coordinates": { "Latitude": "48.1642860", "Longitude": "6.9175030" } },http://maps.google.com/?cid=10617847159122172395,2021/05/06 04:17:11+00,2021/05/06 04:17:11+00
"POINT (7.329362 48.975338)",Circuit Karting et Auto Meisenthal,{ "Address": "Rue du Moulin, 57960 Meisenthal, France", "Business Name": "Circuit Karting et Auto Meisenthal", "Geo Coordinates": { "Latitude": "48.9753383", "Longitude": "7.3293624" } },http://maps.google.com/?cid=6758663264788059852,2021/05/06 04:16:05+00,2021/05/06 04:16:05+00
"POINT (6.080012 48.319782)",Free Kart 88,{ "Address": "240 Rue de Champagne, 88500 Juvaincourt, France", "Business Name": "Free Kart 88", "Geo Coordinates": { "Latitude": "48.3197822", "Longitude": "6.0800118" } },http://maps.google.com/?cid=5929533213146116403,2021/05/06 04:15:12+00,2021/05/06 04:15:12+00
"POINT (6.281414 48.379749)",Piste de karting/Ask Charmes,{ "Address": "Rue Sainte-Barbe, 88130 Charmes, France", "Business Name": "Piste de karting\/Ask Charmes", "Geo Coordinates": { "Latitude": "48.3797488", "Longitude": "6.2814140" } },http://maps.google.com/?cid=5053020507869728778,2021/05/06 04:14:42+00,2021/05/06 04:14:42+00
"POINT (5.867544 48.531236)",Kartingsudtoulois,{ "Address": "A Côté De, Colombey-les-Belles FR, 4 Pâquis de Naveroy, 54170 Barisey-au-Plain, France", "Business Name": "Kartingsudtoulois", "Geo Coordinates": { "Latitude": "48.5312355", "Longitude": "5.8675438" } },http://maps.google.com/?cid=5806646854836570578,2021/05/06 04:13:45+00,2021/05/06 04:13:45+00
"POINT (3.430268 50.327068)",DKS-Motors,{ "Address": "Route de Wavrechain, 59220 Rouvignies, France", "Business Name": "DKS-Motors", "Geo Coordinates": { "Latitude": "50.3270683", "Longitude": "3.4302678" } },http://maps.google.com/?cid=16443341550326475108,2021/05/06 04:11:18+00,2021/05/06 04:11:18+00
"POINT (4.57319 49.490391)",Karting d'Attigny
,{ "Geo Coordinates": { "Latitude": "49.4903910", "Longitude": "4.5731900" } },http://maps.google.com/?q=49.490390999999995,4.573189999999999,2021/05/06 04:09:51+00,2021/05/06 04:09:51+00
"POINT (4.590793 49.804982)",Karting de Lonny,{ "Address": "20 Rue de la Gare, 08150 Lonny, France", "Business Name": "Karting de Lonny", "Geo Coordinates": { "Latitude": "49.8049821", "Longitude": "4.5907932" } },http://maps.google.com/?cid=4113601357596626916,2021/05/06 04:07:25+00,2021/05/06 04:07:25+00
"POINT (4.094481 49.903213)",Karting hirson | Pit-bike factory,{ "Address": "02500 Hirson, France", "Business Name": "Karting hirson | Pit-bike factory", "Geo Coordinates": { "Latitude": "49.9032131", "Longitude": "4.0944810" } },http://maps.google.com/?cid=9086817089971481852,2021/05/06 04:06:50+00,2021/05/06 04:06:50+00
"POINT (3.29548 49.381499)",No Limit,{ "Address": "Avenue de Compiègne, 02200 Mercin-et-Vaux, France", "Business Name": "No Limit", "Country Code": "FR", "Geo Coordinates": { "Latitude": "49.3814990", "Longitude": "3.2954800" } },http://maps.google.com/?cid=12241350009116434757,2021/05/06 04:05:29+00,2021/05/06 04:05:29+00
"POINT (3.42546 49.37712)",CIRCUIT DE KARTING - MARAIKART,{ "Address": "Chemin du Voyeu, 02880 Bucy-le-Long, France", "Business Name": "CIRCUIT DE KARTING - MARAIKART", "Country Code": "FR", "Geo Coordinates": { "Latitude": "49.3771201", "Longitude": "3.4254599" } },http://maps.google.com/?cid=9506005697216135271,2021/05/06 04:03:41+00,2021/05/06 04:03:41+00
"POINT (1.828088 50.136538)",Stadium Automobile Abbeville - Baie de Somme,{ "Address": "Route D’hesdin, D928, 80100 Abbeville, France", "Business Name": "Stadium Automobile Abbeville - Baie de Somme", "Country Code": "FR", "Geo Coordinates": { "Latitude": "50.1365381", "Longitude": "1.8280884" } },http://maps.google.com/?cid=157070382278465917,2021/05/06 04:02:00+00,2021/05/06 04:02:00+00
"POINT (1.10765 49.901594)",49.901593999999996,1.10765,{ "Geo Coordinates": { "Latitude": "49.9015940", "Longitude": "1.1076500" } },http://maps.google.com/?q=49.901593999999996,1.10765,2021/05/06 03:59:32+00,2021/05/06 03:59:32+00
"POINT (0.903379 49.447678)",Circuit de Karting Lucien Lebret,{ "Address": "d'Ambourville, 1444 Chemin d'Ambourville, 76480 Anneville-Ambourville, France", "Business Name": "Circuit de Karting Lucien Lebret", "Geo Coordinates": { "Latitude": "49.4476776", "Longitude": "0.9033789" } },http://maps.google.com/?cid=8910675300915999123,2021/05/06 03:53:26+00,2021/05/06 03:53:26+00
"POINT (0.191856 49.273691)",Circuit Automobile E . I . A . Espace International Automobile,{ "Address": "RD 48 138 Route du lac, 14130 Pont-l'Évêque, France", "Business Name": "Circuit Automobile E . I . A . Espace International Automobile", "Geo Coordinates": { "Latitude": "49.2736912", "Longitude": "0.1918556" } },http://maps.google.com/?cid=12810044141505509137,2021/05/06 03:49:49+00,2021/05/06 03:49:49+00
"POINT (0.081168 49.326628)",Circuit de Deauville - Team Active,{ "Address": "Chemin du Moulin, 14800 Saint-Arnoult, France", "Business Name": "Circuit de Deauville - Team Active", "Geo Coordinates": { "Latitude": "49.3266284", "Longitude": "0.0811678" } },http://maps.google.com/?cid=6704804281675183916,2021/05/06 03:47:53+00,2021/05/06 03:47:53+00
"POINT (-1.139378 49.257119)",Montmartin Karting,{ "Address": "2 Route des Joncs, 50620 Carentan les Marais, France", "Business Name": "Montmartin Karting", "Geo Coordinates": { "Latitude": "49.2571188", "Longitude": "-1.1393775" } },http://maps.google.com/?cid=11827747049475553466,2021/05/06 03:46:09+00,2021/05/06 03:46:09+00
"POINT (-1.509112 49.20504)",CKLM,{ "Address": "Route de L Aérodrome, 50430 Lessay, France", "Business Name": "CKLM", "Geo Coordinates": { "Latitude": "49.2050399", "Longitude": "-1.5091118" } },http://maps.google.com/?cid=16425125472064867359,2021/05/06 03:44:57+00,2021/05/06 03:44:57+00
"POINT (0.272988 48.553768)",Ouest Karting,{ "Address": "Lieu dit la Haute Folie, 61500 Aunay-les-Bois, France", "Business Name": "Ouest Karting", "Geo Coordinates": { "Latitude": "48.5537681", "Longitude": "0.2729881" } },http://maps.google.com/?cid=6845539110245672237,2021/05/06 03:43:34+00,2021/05/06 03:43:34+00
"POINT (-0.502796 48.387568)",Karting du Nord Mayenne,{ "Address": "La Houdoulière, 53640 Montreuil-Poulay, France", "Business Name": "Karting du Nord Mayenne", "Geo Coordinates": { "Latitude": "48.3875681", "Longitude": "-0.5027958" } },http://maps.google.com/?cid=10821014942867360157,2021/05/06 03:42:44+00,2021/05/06 03:42:44+00
"POINT (-0.850066 48.111537)",Karting de Changé,{ "Address": "53810 Changé, France", "Business Name": "Karting de Changé", "Geo Coordinates": { "Latitude": "48.1115371", "Longitude": "-0.8500655" } },http://maps.google.com/?cid=6667317096095759202,2021/05/06 03:41:45+00,2021/05/06 03:41:45+00
"POINT (-1.283323 48.764904)",Karting / Paintball / Circuit Park,{ "Address": "Le Parc, 50870 Le Parc, France", "Business Name": "Karting \/ Paintball \/ Circuit Park", "Geo Coordinates": { "Latitude": "48.7649040", "Longitude": "-1.2833229" } },http://maps.google.com/?cid=4506981142622548286,2021/05/06 03:40:56+00,2021/05/06 03:40:56+00
"POINT (-2.946288 48.445685)",KERLABO KART,{ "Address": "Kerlabo, 22800 Cohiniac, France", "Business Name": "KERLABO KART", "Geo Coordinates": { "Latitude": "48.4456848", "Longitude": "-2.9462878" } },http://maps.google.com/?cid=9857358977112191545,2021/05/06 03:39:35+00,2021/05/06 03:39:35+00
"POINT (-4.689761 48.399559)",Karting Ploumoguer,{ "Address": "Villeneuve Stadium, 29810 Ploumoguer, France", "Business Name": "Karting Ploumoguer", "Geo Coordinates": { "Latitude": "48.3995590", "Longitude": "-4.6897606" } },http://maps.google.com/?cid=17574122751446146863,2021/05/06 03:38:28+00,2021/05/06 03:38:28+00
"POINT (-2.484212 47.932208)",LMJ Karting,{ "Address": "Circuit de la pyramide, lieu dit Brangoyan, 56800 Guillac, France", "Business Name": "LMJ Karting", "Geo Coordinates": { "Latitude": "47.9322082", "Longitude": "-2.4842125" } },http://maps.google.com/?cid=16091274597369149908,2021/05/06 03:37:41+00,2021/05/06 03:37:41+00
"POINT (-2.990551 47.96843)",Kart Center,{ "Address": "Zone Artisanale, Port Arthur, 56930, France", "Business Name": "Kart Center", "Geo Coordinates": { "Latitude": "47.9684295", "Longitude": "-2.9905512" } },http://maps.google.com/?cid=7299455459266350079,2021/05/06 03:36:54+00,2021/05/06 03:36:54+00
"POINT (-3.062526 47.668064)",Kart 56 - Karting Ploemel,{ "Address": "ZA, La Madeleine, 56400 Ploemel, France", "Business Name": "Kart 56 - Karting Ploemel", "Geo Coordinates": { "Latitude": "47.6680645", "Longitude": "-3.0625265" } },http://maps.google.com/?cid=11546110980582348067,2021/05/06 03:36:02+00,2021/05/06 03:36:02+00
"POINT (-1.899363 47.867723)",ASK Lohéac,{ "Address": "Les Clos d'Ahaut, 35550 Lohéac, France", "Business Name": "ASK Lohéac", "Geo Coordinates": { "Latitude": "47.8677230", "Longitude": "-1.8993630" } },http://maps.google.com/?cid=15536994435841235277,2021/05/06 03:34:57+00,2021/05/06 03:34:57+00
"POINT (1.181028 46.969494)",Pole Karting Service,{ "Address": "Champ du, Moulin du Breuil, 36700 Clion, France", "Business Name": "Pole Karting Service", "Geo Coordinates": { "Latitude": "46.9694938", "Longitude": "1.1810282" } },http://maps.google.com/?cid=13768035039121007073,2021/05/06 03:31:29+00,2021/05/06 03:31:29+00
"POINT (0.653727 47.199049)",Formule Kart,{ "Address": "Le Circuit de Touraine, 37260 Villeperdue, France", "Business Name": "Formule Kart", "Geo Coordinates": { "Latitude": "47.1990490", "Longitude": "0.6537270" } },http://maps.google.com/?cid=4842262143805154079,2021/05/06 03:29:12+00,2021/05/06 03:29:12+00
"POINT (0.071914 47.063458)",Franck Talon Competition,{ "Address": "lieux dit, La Boule d'Or, 86120 Bournand, France", "Business Name": "Franck Talon Competition", "Geo Coordinates": { "Latitude": "47.0634585", "Longitude": "0.0719144" } },http://maps.google.com/?cid=1510312105469839089,2021/05/06 03:27:24+00,2021/05/06 03:27:24+00
"POINT (-0.432956 47.007043)",PKS Loisirs - Circuit de Karting du Val d'Argenton,{ "Address": "La Folie, 79150 Le Breuil-sous-Argenton, France", "Business Name": "PKS Loisirs - Circuit de Karting du Val d'Argenton", "Geo Coordinates": { "Latitude": "47.0070431", "Longitude": "-0.4329564" } },http://maps.google.com/?cid=10216654333660674976,2021/05/06 03:26:30+00,2021/05/06 03:26:30+00
"POINT (-0.789179 46.438151)",Circuits de Vendée - Kart Center,{ "Address": "60 Rue de Chambouin, 85200 Fontenay-le-Comte, France", "Business Name": "Circuits de Vendée - Kart Center", "Geo Coordinates": { "Latitude": "46.4381511", "Longitude": "-0.7891787" } },http://maps.google.com/?cid=4485479012615783410,2021/05/06 03:25:04+00,2021/05/06 03:25:04+00
"POINT (-0.976543 47.05774)",Karting Cholet - MK Racing,{ "Address": "Circuit de, La Malmongere, 49280 Saint-Christophe-du-Bois, France", "Business Name": "Karting Cholet - MK Racing", "Geo Coordinates": { "Latitude": "47.0577400", "Longitude": "-0.9765430" } },http://maps.google.com/?cid=15934614193733439014,2021/05/06 03:24:00+00,2021/05/06 03:24:00+00
"POINT (-1.591602 46.947285)",Recreation Center Mechanical And Auto Corcoué-Sur-Logne, Lmc Recreation Mechanical De Corcoué,{ "Address": "Grissauland, Corcoué-sur-Logne, France", "Business Name": "Recreation Center Mechanical And Auto Corcoué-Sur-Logne, Lmc Recreation Mechanical De Corcoué", "Geo Coordinates": { "Latitude": "46.9472846", "Longitude": "-1.5916019" } },http://maps.google.com/?cid=6796768873599966437,2021/05/06 03:23:07+00,2021/05/06 03:23:07+00
"POINT (-1.429287 46.773059)",Circuit Philippe Alliot,{ "Address": "Les Prés Hauts, 85170 Bellevigny, France", "Business Name": "Circuit Philippe Alliot", "Geo Coordinates": { "Latitude": "46.7730590", "Longitude": "-1.4292870" } },http://maps.google.com/?cid=16862303428662699001,2021/05/06 03:22:35+00,2021/05/06 03:22:35+00
"POINT (-1.844617 46.699139)",Karting West Aventure,{ "Address": "Rue du Point du Jour, 85220 Saint-Révérend, France", "Business Name": "Karting West Aventure", "Geo Coordinates": { "Latitude": "46.6991386", "Longitude": "-1.8446172" } },http://maps.google.com/?cid=7841159867056742431,2021/05/06 03:21:57+00,2021/05/06 03:21:57+00
"POINT (-1.775185 46.577038)",Circuit Mecamax,{ "Address": "route de challans, les, gaches, 85340 L'Île-d'Olonne, France", "Business Name": "Circuit Mecamax", "Geo Coordinates": { "Latitude": "46.5770378", "Longitude": "-1.7751853" } },http://maps.google.com/?cid=1651000549634778806,2021/05/06 03:21:27+00,2021/05/06 03:21:27+00
"POINT (-1.682801 46.509396)",Atlantic Kart System,{ "Address": "Lieu dit Le Coudriou, 85180, France", "Business Name": "Atlantic Kart System", "Geo Coordinates": { "Latitude": "46.5093955", "Longitude": "-1.6828012" } },http://maps.google.com/?cid=2880320761602315185,2021/05/06 03:21:02+00,2021/05/06 03:21:02+00
"POINT (-0.508085 46.291553)",Speed ​​Karting Fun,{ "Address": "140 Route de la Rochelle, 79000 Bessines, France", "Business Name": "Speed ​​Karting Fun", "Geo Coordinates": { "Latitude": "46.2915534", "Longitude": "-0.5080847" } },http://maps.google.com/?cid=2563356776227061342,2021/05/06 03:20:08+00,2021/05/06 03:20:08+00
"POINT (1.929565 46.322409)",pole position,{ "Address": "Domaine de, Château de Mornay, 23220 Bonnat, France", "Business Name": "pole position", "Country Code": "FR", "Geo Coordinates": { "Latitude": "46.3224088", "Longitude": "1.9295652" } },http://maps.google.com/?cid=3840730765962948245,2021/05/06 03:17:54+00,2021/05/06 03:17:54+00
"POINT (-0.503397 45.949203)",Angely Passion Karting 17,{ "Address": "Pelouaille, 17400 Saint-Jean-d'Angély, France", "Business Name": "Angely Passion Karting 17", "Geo Coordinates": { "Latitude": "45.9492033", "Longitude": "-0.5033967" } },http://maps.google.com/?cid=17899261884852315535,2021/05/06 03:17:03+00,2021/05/06 03:17:03+00
"POINT (0.403126 45.7431)",Passion Karting 16,{ "Address": "direction Massignac, D13, 16110, France", "Business Name": "Passion Karting 16", "Geo Coordinates": { "Latitude": "45.7430995", "Longitude": "0.4031263" } },http://maps.google.com/?cid=11068505790482051993,2021/05/06 03:15:52+00,2021/05/06 03:15:52+00
"POINT (0.189643 45.690428)",ITEK-Karting,{ "Address": "Espace des Montagnes, 200 Impasse de la Volute, 16430 Champniers, France", "Business Name": "ITEK-Karting", "Geo Coordinates": { "Latitude": "45.6904282", "Longitude": "0.1896430" } },http://maps.google.com/?cid=8271021858189105829,2021/05/06 03:15:11+00,2021/05/06 03:15:11+00
"POINT (-0.616732 45.697941)",Karting De Saintes,{ "Address": "93 Rue des Coudrasses, 17100 Les Gonds, France", "Business Name": "Karting De Saintes", "Geo Coordinates": { "Latitude": "45.6979408", "Longitude": "-0.6167316" } },http://maps.google.com/?cid=12524101387231435024,2021/05/06 03:14:12+00,2021/05/06 03:14:12+00
"POINT (-1.160754 45.714276)",Al karting,{ "Address": "176 Route de la Fouasse, 17570 Les Mathes, France", "Business Name": "Al karting", "Country Code": "FR", "Geo Coordinates": { "Latitude": "45.7142756", "Longitude": "-1.1607544" } },http://maps.google.com/?cid=12485997695386467668,2021/05/06 02:06:24+00,2021/05/06 02:06:24+00
"POINT (-0.996186 45.633211)",Karting de Royan,{ "Address": "13 Rue d'Arsonval, 17200 Royan, France", "Business Name": "Karting de Royan", "Geo Coordinates": { "Latitude": "45.6332108", "Longitude": "-0.9961863" } },http://maps.google.com/?cid=6977280167759947274,2021/05/06 02:04:12+00,2021/05/06 02:04:12+00
"POINT (-0.560985 45.488453)",Circuit KART EXTREM,{ "Address": "ZA Terres Du Poteau les Souches, 17240 Saint-Genis-de-Saintonge, France", "Business Name": "Circuit KART EXTREM", "Geo Coordinates": { "Latitude": "45.4884529", "Longitude": "-0.5609850" } },http://maps.google.com/?cid=14593819840853419166,2021/05/06 02:03:30+00,2021/05/06 02:03:30+00
"POINT (-0.096741 45.240234)",WATT RACING KART,{ "Address": "LA GRAND FONT, 17360 La Genétouze, France", "Business Name": "WATT RACING KART", "Geo Coordinates": { "Latitude": "45.2402340", "Longitude": "-0.0967410" } },http://maps.google.com/?cid=10902291530500377893,2021/05/06 02:02:19+00,2021/05/06 02:02:19+00
"POINT (-0.569424 45.225836)",A.S Karting d'Etauliers,{ "Address": "La plaine des sports, 33820 Étauliers, France", "Business Name": "A.S Karting d'Etauliers", "Country Code": "FR", "Geo Coordinates": { "Latitude": "45.2258365", "Longitude": "-0.5694235" } },http://maps.google.com/?cid=17342491984641247147,2021/05/06 02:00:48+00,2021/05/06 02:00:48+00
"POINT (0.832105 45.08742)",GARDEN KARTING,{ "Address": "Les Martinies N, 24330 La Douze, France", "Business Name": "GARDEN KARTING", "Geo Coordinates": { "Latitude": "45.0874196", "Longitude": "0.8321050" } },http://maps.google.com/?cid=7058803779197914753,2021/05/06 02:00:02+00,2021/05/06 02:00:02+00
"POINT (0.451982 44.832688)",Bergerac Karting,{ "Address": "14 Route du Lac, 24100 Saint-Laurent-des-Vignes, France", "Business Name": "Bergerac Karting", "Geo Coordinates": { "Latitude": "44.8326885", "Longitude": "0.4519820" } },http://maps.google.com/?cid=285479732557383627,2021/05/06 01:59:20+00,2021/05/06 01:59:20+00
"POINT (-0.928432 44.655216)",KARTING TOPGUN EVASION,{ "Address": "310 Avenue de la Côté d'Argent, 33380 Biganos, France", "Business Name": "KARTING TOPGUN EVASION", "Geo Coordinates": { "Latitude": "44.6552162", "Longitude": "-0.9284325" } },http://maps.google.com/?cid=12556069423114423135,2021/05/06 01:58:26+00,2021/05/06 01:58:26+00
"POINT (-1.081871 44.409908)",Kart Center Biscarrosse,{ "Address": "Chemin d'En Hill Route de NARP, 40600 Biscarrosse, France", "Business Name": "Kart Center Biscarrosse", "Country Code": "FR", "Geo Coordinates": { "Latitude": "44.4099082", "Longitude": "-1.0818709" } },http://maps.google.com/?cid=16845485498793028765,2021/05/06 01:57:46+00,2021/05/06 01:57:46+00
"POINT (-1.423952 43.630134)",Karting Gaillou,{ "Address": "2 Boulevard des Cigales, 40130 Capbreton, France", "Business Name": "Karting Gaillou", "Geo Coordinates": { "Latitude": "43.6301344", "Longitude": "-1.4239518" } },http://maps.google.com/?cid=4769680084273111520,2021/05/06 01:55:20+00,2021/05/06 01:55:20+00
"POINT (0.652156 44.107033)",Kartagen Circuit Layrac,{ "Address": "RN 21 - Ramonde, 47390 Layrac, France", "Business Name": "Kartagen Circuit Layrac", "Geo Coordinates": { "Latitude": "44.1070327", "Longitude": "0.6521561" } },http://maps.google.com/?cid=5704758240661191696,2021/05/06 01:53:06+00,2021/05/06 01:53:06+00
"POINT (0.727665 44.105492)",Karting Caudecoste INDOOR & OUTDOOR,{ "Address": "Lieu dit Peyroche, Route d'Astaffort, 47220 Caudecoste, France", "Business Name": "Karting Caudecoste INDOOR & OUTDOOR", "Geo Coordinates": { "Latitude": "44.1054920", "Longitude": "0.7276650" } },http://maps.google.com/?cid=518066231412869590,2021/05/06 01:52:30+00,2021/05/06 01:52:30+00
"POINT (1.021304 45.690684)",Karting Circuit des Renardières,{ "Address": "Le Puy - Pageas, 87230 Chalus, France", "Business Name": "Karting Circuit des Renardières", "Geo Coordinates": { "Latitude": "45.6906844", "Longitude": "1.0213037" } },http://maps.google.com/?cid=1811853750650438098,2021/05/06 01:50:52+00,2021/05/06 01:50:52+00
"POINT (1.452082 45.45517)",Jcs Karting,{ "Address": "Les Grandes Landes, 19210 Lubersac, France", "Business Name": "Jcs Karting", "Geo Coordinates": { "Latitude": "45.4551696", "Longitude": "1.4520822" } },http://maps.google.com/?cid=18218436908660467627,2021/05/06 01:49:57+00,2021/05/06 01:49:57+00
"POINT (2.061076 45.396349)",Égletons, 19300, France,{ "Geo Coordinates": { "Latitude": "45.3963488", "Longitude": "2.0610762" } },http://maps.google.com/?q=19300+%C3%89gletons,+France&amp;ftid=0x47f845ab9ba1c97d:0x670c173ec73f0702,2021/05/06 01:48:22+00,2021/05/06 01:48:22+00
"POINT (4.559932 45.857273)",Karting Evasion - Karting Lyon,{ "Address": "Chemin de la Plagne, 69210 Bully, France", "Business Name": "Karting Evasion - Karting Lyon", "Geo Coordinates": { "Latitude": "45.8572731", "Longitude": "4.5599322" } },http://maps.google.com/?cid=3457385946932675979,2021/05/06 01:43:05+00,2021/05/06 01:43:05+00
"POINT (5.332354 46.04266)",Karting Circuit Pondinois More,{ "Address": "Circuit Pondinois, 01160 Pont-d'Ain, France", "Business Name": "Karting Circuit Pondinois More", "Geo Coordinates": { "Latitude": "46.0426600", "Longitude": "5.3323541" } },http://maps.google.com/?cid=3211959392932392670,2021/05/06 01:41:49+00,2021/05/06 01:41:49+00
"POINT (5.322725 45.988106)",Karting du Bugey,{ "Address": "En Belle Lièvre, 01500 Château-Gaillard, France", "Business Name": "Karting du Bugey", "Geo Coordinates": { "Latitude": "45.9881060", "Longitude": "5.3227250" } },http://maps.google.com/?cid=13676712746846495154,2021/05/06 01:40:14+00,2021/05/06 01:40:14+00
"POINT (4.231367 45.543624)",Performances Drive,{ "Address": "Route de Chirraux, 42160 Saint-Cyprien, France", "Business Name": "Performances Drive", "Geo Coordinates": { "Latitude": "45.5436245", "Longitude": "4.2313671" } },http://maps.google.com/?cid=1932283100370865317,2021/05/06 01:36:38+00,2021/05/06 01:36:38+00
"POINT (6.319938 46.134958)",M.K. Circuit,{ "Address": "2930 Route de l'Arve, 74930 Scientrier, France", "Business Name": "M.K. Circuit", "Geo Coordinates": { "Latitude": "46.1349583", "Longitude": "6.3199382" } },http://maps.google.com/?cid=7317357596880460003,2021/05/06 01:34:53+00,2021/05/06 01:34:53+00
"POINT (4.7116 44.553525)",Mistral Karting Montélimar,{ "Address": "Route du Teil, 26200 Montélimar, France", "Business Name": "Mistral Karting Montélimar", "Geo Coordinates": { "Latitude": "44.5535250", "Longitude": "4.7116000" } },http://maps.google.com/?cid=3712433459265329645,2021/05/06 01:31:51+00,2021/05/06 01:31:51+00
"POINT (6.594244 44.388224)",Circuit de barcelonnette,{ "Address": "Saint-Pons, 04400 Saint-Pons, France", "Business Name": "Circuit de barcelonnette", "Geo Coordinates": { "Latitude": "44.3882235", "Longitude": "6.5942444" } },http://maps.google.com/?cid=11559642291044762772,2021/05/06 01:30:18+00,2021/05/06 01:30:18+00
"POINT (6.142741 43.088844)",Speedkart,{ "Address": "1714 Avenue de l'Aéroport, 83400 Hyères, France", "Business Name": "Speedkart", "Geo Coordinates": { "Latitude": "43.0888444", "Longitude": "6.1427408" } },http://maps.google.com/?cid=5836669317537088266,2021/05/05 20:07:52+00,2021/05/05 20:07:52+00
"POINT (5.003457 43.653988)",Circuit Mistral Kart'One S C Motorsport Dévelopment,{ "Address": "Route Départementale 569, 13430, Eyguières, France", "Business Name": "Circuit Mistral Kart'One S C Motorsport Dévelopment", "Geo Coordinates": { "Latitude": "43.6539880", "Longitude": "5.0034570" } },http://maps.google.com/?cid=388895110596013916,2021/05/05 20:03:30+00,2021/05/05 20:03:30+00
"POINT (3.007801 44.147461)",Parc de loisirs des Bouscaillous,{ "Address": "millau, France, 12100 Millau, France", "Business Name": "Parc de loisirs des Bouscaillous", "Geo Coordinates": { "Latitude": "44.1474609", "Longitude": "3.0078012" } },http://maps.google.com/?cid=12683348377045359673,2021/05/05 20:01:52+00,2021/05/05 20:01:52+00
"POINT (3.183039 43.540243)",Circuit de karting de Caussiniojouls,{ "Address": "3 Les Barraques d'Amans, 34600 Faugères, France", "Business Name": "Circuit de karting de Caussiniojouls", "Country Code": "FR", "Geo Coordinates": { "Latitude": "43.5402426", "Longitude": "3.1830392" } },http://maps.google.com/?cid=5680856665232076581,2021/05/05 19:57:19+00,2021/05/05 19:57:19+00
"POINT (3.545468 43.321533)",Marseillan Karting,{ "Address": "Chemin de la Colline du Prieur, 34340 Marseillan, France", "Business Name": "Marseillan Karting", "Geo Coordinates": { "Latitude": "43.3215332", "Longitude": "3.5454683" } },http://maps.google.com/?cid=18344737756518969788,2021/05/05 19:55:40+00,2021/05/05 19:55:40+00
"POINT (3.456416 43.303066)",Karting Number One,{ "Address": "Route de la Tamarissière, 34300 Agde, France", "Business Name": "Karting Number One", "Geo Coordinates": { "Latitude": "43.3030660", "Longitude": "3.4564160" } },http://maps.google.com/?cid=12054670700493250458,2021/05/05 19:54:21+00,2021/05/05 19:54:21+00
"POINT (3.412875 43.300849)",CIRCUIT KARTING MEGAKART,{ "Address": "Voie Communale du Tricot et des Tots, 34450 Vias, France", "Business Name": "CIRCUIT KARTING MEGAKART", "Geo Coordinates": { "Latitude": "43.3008489", "Longitude": "3.4128748" } },http://maps.google.com/?cid=5295414271609896733,2021/05/05 19:53:40+00,2021/05/05 19:53:40+00
"POINT (3.273679 43.253686)",Sun Karting,{ "Address": "Le Devois, 34410 Sérignan, France", "Business Name": "Sun Karting", "Geo Coordinates": { "Latitude": "43.2536864", "Longitude": "3.2736791" } },http://maps.google.com/?cid=1294177666085325113,2021/05/05 19:52:17+00,2021/05/05 19:52:17+00
"POINT (2.301602 43.218948)",Win Kart,{ "Address": "Route de Bram, 11000 Carcassonne, France", "Business Name": "Win Kart", "Geo Coordinates": { "Latitude": "43.2189483", "Longitude": "2.3016023" } },http://maps.google.com/?cid=4636247648683445687,2021/05/05 19:36:31+00,2021/05/05 19:36:31+00
"POINT (-3.245419 40.629532)",Karting Cabanillas,{ "Address": "CM-1007, Km 4, 5, 19171 Cabanillas del Campo, Guadalajara, Spain", "Business Name": "Karting Cabanillas", "Geo Coordinates": { "Latitude": "40.6295318", "Longitude": "-3.2454190" } },http://maps.google.com/?cid=2263064944370453678,2021/05/05 19:28:10+00,2021/05/05 19:28:10+00
"POINT (-4.139187 43.340247)",Karting LaRoca,{ "Address": "Carretera del Burco, s\/n, 39590 Reocín, Cantabria, Spain", "Business Name": "Karting LaRoca", "Geo Coordinates": { "Latitude": "43.3402466", "Longitude": "-4.1391866" } },http://maps.google.com/?cid=3412706714164270502,2021/05/05 19:26:02+00,2021/05/05 19:26:02+00
"POINT (2.760616 41.844642)",Multipistes Circuit De Sils,{ "Address": "N-II, 17410 Sils, Girona, Spain", "Business Name": "Multipistes Circuit De Sils", "Country Code": "ES", "Geo Coordinates": { "Latitude": "41.8446419", "Longitude": "2.7606165" } },http://maps.google.com/?cid=3957714160473830882,2021/05/05 19:23:16+00,2021/05/05 19:23:16+00
"POINT (0.78741 41.563443)",ZONA KARTING,{ "Address": "N-240, 9, 25141 Juneda, Lleida, Spain", "Business Name": "ZONA KARTING", "Geo Coordinates": { "Latitude": "41.5634430", "Longitude": "0.7874100" } },http://maps.google.com/?cid=6203533488957932568,2021/05/05 19:19:56+00,2021/05/05 19:19:56+00
"POINT (0.840035 40.93221)",Circuit de Calafat,{ "Address": "Urb. Calafat, Circuit, 43860 Calafat, Tarragona, Spain", "Business Name": "Circuit de Calafat", "Country Code": "ES", "Geo Coordinates": { "Latitude": "40.9322105", "Longitude": "0.8400347" } },http://maps.google.com/?cid=15428546216594796423,2021/05/05 19:18:44+00,2021/05/05 19:18:44+00
"POINT (-1.437499 39.20803)",Karts Alcalá del Júcar,{ "Address": "Carretera Casas Ibáñez, s\/n, 02210 Las Eras, Albacete, Spain", "Business Name": "Karts Alcalá del Júcar", "Geo Coordinates": { "Latitude": "39.2080305", "Longitude": "-1.4374991" } },http://maps.google.com/?cid=16194252493535587704,2021/05/05 19:15:14+00,2021/05/05 19:15:14+00
"POINT (-0.892019 38.631157)",Circuito Gasss74 Karting,{ "Address": "Ctra. Yecla, 03400 Villena, Alicante, Spain", "Business Name": "Circuito Gasss74 Karting", "Geo Coordinates": { "Latitude": "38.6311569", "Longitude": "-0.8920186" } },http://maps.google.com/?cid=18218140737715090189,2021/05/05 19:13:53+00,2021/05/05 19:13:53+00
"POINT (-0.189546 38.541001)",Go Karting Finestrat 🏎,{ "Address": "Partida la Foia, 03509 Finestrat, Alicante, Spain", "Business Name": "Go Karting Finestrat 🏎", "Geo Coordinates": { "Latitude": "38.5410011", "Longitude": "-0.1895463" } },http://maps.google.com/?cid=5115009308582367686,2021/05/05 19:10:19+00,2021/05/05 19:10:19+00
"POINT (-3.65529 37.175049)",Karting Granada,{ "Address": "Pasaje de San José, por, carretera 3305, km2, 18102 Purchil, Granada, Spain", "Business Name": "Karting Granada", "Country Code": "ES", "Geo Coordinates": { "Latitude": "37.1750488", "Longitude": "-3.6552898" } },http://maps.google.com/?cid=5970391326053470457,2021/05/05 18:50:50+00,2021/05/05 18:50:50+00
"POINT (-7.132069 37.26149)",Karting Cartaya y Paintball,{ "Address": "Carretera de Cartaya, Km 2, 4, 21450 Cartaya, Huelva, Spain", "Business Name": "Karting Cartaya y Paintball", "Geo Coordinates": { "Latitude": "37.2614898", "Longitude": "-7.1320686" } },http://maps.google.com/?cid=8856251625651060332,2021/05/05 18:43:29+00,2021/05/05 18:43:29+00
"POINT (-8.792082 38.044381)",SAKI - Santo Andre Karting International,{ "Address": "Zona Industrial Ligeira, Lote 1, 7500-062, Portugal", "Business Name": "SAKI - Santo Andre Karting International", "Geo Coordinates": { "Latitude": "38.0443810", "Longitude": "-8.7920820" } },http://maps.google.com/?cid=6262037807100638234,2021/05/05 18:39:46+00,2021/05/05 18:39:46+00
"POINT (-7.982064 38.57262)",Karting Evora,{ "Address": "7000-019 Nossa Sra. de Guadalupe, Portugal", "Business Name": "Karting Evora", "Geo Coordinates": { "Latitude": "38.5726203", "Longitude": "-7.9820642" } },http://maps.google.com/?cid=17666931876416738640,2021/05/05 18:37:15+00,2021/05/05 18:37:15+00
"POINT (-8.184215 39.444354)",Kartódromo de Abrantes,{ "Address": "R. Frei José Neto, 2205-076 Abrantes, Portugal", "Business Name": "Kartódromo de Abrantes", "Geo Coordinates": { "Latitude": "39.4443539", "Longitude": "-8.1842148" } },http://maps.google.com/?cid=4695454335609316184,2021/05/05 18:35:31+00,2021/05/05 18:35:31+00
"POINT (-7.722853 41.275558)",Kartódromo Vila Real,{ "Address": "Aeródromo Oeste, 5000-102 Vila Real, Portugal", "Business Name": "Kartódromo Vila Real", "Geo Coordinates": { "Latitude": "41.2755584", "Longitude": "-7.7228527" } },http://maps.google.com/?cid=17634550496654754791,2021/05/05 16:43:46+00,2021/05/05 16:43:46+00
"POINT (-7.46121 41.720987)",Kartodromo de Chaves,{ "Address": "R. Aeródromo, Vilar de Nantes, Portugal", "Business Name": "Kartodromo de Chaves", "Geo Coordinates": { "Latitude": "41.7209872", "Longitude": "-7.4612105" } },http://maps.google.com/?cid=15881131168870562447,2021/05/05 16:43:11+00,2021/05/05 16:43:11+00
"POINT (-8.214393 41.424416)",Kartódromo de Fafe,{ "Address": "Rua de Cancela nº444, Cepães - Fafe, 4820-020 Fafe, Portugal", "Business Name": "Kartódromo de Fafe", "Geo Coordinates": { "Latitude": "41.4244160", "Longitude": "-8.2143930" } },http://maps.google.com/?cid=10636286225852727658,2021/05/05 16:42:17+00,2021/05/05 16:42:17+00
"POINT (-5.133948 42.761748)",KARTING VIDANES (EL PINAR),{ "Address": "s\/n 24940, Calle Nueva, 24950 Vidanes, León, Spain", "Business Name": "KARTING VIDANES (EL PINAR)", "Geo Coordinates": { "Latitude": "42.7617475", "Longitude": "-5.1339482" } },http://maps.google.com/?cid=6294939923959893611,2021/05/05 16:39:48+00,2021/05/05 16:39:48+00
"POINT (-7.554567 43.107444)",Karting San Lazaro,{ "Address": "27153 Outeiro de Rei, Lugo, Spain", "Business Name": "Karting San Lazaro", "Country Code": "ES", "Geo Coordinates": { "Latitude": "43.1074441", "Longitude": "-7.5545674" } },http://maps.google.com/?cid=29262991920521697,2021/05/05 15:58:22+00,2021/05/05 15:58:22+00
"POINT (-7.857481 43.461837)",Circuito As Pontes García Rodríguez,{ "Address": "Rúa Punto Limpo Cemiterio, 15320, A Coruña, Spain", "Business Name": "Circuito As Pontes García Rodríguez", "Country Code": "ES", "Geo Coordinates": { "Latitude": "43.4618368", "Longitude": "-7.8574810" } },http://maps.google.com/?cid=17704936339585621979,2021/05/05 15:53:43+00,2021/05/05 15:53:43+00
"POINT (-82.606316 23.037614)",Pista de Karting,{ "Address": "Carr Panamericana, Cuba", "Business Name": "Pista de Karting", "Country Code": "CU", "Geo Coordinates": { "Latitude": "23.0376141", "Longitude": "-82.6063155" } },http://maps.google.com/?cid=12673055060655306164,2021/05/05 15:50:08+00,2021/05/05 15:50:08+00
"POINT (-6.603838 42.624912)",Karting Cabañas Raras,{ "Address": "Industrial, 0, 24412 Cabañas Raras, León, Spain", "Business Name": "Karting Cabañas Raras", "Geo Coordinates": { "Latitude": "42.6249125", "Longitude": "-6.6038380" } },http://maps.google.com/?cid=9465955487816489233,2021/05/05 15:44:18+00,2021/05/05 15:44:18+00
"POINT (138.577297 -34.74203)",-34.742030,138.577297,{ "Geo Coordinates": { "Latitude": "-34.7420296", "Longitude": "138.5772967" } },http://maps.google.com/?q=-34.742030,138.577297,2019/09/22 23:52:15+00,2021/02/05 08:36:59+00
"POINT (-97.641955 30.131759)",COTA Karting,{ "Address": "9201 Circuit of the Americas Blvd, Del Valle, TX 78617, United States", "Business Name": "COTA Karting", "Geo Coordinates": { "Latitude": "30.1317592", "Longitude": "-97.6419548" } },http://maps.google.com/?cid=9142562028806908983,2021/01/10 02:40:32+00,2021/01/10 02:40:32+00
"POINT (101.576685 3.025103)",Speedway PLUS Karting Circuit,{ "Address": "Elite Plus Highway, USJ Subang Jaya, Selangor, 46000 Subang Jaya, Malaysia", "Business Name": "Speedway PLUS Karting Circuit", "Country Code": "MY", "Geo Coordinates": { "Latitude": "3.0251033", "Longitude": "101.5766853" } },http://maps.google.com/?cid=6332554347965649677,2021/01/07 14:15:46+00,2021/01/07 14:15:46+00
"POINT (-80.599451 43.480902)",Erbsville Kartway,{ "Address": "675 Conservation Dr, Waterloo, ON N2J 3Z4, Canada", "Business Name": "Erbsville Kartway", "Geo Coordinates": { "Latitude": "43.4809016", "Longitude": "-80.5994514" } },http://maps.google.com/?cid=4824593800302903463,2021/01/07 14:06:46+00,2021/01/07 14:06:46+00
"POINT (-119.520253 49.159436)",Kartplex,{ "Address": "Nk'Mip Rd, Oliver, BC V0H 1T0, Canada", "Business Name": "KARTPLEX Racing", "Geo Coordinates": { "Latitude": "49.1594359", "Longitude": "-119.5202530" } },http://maps.google.com/?cid=11220372309943757236,2020/12/29 18:32:48+00,2020/12/29 18:32:48+00
"POINT (54.606403 24.47628)",Yas Kartzone,{ "Address": "Yas Marina Circuit - Yas IslandYas West - Abu Dhabi - United Arab Emirates", "Business Name": "Yas Kartzone", "Geo Coordinates": { "Latitude": "24.4762803", "Longitude": "54.6064030" } },http://maps.google.com/?cid=2559527447967204276,2020/11/19 15:05:03+00,2020/11/19 15:05:03+00
"POINT (142.245159 -36.668293)",-36.668293,142.245159,{ "Geo Coordinates": { "Latitude": "-36.6682929", "Longitude": "142.2451591" } },http://maps.google.com/?q=-36.668293,142.245159,2018/02/04 07:35:54+00,2020/10/19 09:45:40+00
"POINT (2.485028 48.959432)",KARTING 93,{ "Address": "27 Boulevard André Citroën, 93600 Aulnay-sous-Bois, France", "Business Name": "KARTING 93", "Geo Coordinates": { "Latitude": "48.9594318", "Longitude": "2.4850279" } },http://maps.google.com/?cid=12380094211750615592,2020/09/24 00:25:56+00,2020/09/24 00:25:56+00
"POINT (101.007952 12.921822)",Bira Circuit,{ "Address": "Pong, Bang Lamung District, Chon Buri 20150, Thailand", "Business Name": "Bira Circuit", "Country Code": "TH", "Geo Coordinates": { "Latitude": "12.9218222", "Longitude": "101.0079521" } },http://maps.google.com/?cid=6678912618139742113,2020/09/14 01:24:20+00,2020/09/14 01:24:20+00
"POINT (130.97351 33.039077)",Autopolis International Racing Course,{ "Address": "１１１２-8 Kamitsuemachi Kaminoda, Hita, Oita 877-0312, Japan", "Business Name": "Autopolis International Racing Course", "Country Code": "JP", "Geo Coordinates": { "Latitude": "33.0390770", "Longitude": "130.9735100" } },http://maps.google.com/?cid=10211264615396253490,2020/09/14 01:21:31+00,2020/09/14 01:21:31+00
"POINT (15.59986 51.939159)",WallraV Race Center,{ "Address": "Tor WallraV Race Center, Zatorze 1, 65-001 Stary Kisielin, Poland", "Business Name": "WallraV Race Center", "Geo Coordinates": { "Latitude": "51.9391593", "Longitude": "15.5998601" } },http://maps.google.com/?cid=18031003237535204854,2020/09/07 12:56:11+00,2020/09/07 12:56:11+00
"POINT (19.249607 47.580814)",Hungaroring GoKart Center - Outdoor Karting Track,{ "Address": "Mogyoród, Hungaroring utca 10, 2146 Hungary", "Business Name": "Hungaroring GoKart Center - Outdoor Karting Track", "Geo Coordinates": { "Latitude": "47.5808140", "Longitude": "19.2496070" } },http://maps.google.com/?cid=15244074665898928766,2020/07/17 10:03:15+00,2020/07/17 10:03:15+00
"POINT (11.374768 43.999534)",Mugellino Circuit • Gokart,{ "Address": "Senni-San Carlo, 15, 50038 Scarperia e San Piero FI, Italy", "Business Name": "Mugellino Circuit", "Geo Coordinates": { "Latitude": "43.9995336", "Longitude": "11.3747683" } },http://maps.google.com/?cid=7039076639552304879,2020/07/10 10:44:40+00,2020/07/10 10:44:40+00
"POINT (-84.616341 39.656864)",G & J Kartway,{ "Address": "1619 Barnets Mill Rd, Camden, OH 45311, United States", "Business Name": "G & J Kartway", "Country Code": "US", "Geo Coordinates": { "Latitude": "39.6568641", "Longitude": "-84.6163406" } },http://maps.google.com/?cid=5433662460035572381,2020/07/01 03:46:12+00,2020/07/01 03:46:12+00
"POINT (-2.166812 42.558087)",Circuito de Navarra.,{ "Address": "Calle Malvasia 5, 31210 Los Arcos, Navarra, Spain", "Business Name": "Circuito de Navarra.", "Country Code": "ES", "Geo Coordinates": { "Latitude": "42.5580870", "Longitude": "-2.1668118" } },http://maps.google.com/?cid=7156692567583931142,2020/06/15 15:53:29+00,2020/06/15 15:53:29+00
"POINT (-0.188684 41.07508)",RACINGBOX EXPERIENCE,{ "Address": "Edificio circuito de Karting. Crtra, TE-V-7033, km 1, 44600 Alcañiz, Teruel, Spain", "Business Name": "RACING BOX EXPERIENCE", "Geo Coordinates": { "Latitude": "41.0750802", "Longitude": "-0.1886845" } },http://maps.google.com/?cid=15211379576616389447,2020/06/15 15:46:47+00,2020/06/15 15:46:47+00
"POINT (-1.793866 39.006615)",Albacete circuit,{ "Address": "Carretera Ayora, Km. 3,7, 02006 Albacete, Spain", "Business Name": "Albacete circuit", "Country Code": "ES", "Geo Coordinates": { "Latitude": "39.0066153", "Longitude": "-1.7938665" } },http://maps.google.com/?cid=9461475526104019086,2020/06/15 15:41:45+00,2020/06/15 15:41:45+00
"POINT (-6.03374 36.709385)",Circuito de Jerez,{ "Address": "Carretera de Arcos-Jerez de la Frontera, Km 10, 11405 Jerez de la Frontera, Cádiz, Spain", "Business Name": "Circuito de Jerez", "Country Code": "ES", "Geo Coordinates": { "Latitude": "36.7093850", "Longitude": "-6.0337400" } },http://maps.google.com/?cid=7754765622448015983,2020/06/15 15:05:51+00,2020/06/15 15:05:51+00
"POINT (-75.478509 5.032383)",Felipe Rojas speed track,{ "Address": "Vía Panamericana, Manizales, Caldas, Colombia", "Business Name": "Felipe Rojas speed track", "Country Code": "CO", "Geo Coordinates": { "Latitude": "5.0323831", "Longitude": "-75.4785088" } },http://maps.google.com/?cid=11585196566738471843,2020/06/11 00:40:17+00,2020/06/11 00:40:17+00
"POINT (-74.614259 41.474235)",OVRP - Oakland Valley Race Park,{ "Address": "305 Oakland Valley Rd, Cuddebackville, NY 12729, United States", "Business Name": "OVRP - Oakland Valley Race Park", "Geo Coordinates": { "Latitude": "41.4742348", "Longitude": "-74.6142592" } },http://maps.google.com/?cid=9740594717461568511,2020/03/31 23:25:41+00,2020/03/31 23:25:41+00
"POINT (-58.150254 6.819223)",GT Motorsports,{ "Address": "Albert Street and, Georgetown, Guyana", "Business Name": "GT Motorsports", "Geo Coordinates": { "Latitude": "6.8192230", "Longitude": "-58.1502542" } },http://maps.google.com/?cid=10526342070747939549,2020/03/05 09:39:57+00,2020/03/05 09:39:57+00
"POINT (-67.918444 10.259143)",Karting Cross Valencia,{ "Address": "Autopista Bárbula - Guacara, Guacara 2015, Carabobo, Venezuela", "Business Name": "Karting Cross Valencia", "Country Code": "VE", "Geo Coordinates": { "Latitude": "10.2591427", "Longitude": "-67.9184437" } },http://maps.google.com/?cid=8993856644830357263,2020/03/05 09:37:48+00,2020/03/05 09:37:48+00
"POINT (-67.565266 10.238909)",International Kartódromo of San Jacinto,{ "Address": "Maracay 2101, Aragua, Venezuela", "Business Name": "International Kartódromo of San Jacinto", "Geo Coordinates": { "Latitude": "10.2389089", "Longitude": "-67.5652657" } },http://maps.google.com/?cid=3996527918082820233,2017/07/28 09:00:32+00,2020/03/05 09:36:26+00
"POINT (-66.878739 10.425953)",La Limonera Gokarts,{ "Address": "sector, Carr. Baruta - El Placer, Caracas 1081, Distrito Capital, Venezuela", "Business Name": "La Limonera Gokarts", "Country Code": "VE", "Geo Coordinates": { "Latitude": "10.4259528", "Longitude": "-66.8787393" } },http://maps.google.com/?cid=8477808713687415754,2017/07/28 09:01:23+00,2020/03/05 09:35:10+00
"POINT (-100.329788 20.58575)",Autodromo of Queretaro,{ "Address": "Carretera Antiguo Camino a México Km 1.900, Cumbres del, Conin 76243, 76240 Qro., Mexico", "Business Name": "Autódromo de Quéretaro", "Country Code": "MX", "Geo Coordinates": { "Latitude": "20.5857505", "Longitude": "-100.3297882" } },http://maps.google.com/?cid=8731749584458047124,2020/03/01 07:33:01+00,2020/03/01 07:33:01+00
"POINT (4.859059 44.985916)",Driv'Kart - Location karting,{ "Address": "Circuit de Karting, Route de Valence, 26600 La Roche-de-Glun, France", "Business Name": "Driv'Kart - Location karting", "Geo Coordinates": { "Latitude": "44.9859161", "Longitude": "4.8590593" } },http://maps.google.com/?cid=2727388583790861185,2020/02/20 16:49:19+00,2020/02/20 16:49:19+00
"POINT (4.855867 44.984847)",Karting Roche de Glun,{ "Address": "La, Route de Valence, 26600 La Roche-de-Glun, France", "Business Name": "Karting Roche de Glun", "Country Code": "FR", "Geo Coordinates": { "Latitude": "44.9848473", "Longitude": "4.8558666" } },http://maps.google.com/?cid=7931876005598307816,2020/02/20 16:49:01+00,2020/02/20 16:49:01+00
"POINT (29.317993 40.857684)",40.857684,29.317993,{ "Geo Coordinates": { "Latitude": "40.8576837", "Longitude": "29.3179929" } },http://maps.google.com/?q=40.857684,29.317993,2019/05/10 00:29:10+00,2020/01/29 07:22:48+00
"POINT (-0.528014 43.446942)",European Pau Arnos circuit,{ "Address": "1 camin deu circuit, 64370 Arnos, France", "Business Name": "European Pau Arnos circuit", "Country Code": "FR", "Geo Coordinates": { "Latitude": "43.4469415", "Longitude": "-0.5280138" } },http://maps.google.com/?cid=16934805023160599207,2020/01/16 17:48:38+00,2020/01/16 17:48:38+00
"POINT (-49.006031 -22.415796)",-22.415796,-49.006031,{ "Geo Coordinates": { "Latitude": "-22.4157963", "Longitude": "-49.0060309" } },http://maps.google.com/?q=-22.415796,-49.006031,2018/01/27 13:52:05+00,2020/01/08 07:09:56+00
"POINT (-80.347621 40.850287)",Pittsburgh International Race Complex,{ "Address": "201 Penndale Road, Wampum, PA 16157, United States", "Business Name": "Pittsburgh International Race Complex", "Country Code": "US", "Geo Coordinates": { "Latitude": "40.8502866", "Longitude": "-80.3476208" } },http://maps.google.com/?cid=8681233997619769409,2016/11/08 15:44:39+00,2019/12/05 07:07:13+00
"POINT (-80.34504 40.849694)",Pitt Race Karting,{ "Address": "201 Penndale Ave, Wampum, PA 16157, United States", "Business Name": "Pitt Race Karting", "Geo Coordinates": { "Latitude": "40.8496941", "Longitude": "-80.3450396" } },http://maps.google.com/?cid=11981333745324258180,2019/12/05 07:06:38+00,2019/12/05 07:06:38+00
"POINT (-6.198257 39.354679)",Caceres Kart,{ "Address": "Carr. de Miajadas, Km 20, 500, 10183 Cáceres, Spain", "Business Name": "Caceres Kart", "Geo Coordinates": { "Latitude": "39.3546791", "Longitude": "-6.1982574" } },http://maps.google.com/?cid=2999498840657421921,2019/10/29 17:11:11+00,2019/10/29 17:11:11+00
"POINT (-0.659826 53.039032)",Trent Valley Kart Club,{ "Address": "PF International Kart Circuit, Brandon NG32 2AY, United Kingdom", "Business Name": "Trent Valley Kart Club", "Geo Coordinates": { "Latitude": "53.0390319", "Longitude": "-0.6598265" } },http://maps.google.com/?cid=14345581623207036493,2019/09/25 01:16:53+00,2019/09/25 01:16:53+00
"POINT (101.542256 3.08136)",City Karting Enterprise,{ "Address": "Go Kart Circuit, Stadium Car Park, Western 5, Seksyen 13, 40000 Shah Alam, Selangor, Malaysia", "Business Name": "City Karting", "Geo Coordinates": { "Latitude": "3.0813602", "Longitude": "101.5422563" } },http://maps.google.com/?cid=9094416497602863411,2019/09/25 01:04:45+00,2019/09/25 01:04:45+00
"POINT (138.987018 -34.459274)",Barossa Go Kart Club,{ "Address": "LOT 1 Belvedere Road, Nuriootpa SA 5355, Australia", "Business Name": "Barossa Go Kart Club", "Geo Coordinates": { "Latitude": "-34.4592736", "Longitude": "138.9870179" } },http://maps.google.com/?cid=5906829451699059303,2019/09/22 23:53:34+00,2019/09/22 23:53:34+00
"POINT (138.632291 -34.814133)",Pro Karts Pooraka,{ "Address": "30 Research Rd, Pooraka SA 5095, Australia", "Business Name": "Pro Karts Pooraka", "Geo Coordinates": { "Latitude": "-34.8141328", "Longitude": "138.6322914" } },http://maps.google.com/?cid=2093964150244295068,2019/09/22 23:51:39+00,2019/09/22 23:51:39+00
"POINT (138.85736 -34.978305)",Gillman Reserve/Onkaparinga Go Kart Track,{ "Address": "13 Gillman Rd, Oakbank SA 5243, Australia", "Business Name": "Gillman Reserve\/Onkaparinga Go Kart Track", "Geo Coordinates": { "Latitude": "-34.9783048", "Longitude": "138.8573599" } },http://maps.google.com/?cid=17699044841999230589,2019/09/22 23:50:56+00,2019/09/22 23:50:56+00
"POINT (139.172541 -35.120036)",Go Kart Club of South Australia,{ "Address": "3711 Old Princes Hwy, Rocky Gully SA 5254, Australia", "Business Name": "Go Kart Club of South Australia", "Geo Coordinates": { "Latitude": "-35.1200358", "Longitude": "139.1725410" } },http://maps.google.com/?cid=827579408900708148,2019/09/22 23:18:19+00,2019/09/22 23:18:19+00
"POINT (151.412641 -32.840242)",Go Karts Go Hunter Valley,{ "Address": "202 Neath Rd, Kearsley NSW 2325, Australia", "Business Name": "Go Karts Go Hunter Valley", "Geo Coordinates": { "Latitude": "-32.8402419", "Longitude": "151.4126410" } },http://maps.google.com/?cid=17542987566186808460,2019/09/22 23:16:04+00,2019/09/22 23:16:04+00
"POINT (151.591644 -32.89864)",Newcastle Kart Racing Club Inc.,{ "Address": "5 Cameron Park Dr, Cameron Park NSW 2285, Australia", "Business Name": "Newcastle Kart Racing Club Inc.", "Geo Coordinates": { "Latitude": "-32.8986396", "Longitude": "151.5916442" } },http://maps.google.com/?cid=5548603924587506620,2019/09/22 23:14:49+00,2019/09/22 23:14:49+00
"POINT (150.633862 -34.190679)",Picton Karting Track,{ "Address": "200 Picton Rd, Maldon NSW 2571, Australia", "Business Name": "Picton Karting Track", "Geo Coordinates": { "Latitude": "-34.1906786", "Longitude": "150.6338621" } },http://maps.google.com/?cid=10442856153360143595,2019/09/22 23:13:42+00,2019/09/22 23:13:42+00
"POINT (150.879283 -33.80419)",Eastern Creek International Karting,{ "Address": "50 Peter Brock Dr, Eastern Creek NSW 2766, Australia", "Business Name": "Sydney Premier Karting Park", "Geo Coordinates": { "Latitude": "-33.8041895", "Longitude": "150.8792832" } },http://maps.google.com/?cid=5864081348205925966,2019/09/22 23:12:32+00,2019/09/22 23:12:32+00
"POINT (150.718353 -33.85902)",Luddenham Raceway - Go Karting , Paintball & Motorsport Park,{ "Address": "821-849 Luddenham Rd, Luddenham NSW 2745, Australia", "Business Name": "Luddenham Raceway - Go Karting , Paintball & Motorsport Park", "Geo Coordinates": { "Latitude": "-33.8590202", "Longitude": "150.7183532" } },http://maps.google.com/?cid=7554506996324656984,2019/09/22 23:10:59+00,2019/09/22 23:10:59+00
"POINT (150.833439 -34.028162)",Fastlane Karting Sydney,{ "Address": "20 Swettenham Rd, Minto NSW 2566, Australia", "Business Name": "Fastlane Karting Sydney", "Geo Coordinates": { "Latitude": "-34.0281623", "Longitude": "150.8334391" } },http://maps.google.com/?cid=1564980719601184503,2019/09/22 23:09:47+00,2019/09/22 23:09:47+00
"POINT (149.232101 -35.327499)",Canberra Kart Racing Club,{ "Address": "Pialligo Ave, Pialligo ACT 2609, Australia", "Business Name": "Canberra Kart Racing Club", "Geo Coordinates": { "Latitude": "-35.3274993", "Longitude": "149.2321014" } },http://maps.google.com/?cid=9031798705164658921,2019/09/22 23:06:35+00,2019/09/22 23:06:35+00
"POINT (145.231878 -38.501414)",Phillip Island Grand Prix Circuit,{ "Address": "381 Back Beach Rd, Ventnor VIC 3922, Australia", "Business Name": "Phillip Island Grand Prix Circuit", "Country Code": "AU", "Geo Coordinates": { "Latitude": "-38.5014139", "Longitude": "145.2318777" } },http://maps.google.com/?cid=1082405035368977296,2019/09/22 23:03:46+00,2019/09/22 23:03:46+00
"POINT (144.91188 -37.8307)",Go Kart Club of Victoria,{ "Address": "Todd Rd, Port Melbourne VIC 3207, Australia", "Business Name": "Go Kart Club of Victoria", "Geo Coordinates": { "Latitude": "-37.8307003", "Longitude": "144.9118801" } },http://maps.google.com/?cid=18388018260449057255,2019/09/22 23:01:10+00,2019/09/22 23:01:10+00
"POINT (145.120651 -37.95274)",Oakleigh Go Kart Racing Club,{ "Address": "Deals Road Reserve, Clayton South VIC 3169, Australia", "Business Name": "Oakleigh Go Kart Racing Club", "Geo Coordinates": { "Latitude": "-37.9527397", "Longitude": "145.1206512" } },http://maps.google.com/?cid=751464426244439179,2019/09/22 22:59:51+00,2019/09/22 22:59:51+00
"POINT (145.243921 -38.019441)",Le Mans Entertainment,{ "Address": "55 Waterview Cl, Dandenong South VIC 3175, Australia", "Business Name": "Le Mans Entertainment", "Geo Coordinates": { "Latitude": "-38.0194407", "Longitude": "145.2439206" } },http://maps.google.com/?cid=11361989572542076622,2019/09/22 22:59:25+00,2019/09/22 22:59:25+00
"POINT (144.383451 -38.059446)",Geelong Karting Club,{ "Address": "Geelong Ring Rd, Corio VIC 3214, Australia", "Business Name": "Geelong Karting Club", "Geo Coordinates": { "Latitude": "-38.0594455", "Longitude": "144.3834507" } },http://maps.google.com/?cid=3085476619263936206,2019/09/22 22:58:14+00,2019/09/22 22:58:14+00
"POINT (145.233114 -38.503478)",Ventnor, Victoria 3922, Australia,{ "Geo Coordinates": { "Latitude": "-38.5034776", "Longitude": "145.2331140" } },http://maps.google.com/?q=Ventnor+VIC+3922,+Australia&amp;ftid=0x6ad5eca39da553bf:0x9fe936b92d8eada8,2019/09/22 22:55:53+00,2019/09/22 22:55:53+00
"POINT (6.523902 52.957379)",TT Junior Track,{ "Address": "Tt Junior Track, Assen, Netherlands", "Business Name": "TT Junior Track", "Country Code": "NL", "Geo Coordinates": { "Latitude": "52.9573794", "Longitude": "6.5239025" } },http://maps.google.com/?cid=566035263917418332,2019/09/10 06:10:38+00,2019/09/10 06:10:38+00
"POINT (22.856643 63.227695)",Mika Salo Circuit,{ "Address": "Huvivaltio PowerPark, Puistotie 3, 62300 Härmä, Finland", "Business Name": "Mika Salo Circuit", "Country Code": "FI", "Geo Coordinates": { "Latitude": "63.2276952", "Longitude": "22.8566430" } },http://maps.google.com/?cid=15805106543341061937,2019/09/07 12:37:31+00,2019/09/07 12:37:31+00
"POINT (-77.975592 39.235718)",Summit Point Kart,{ "Address": "54 Washington Circuit, Summit Point, WV 25446, United States", "Business Name": "Summit Point Kart", "Geo Coordinates": { "Latitude": "39.2357180", "Longitude": "-77.9755920" } },http://maps.google.com/?cid=9214222865724898347,2019/09/04 23:08:34+00,2019/09/04 23:08:34+00
"POINT (-85.708364 37.986195)",Kart Kountry,{ "Address": "315 Joe B. Hall Ave, Shepherdsville, KY 40165, United States", "Business Name": "Kart Kountry", "Geo Coordinates": { "Latitude": "37.9861950", "Longitude": "-85.7083645" } },http://maps.google.com/?cid=4014716263116891703,2019/09/04 22:44:45+00,2019/09/04 22:44:45+00
"POINT (-79.199552 36.565804)",VIR Kart Track,{ "Address": "Unnamed Road, Alton, VA 24520, United States", "Business Name": "VIR Kart Track", "Country Code": "US", "Geo Coordinates": { "Latitude": "36.5658035", "Longitude": "-79.1995523" } },http://maps.google.com/?cid=9940334993388244144,2019/09/04 22:37:08+00,2019/09/04 22:37:08+00
"POINT (-0.37037 52.316396)",Hunts Kart Racing Club,{ "Address": "Stow Longa, Kimbolton, Huntingdon PE28 0EY, United Kingdom", "Business Name": "Hunts Kart Racing Club", "Geo Coordinates": { "Latitude": "52.3163955", "Longitude": "-0.3703701" } },http://maps.google.com/?cid=151433308287328807,2019/08/26 03:12:35+00,2019/08/26 03:12:35+00
"POINT (16.449108 49.203046)",AMK Masaryk Circuit,{ "Address": "Ostrovačická 63, 641 00 Brno-Žebětín, Czechia", "Business Name": "AMK Masaryk Circuit", "Geo Coordinates": { "Latitude": "49.2030460", "Longitude": "16.4491080" } },http://maps.google.com/?cid=9023246440737889815,2019/08/06 10:47:30+00,2019/08/06 10:47:30+00
"POINT (-0.527676 38.859322)",Circuito Albaida,{ "Address": "46860 Albaida, Province of Valencia, Valencia, Spain", "Business Name": "Circuito Albaida", "Country Code": "ES", "Geo Coordinates": { "Latitude": "38.8593215", "Longitude": "-0.5276764" } },http://maps.google.com/?cid=8487514545277176262,2019/08/05 02:36:38+00,2019/08/05 02:36:38+00
"POINT (-75.054985 39.361759)",NJMiniGP,{ "Address": "8000 Dividing Creek Rd, Millville, NJ 08332, United States", "Business Name": "NJMiniGP", "Geo Coordinates": { "Latitude": "39.3617591", "Longitude": "-75.0549850" } },http://maps.google.com/?cid=10920493622641083985,2019/07/18 01:26:45+00,2019/07/18 01:26:45+00
"POINT (-104.677175 38.591059)",Pikes Peak International Raceway,{ "Address": "16650 Midway Ranch Rd, Fountain, CO 80817, United States", "Business Name": "Pikes Peak International Raceway", "Country Code": "US", "Geo Coordinates": { "Latitude": "38.5910590", "Longitude": "-104.6771750" } },http://maps.google.com/?cid=7986967024612024581,2019/06/22 12:57:28+00,2019/06/22 12:57:28+00
"POINT (-104.431207 38.985529)",Apex Speed Kart Racing School,{ "Address": "21430 Spencer Rd, Calhan, CO 80808, United States", "Business Name": "Apex Speed Kart Racing School", "Geo Coordinates": { "Latitude": "38.9855290", "Longitude": "-104.4312071" } },http://maps.google.com/?cid=1008772926696627399,2019/06/22 12:50:54+00,2019/06/22 12:50:54+00
"POINT (-104.948836 40.04381)",IMI Motorsports Complex,{ "Address": "5074 Summit Blvd, Dacono, CO 80514, United States", "Business Name": "IMI Motorsports Complex", "Country Code": "US", "Geo Coordinates": { "Latitude": "40.0438100", "Longitude": "-104.9488360" } },http://maps.google.com/?cid=17880881758340075155,2019/06/22 12:49:47+00,2019/06/22 12:49:47+00
"POINT (-108.491639 39.10957)",Grand Junction Motor Speedway,{ "Address": "3002 N I 70 Frontage Rd, Grand Junction, CO 81504, United States", "Business Name": "Grand Junction Motor Speedway", "Geo Coordinates": { "Latitude": "39.1095698", "Longitude": "-108.4916391" } },http://maps.google.com/?cid=10047490993232773160,2019/06/22 12:48:53+00,2019/06/22 12:48:53+00
"POINT (-121.758693 36.675451)",36.675451,-121.758693,{ "Geo Coordinates": { "Latitude": "36.6754514", "Longitude": "-121.7586929" } },http://maps.google.com/?q=36.675451,-121.758693,2019/05/18 04:11:07+00,2019/06/12 10:58:32+00
"POINT (72.880236 19.031716)",19.031716,72.880236,{ "Geo Coordinates": { "Latitude": "19.0317156", "Longitude": "72.8802360" } },http://maps.google.com/?q=19.031716,72.880236,2018/02/04 18:03:47+00,2019/06/08 09:56:22+00
"POINT (-74.614468 46.182385)",Académie De Karting Jim Russell,{ "Address": "1281 Chemin du Village, Mont-Tremblant, QC J8E 1G7, Canada", "Business Name": "Académie De Karting Jim Russell", "Geo Coordinates": { "Latitude": "46.1823849", "Longitude": "-74.6144684" } },http://maps.google.com/?cid=17474172430200029948,2019/02/21 05:44:59+00,2019/05/19 19:40:35+00
"POINT (15.831333 39.818126)",A.S.D. Raceway Karting Coast of the Cedars,{ "Address": "Località Donnalifanti, 87020 Santa Domenica Talao CS, Italy", "Business Name": "A.S.D. Raceway Karting Coast of the Cedars", "Geo Coordinates": { "Latitude": "39.8181255", "Longitude": "15.8313332" } },http://maps.google.com/?cid=14458062952296206361,2018/02/04 22:46:26+00,2019/05/19 19:40:13+00
"POINT (9.099316 45.063225)",7 Laghi Kart - International Circuit,{ "Address": "Strada Bressana 6, Via Pavia, 27040 Castelletto di Branduzzo PV, Italy", "Business Name": "7 Laghi Kart - International Circuit", "Geo Coordinates": { "Latitude": "45.0632247", "Longitude": "9.0993157" } },http://maps.google.com/?cid=16825810167200748755,2018/02/04 05:24:08+00,2019/05/19 19:39:46+00
"POINT (14.352898 41.53427)",Kartodromo Pista Paradiso,{ "Geo Coordinates": { "Latitude": "41.5342704", "Longitude": "14.3528975" } },http://maps.google.com/?q=41.534270,14.352897,2018/02/04 22:49:15+00,2019/05/19 19:37:22+00
"POINT (-0.040529 38.876405)",Karting Olivia,{ "Geo Coordinates": { "Latitude": "38.8764050", "Longitude": "-0.0405290" } },http://maps.google.com/?q=38.876405,-0.040529,2018/01/27 14:55:50+00,2019/05/19 19:35:48+00
"POINT (73.132341 33.717181)",F 1 Traxx,{ "Geo Coordinates": { "Latitude": "33.7171811", "Longitude": "73.1323412" } },http://maps.google.com/?q=33.717181,73.132341,2018/02/04 18:13:13+00,2019/05/19 19:35:01+00
"POINT (-102.287436 21.681159)",21.681159,-102.287436,{ "Geo Coordinates": { "Latitude": "21.6811592", "Longitude": "-102.2874362" } },http://maps.google.com/?q=21.681159,-102.287436,2016/02/03 01:00:58+00,2019/05/19 19:27:28+00
"POINT (78.186127 17.482937)",Adventure Sports,{ "Geo Coordinates": { "Latitude": "17.4829368", "Longitude": "78.1861266" } },http://maps.google.com/?q=17.482937,78.186127,2018/02/04 17:43:57+00,2019/05/19 19:25:12+00
"POINT (-14.131669 28.243783)",Ocio / Karting Club,{ "Address": "35629 Tuineje, Las Palmas, Spain", "Business Name": "Ocio \/ Karting Club", "Geo Coordinates": { "Latitude": "28.2437831", "Longitude": "-14.1316686" } },http://maps.google.com/?cid=4543949132118708791,2018/02/04 22:11:35+00,2019/05/19 19:18:47+00
"POINT (20.881822 37.739907)",Formula Zante Go Kart,{ "Address": "Kalamaki 291 00, Greece", "Business Name": "Formula Zante Go Karting", "Geo Coordinates": { "Latitude": "37.7399069", "Longitude": "20.8818217" } },http://maps.google.com/?cid=9012088031024107175,2018/02/04 21:59:47+00,2019/05/19 19:18:23+00
"POINT (-13.624051 28.948074)",Gran Karting,{ "Address": "Carretera LZ-2, Km 7, 35572 Tías, Lanzarote, Las Palmas, Spain", "Business Name": "Gran Karting Club Lanzarote", "Geo Coordinates": { "Latitude": "28.9480741", "Longitude": "-13.6240513" } },http://maps.google.com/?cid=18366497118943264722,2018/02/04 22:10:43+00,2019/05/19 19:12:43+00
"POINT (-13.600443 28.990755)",Lanzarote Karting,{ "Address": "LZ-20, 35550 San Bartolomé, Las Palmas, Spain", "Business Name": "Lanzarote Karting", "Geo Coordinates": { "Latitude": "28.9907553", "Longitude": "-13.6004426" } },http://maps.google.com/?cid=921771510855306819,2018/02/04 22:10:28+00,2019/05/19 19:12:19+00
"POINT (19.697437 46.883427)",Birizdokart Karting Stadium Kecskemét,{ "Address": "Kecskemét, Szent László krt. 64, 6000 Hungary", "Business Name": "Birizdokart Karting Stadium Kecskemét", "Geo Coordinates": { "Latitude": "46.8834270", "Longitude": "19.6974370" } },http://maps.google.com/?cid=14528795148606080000,2018/02/04 22:05:25+00,2019/05/19 19:11:54+00
"POINT (28.97727 40.180368)",Nilüfer Karting,{ "Address": "Gümüştepe, Turkuaz Sk. No:7, 16110 Nilüfer\/Bursa, Turkey", "Business Name": "Nilüfer Karting", "Geo Coordinates": { "Latitude": "40.1803675", "Longitude": "28.9772702" } },http://maps.google.com/?cid=11644311153890926957,2018/02/04 22:00:40+00,2019/05/19 19:11:18+00
"POINT (-112.15593 33.690178)",Phoenix Kart Racing Association (PKRA),{ "Address": "22500 43rd Ave E, Glendale, AZ 85310, United States", "Business Name": "Phoenix Kart Racing Association (PKRA)", "Geo Coordinates": { "Latitude": "33.6901779", "Longitude": "-112.1559295" } },http://maps.google.com/?cid=16519146569658076998,2016/02/23 18:37:22+00,2019/05/19 04:53:33+00
"POINT (-90.820175 14.382507)",Autodromo Pedro Cofiño,{ "Address": "14, Guatemala", "Business Name": "Autódromo Pedro Cofiño", "Country Code": "GT", "Geo Coordinates": { "Latitude": "14.3825070", "Longitude": "-90.8201751" } },http://maps.google.com/?cid=14353705178054939212,2017/07/28 08:32:07+00,2019/05/19 04:45:38+00
"POINT (-100.920151 25.591753)",Meridian Technologies México, S. De R.L. De C.V.,{ "Address": "Boulevard Santa María, Parque Industrial Santa Maria 1955, Ramos Arizpe, Coah., Mexico", "Business Name": "Meridian Technologies", "Geo Coordinates": { "Latitude": "25.5917530", "Longitude": "-100.9201507" } },http://maps.google.com/?cid=17754783904031279755,2016/02/03 00:26:05+00,2019/05/19 04:41:38+00
"POINT (-96.209953 19.093821)",Kartódromo Veracruz,{ "Address": "Veracruz, Mexico", "Business Name": "Kartódromo Veracruz", "Geo Coordinates": { "Latitude": "19.0938209", "Longitude": "-96.2099533" } },http://maps.google.com/?cid=35555486314838304,2016/02/02 13:49:53+00,2019/05/19 04:41:38+00
"POINT (-100.885655 22.169207)",Camp Santa Ursula,{ "Address": "Camino a Portezuelo s\/n Planta del Carmen, 78438 San Luis, S.L.P., Mexico", "Business Name": "Camp Santa Ursula", "Geo Coordinates": { "Latitude": "22.1692066", "Longitude": "-100.8856551" } },http://maps.google.com/?cid=4727004331492538648,2016/02/02 14:11:15+00,2019/05/19 04:41:38+00
"POINT (-101.574455 21.035826)",Autódromo de León,{ "Address": "A Santa Ana del Conde Km 1.5, Los Lopez Sur, 37000 León, Gto., Mexico", "Business Name": "Autódromo de León", "Country Code": "MX", "Geo Coordinates": { "Latitude": "21.0358257", "Longitude": "-101.5744552" } },http://maps.google.com/?cid=3553080602792271205,2016/02/02 13:13:06+00,2019/05/19 04:41:38+00
"POINT (-99.603649 19.225206)",Kartodromo La Mina,{ "Address": "52143 San Miguel Totocuitlapilco, State of Mexico, Mexico", "Business Name": "Kartodromo La Mina", "Geo Coordinates": { "Latitude": "19.2252060", "Longitude": "-99.6036494" } },http://maps.google.com/?cid=1173526647341138357,2016/01/25 12:16:15+00,2019/05/19 04:41:38+00
"POINT (-99.047772 19.359067)",Kartódromo Internacional de la Ciudad de México,{ "Address": "Eje 6 Sur S\/N, Renovación, Iztapalapa, 09209 Ciudad de México, CDMX, Mexico", "Business Name": "Kartódromo Internacional de la Ciudad de México", "Geo Coordinates": { "Latitude": "19.3590674", "Longitude": "-99.0477716" } },http://maps.google.com/?cid=10196797968398709974,2016/01/25 12:27:18+00,2019/05/19 04:41:38+00
"POINT (-111.096884 29.052467)",Autodromo De Hermosillo,{ "Address": "a de km 14., Carr. Hermosillo Bahía Kino, Puerta Real Quinta Etapa, Mexico", "Business Name": "Autodromo De Hermosillo", "Country Code": "MX", "Geo Coordinates": { "Latitude": "29.0524669", "Longitude": "-111.0968845" } },http://maps.google.com/?cid=2761004148581149819,2016/02/03 00:32:54+00,2019/05/19 04:41:38+00
"POINT (-99.358744 19.527098)",kartódromo Sierra Esmeralda,{ "Address": "PARCELA #162, 54570 Santa María Mazatla, Méx., Mexico", "Business Name": "Kartodromo Sierra Esmeralda", "Geo Coordinates": { "Latitude": "19.5270980", "Longitude": "-99.3587440" } },http://maps.google.com/?cid=4033830546980830872,2016/01/25 12:13:55+00,2019/05/19 04:41:38+00
"POINT (-98.160005 19.588772)",Kartodromo Tlaxcala,{ "Address": "90250 Tlaxco, Tlaxcala, Mexico", "Business Name": "Kartodromo Tlaxcala", "Country Code": "MX", "Geo Coordinates": { "Latitude": "19.5887723", "Longitude": "-98.1600046" } },http://maps.google.com/?cid=11084535692963522728,2016/02/02 13:03:54+00,2019/05/19 04:41:38+00
"POINT (-98.915663 18.89232)",Kartodromo Internacional Cautla,{ "Address": "Liborio Martinez 5, Atlatlahucan, Mor., Mexico", "Business Name": "Kartodromo Internacional Cuautla", "Geo Coordinates": { "Latitude": "18.8923198", "Longitude": "-98.9156628" } },http://maps.google.com/?cid=12156814768276868514,2016/01/25 12:31:06+00,2019/05/19 04:41:38+00
"POINT (-100.079681 19.148512)",Kartodromo Valle de Bravo,{ "Address": "Kartodromo Valle KM 27.5 , Carretera Toluca Valle de Bravo Vía Los Saucos, La Compañía, Méx., Mexico", "Business Name": "Kartodromo Valle de Bravo", "Geo Coordinates": { "Latitude": "19.1485118", "Longitude": "-100.0796813" } },http://maps.google.com/?cid=10592323956633012131,2016/01/25 12:25:09+00,2019/05/19 04:41:38+00
"POINT (-99.092522 19.405945)",Autódromo Hermanos Rodriguez,{ "Address": "Av, Viad. Río de la Piedad S\/n, Granjas México, Iztacalco, 08400 Iztacalco, CDMX, Mexico", "Business Name": "Autódromo Hermanos Rodríguez", "Country Code": "MX", "Geo Coordinates": { "Latitude": "19.4059448", "Longitude": "-99.0925216" } },http://maps.google.com/?cid=3746825022711309021,2016/01/25 12:26:02+00,2019/05/19 04:41:38+00
"POINT (-100.725609 22.091078)",Super Óvalo Potosino,{ "Address": "Km. 237, San Luis Potosi - Rioverde, S.L.P., Mexico", "Business Name": "Super Oval Potosino", "Country Code": "MX", "Geo Coordinates": { "Latitude": "22.0910778", "Longitude": "-100.7256088" } },http://maps.google.com/?cid=2257082854359437451,2016/02/02 13:18:53+00,2019/05/19 04:41:38+00
"POINT (-100.369865 20.453865)",Kartódromo Querétaro,{ "Address": "Carretera a Huimilpan, kilometro 10.8, Qro., Mexico", "Business Name": "Kartódromo Querétaro", "Country Code": "MX", "Geo Coordinates": { "Latitude": "20.4538650", "Longitude": "-100.3698654" } },http://maps.google.com/?cid=3821558021887554684,2019/05/14 03:01:18+00,2019/05/19 04:41:38+00
"POINT (-99.239041 18.956496)",Kartodromo Cuernavaca,{ "Address": "Av Paseo del Conquistador, Lomas de la Selva, 62253 Cuernavaca, Mor., Mexico", "Business Name": "Kartodromo Cuernavaca", "Geo Coordinates": { "Latitude": "18.9564961", "Longitude": "-99.2390406" } },http://maps.google.com/?cid=9437037094653605464,2016/01/25 12:28:09+00,2019/05/19 04:41:38+00
"POINT (-102.328462 21.721402)",OAM, Ovalo de Aguascalientes,{ "Address": "Carretera Aeropuerto, Tanque de Los Jiménez km 2, 20340 Providencia de Abajo, Ags., Mexico", "Business Name": "Ovalo Aguascaliente Mexico", "Country Code": "MX", "Geo Coordinates": { "Latitude": "21.7214021", "Longitude": "-102.3284624" } },http://maps.google.com/?cid=695785774992544360,2016/02/02 13:15:23+00,2019/05/19 04:41:38+00
"POINT (-105.887926 28.510616)",Autodromo Francisco Villa,{ "Address": "Chihuahua, Mexico", "Business Name": "Autodromo Francisco Villa", "Geo Coordinates": { "Latitude": "28.5106161", "Longitude": "-105.8879256" } },http://maps.google.com/?cid=11880746297161440285,2016/02/03 00:07:32+00,2019/05/19 04:41:38+00
"POINT (-93.250548 16.778863)",Autódromo Chiapas,{ "Address": "Carr. Internacional Km 190, Berriozábal, Chis., Mexico", "Business Name": "Autódromo Chiapas", "Country Code": "MX", "Geo Coordinates": { "Latitude": "16.7788626", "Longitude": "-93.2505476" } },http://maps.google.com/?cid=17741522958774284532,2016/02/02 13:25:35+00,2019/05/19 04:41:38+00
"POINT (-99.557423 19.36754)",Centro Dinámico Pegaso,{ "Address": "km 52.5, Carr. Toluca-Naucalpan, 50220 San Mateo Otzacatipan, Méx., Mexico", "Business Name": "Centro Dinámico Pegaso", "Country Code": "MX", "Geo Coordinates": { "Latitude": "19.3675403", "Longitude": "-99.5574229" } },http://maps.google.com/?cid=13168877243904485673,2016/01/25 12:18:08+00,2019/05/19 04:41:38+00
"POINT (-103.484367 20.737165)",Kartódromo Oscar Casillas,{ "Address": "Avenida General Ramón Corona 5244 Colonia, La Mojonera, 45019 Zapopan, Jal., Mexico", "Business Name": "Oscar Casillas Kartódromo", "Country Code": "MX", "Geo Coordinates": { "Latitude": "20.7371654", "Longitude": "-103.4843673" } },http://maps.google.com/?cid=13583838573564002262,2016/02/02 15:28:28+00,2019/05/19 04:41:38+00
"POINT (-100.852884 22.086821)",Campo Coyote,{ "Address": "San Luis Potosí, San Luis Potosi, Mexico", "Business Name": "Campo Coyote", "Country Code": "MX", "Geo Coordinates": { "Latitude": "22.0868214", "Longitude": "-100.8528835" } },http://maps.google.com/?cid=1004398879731228807,2019/05/14 03:47:58+00,2019/05/19 04:41:38+00
"POINT (-92.726361 17.844827)",Carretera Federal 186 533, El Tintillo, Tab.,{ "Geo Coordinates": { "Latitude": "17.8448272", "Longitude": "-92.7263606" } },http://maps.google.com/?q=El+Tintillo,+Tab.&amp;ftid=0x85ede62670804f9b:0x51b5337db6f7301,2016/02/02 13:22:33+00,2019/05/19 04:41:38+00
"POINT (-86.83821 21.10543)",Exotic Rides México,{ "Address": "Carretera Cancún Aeropuerto km 7.5, Campestre, 77500 Cancún, Q.R., Mexico", "Business Name": "Exotic Rides Mexico", "Country Code": "MX", "Geo Coordinates": { "Latitude": "21.1054305", "Longitude": "-86.8382097" } },http://maps.google.com/?cid=9895331994346984621,2016/02/02 13:24:38+00,2019/05/19 04:41:38+00
"POINT (-99.398487 19.296849)",Go Karts - la marquesa,{ "Address": "Carretera Mexico Toluca Km 37.5 La Marquesa, 52740 Ocoyoacac, Méx., Mexico", "Business Name": "Go Karts la marquesa.", "Geo Coordinates": { "Latitude": "19.2968489", "Longitude": "-99.3984870" } },http://maps.google.com/?cid=3397508672453387206,2016/01/25 12:15:11+00,2019/05/19 04:41:38+00
"POINT (-100.217796 25.858971)",Autódromo Monterrey,{ "Address": "Carr. México-Laredo Km 1008, Cd Apodaca, N.L., Mexico", "Business Name": "Autódromo Monterrey", "Country Code": "MX", "Geo Coordinates": { "Latitude": "25.8589706", "Longitude": "-100.2177963" } },http://maps.google.com/?cid=278700508720323476,2016/02/02 13:26:33+00,2019/05/19 04:41:38+00
"POINT (-101.338803 20.725647)",Kartodromo Acelerate,{ "Address": "Silao-Irapuato, Guanajuato, Mexico", "Business Name": "Kartodromo Acelerate", "Geo Coordinates": { "Latitude": "20.7256471", "Longitude": "-101.3388026" } },http://maps.google.com/?cid=17646838549920380600,2016/02/02 13:59:07+00,2019/05/19 04:41:38+00
"POINT (1.601671 52.43475)",Ellough Park Kart Circuit,{ "Address": "Benacre Rd, Ellough, Beccles NR34 7XD, United Kingdom", "Business Name": "Ellough Park Kart Circuit", "Geo Coordinates": { "Latitude": "52.4347496", "Longitude": "1.6016709" } },http://maps.google.com/?cid=1544116805624452768,2019/05/18 04:42:08+00,2019/05/18 04:42:08+00
"POINT (-120.454082 34.889047)",Santa Maria Kart Track,{ "Address": "32 S Blosser Rd, Santa Maria, CA 93455, United States", "Business Name": "Santa Maria Kart Track", "Geo Coordinates": { "Latitude": "34.8890473", "Longitude": "-120.4540825" } },http://maps.google.com/?cid=13483590916980990366,2019/05/18 04:18:23+00,2019/05/18 04:18:23+00
"POINT (-121.825974 38.280731)",Kinsmen Kart Club,{ "Address": "4975 Rio Dixon Rd, Dixon, CA 95620, United States", "Business Name": "Kinsmen Kart Club", "Geo Coordinates": { "Latitude": "38.2807312", "Longitude": "-121.8259735" } },http://maps.google.com/?cid=6083812089398328567,2019/05/18 04:16:39+00,2019/05/18 04:16:39+00
"POINT (-74.195692 45.984694)",Les Circuits Val Va,{ "Address": "5285 Boulevard Labelle, Val-Morin, QC J0T 2R0, Canada", "Business Name": "Karting Val-Va", "Geo Coordinates": { "Latitude": "45.9846941", "Longitude": "-74.1956919" } },http://maps.google.com/?cid=17769401738050938653,2019/05/18 04:02:47+00,2019/05/18 04:02:47+00
"POINT (-114.501884 42.486046)",Magic Valley Speedway,{ "Address": "3369 N 2800 E, Twin Falls, ID 83301, United States", "Business Name": "Magic Valley Speedway", "Country Code": "US", "Geo Coordinates": { "Latitude": "42.4860458", "Longitude": "-114.5018845" } },http://maps.google.com/?cid=10946013556976597376,2019/05/18 03:50:03+00,2019/05/18 03:50:03+00
"POINT (-116.513275 43.728634)",SNAKE RIVER KARTERS (GLEN MORGAN RACEWAY),{ "Address": "24005 N Can Ada Rd, Star, ID 83669, United States", "Business Name": "SNAKE RIVER KARTERS (GLEN MORGAN RACEWAY)", "Geo Coordinates": { "Latitude": "43.7286338", "Longitude": "-116.5132752" } },http://maps.google.com/?cid=16617679613754750864,2019/05/18 03:46:48+00,2019/05/18 03:46:48+00
"POINT (-119.86731 39.681282)",Desert Park Raceway,{ "Address": "Reno, NV 89506, United States", "Business Name": "Desert Park Raceway", "Geo Coordinates": { "Latitude": "39.6812820", "Longitude": "-119.8673095" } },http://maps.google.com/?cid=11088073631610652444,2019/05/18 03:45:28+00,2019/05/18 03:45:28+00
"POINT (-106.860323 35.020996)",Sandia Speedway,{ "Address": "LUGHTS ENCHANTED DEC 19TH, 100 Speedway Park Blvd, Albuquerque, NM 87121, United States", "Business Name": "Sandia Speedway", "Country Code": "US", "Geo Coordinates": { "Latitude": "35.0209955", "Longitude": "-106.8603228" } },http://maps.google.com/?cid=10230155394061516845,2019/05/18 03:42:13+00,2019/05/18 03:42:13+00
"POINT (-86.078758 39.561119)",Whiteland Raceway Park,{ "Address": "654 N Front St, Whiteland, IN 46184, United States", "Business Name": "Whiteland Raceway Park", "Geo Coordinates": { "Latitude": "39.5611190", "Longitude": "-86.0787582" } },http://maps.google.com/?cid=2266055487584069991,2019/05/13 05:54:01+00,2019/05/13 05:54:01+00
"POINT (-79.906272 43.171324)",Canadian Mini Indy,{ "Address": "2633 Upper James St, Mount Hope, ON L0R 1W0, Canada", "Business Name": "Canadian Mini Indy", "Country Code": "CA", "Geo Coordinates": { "Latitude": "43.1713241", "Longitude": "-79.9062721" } },http://maps.google.com/?cid=16080263849848074963,2019/05/13 05:21:14+00,2019/05/13 05:21:14+00
"POINT (-73.139021 45.601135)",SH Karting,{ "Address": "2456 4e Rang S, Saint-Charles-sur-Richelieu, QC J0H 2G0, Canada", "Business Name": "SH Karting", "Geo Coordinates": { "Latitude": "45.6011348", "Longitude": "-73.1390212" } },http://maps.google.com/?cid=7280559960449829406,2019/05/13 05:13:41+00,2019/05/13 05:13:41+00
"POINT (-72.691505 46.305241)",Karting Trois-Rivières,{ "Address": "4150 Rang Saint-Charles, Trois-Rivières, QC G9B 7W9, Canada", "Business Name": "Karting Trois-Rivières", "Geo Coordinates": { "Latitude": "46.3052406", "Longitude": "-72.6915054" } },http://maps.google.com/?cid=3363830440429085618,2019/05/13 05:12:15+00,2019/05/13 05:12:15+00
"POINT (-72.439865 46.227646)",SC Performance,{ "Address": "200 Rue Jean Clermont, Saint-Célestin, QC J0C 1G0, Canada", "Business Name": "Sc Performance Karting inc.", "Country Code": "CA", "Geo Coordinates": { "Latitude": "46.2276458", "Longitude": "-72.4398651" } },http://maps.google.com/?cid=11094512431281060298,2019/05/13 05:12:04+00,2019/05/13 05:12:04+00
"POINT (-71.025546 46.985592)",Karting Chateau Richer Inc,{ "Address": "164 Route de Saint-Achillée, Château-Richer, QC G0A 1N0, Canada", "Business Name": "Karting Chateau Richer Inc", "Geo Coordinates": { "Latitude": "46.9855916", "Longitude": "-71.0255465" } },http://maps.google.com/?cid=15175406965783000933,2019/05/13 05:11:24+00,2019/05/13 05:11:24+00
"POINT (-81.378944 28.410944)",Orlando Kart Center - Fastest Go Karts,{ "Address": "10724 Cosmonaut Blvd, Orlando, FL 32824, United States", "Business Name": "Orlando Kart Center", "Geo Coordinates": { "Latitude": "28.4109439", "Longitude": "-81.3789443" } },http://maps.google.com/?cid=13086720176816081333,2019/05/11 06:52:10+00,2019/05/11 06:52:10+00
"POINT (-82.680095 27.815039)",Pro Karting Experience,{ "Address": "4770 34th St N, St. Petersburg, FL 33714, United States", "Business Name": "Pro Karting Experience", "Geo Coordinates": { "Latitude": "27.8150393", "Longitude": "-82.6800954" } },http://maps.google.com/?cid=7856827126131175019,2019/05/11 06:51:12+00,2019/05/11 06:51:12+00
"POINT (-82.189328 29.228245)",Ocala Gran Prix,{ "Address": "4121 NW 44th Ave, Ocala, FL 34482, United States", "Business Name": "Ocala Gran Prix", "Geo Coordinates": { "Latitude": "29.2282450", "Longitude": "-82.1893284" } },http://maps.google.com/?cid=18009169074745363954,2019/05/11 06:49:50+00,2019/05/11 06:49:50+00
"POINT (-84.091652 39.132275)",Motorsports Country Club,{ "Address": "2848 US-50, Batavia, OH 45103, United States", "Business Name": "Motorsports Country Club", "Geo Coordinates": { "Latitude": "39.1322746", "Longitude": "-84.0916519" } },http://maps.google.com/?cid=7613341760233619859,2019/05/11 06:48:02+00,2019/05/11 06:48:02+00
"POINT (9.018762 49.930767)",Motorsport Club Wartturm e.V.,{ "Address": "Eichenweg 80, 64850 Schaafheim, Germany", "Business Name": "Motorsport Club Wartturm e.V.", "Geo Coordinates": { "Latitude": "49.9307670", "Longitude": "9.0187616" } },http://maps.google.com/?cid=4971011823515178720,2019/05/11 04:28:45+00,2019/05/11 04:28:45+00
"POINT (9.017374 49.930307)",FAHR-WERK,{ "Address": "Eichenweg 80, 64850 Schaafheim, Germany", "Business Name": "FAHR-WERK Odenwaldring Schaafheim", "Geo Coordinates": { "Latitude": "49.9303072", "Longitude": "9.0173742" } },http://maps.google.com/?cid=15478015356282754970,2019/05/11 04:28:11+00,2019/05/11 04:28:11+00
"POINT (8.973926 40.620379)",Karting Sporting Fraigas,{ "Address": "40°37'13. 8°58'25., Località Pont'ezzu Fraigas, 07014 Ozieri SS, Italy", "Business Name": "Karting Sporting Fraigas", "Geo Coordinates": { "Latitude": "40.6203790", "Longitude": "8.9739260" } },http://maps.google.com/?cid=1862390876753303364,2019/05/11 04:23:34+00,2019/05/11 04:23:34+00
"POINT (9.7049 40.723632)",Pista Jolly Park,{ "Address": "Via A. Vespucci, 3, 07051 Agrustos SS, Italy", "Business Name": "Pista Jolly Park", "Geo Coordinates": { "Latitude": "40.7236320", "Longitude": "9.7049001" } },http://maps.google.com/?cid=1900640461101141674,2019/05/11 04:19:07+00,2019/05/11 04:19:07+00
"POINT (30.524751 -29.696528)",Superkart390 endurance racing,{ "Address": "Camper down, Camperdown,KwaZulu-Natal,3720, camperdown, Durban, 3720, South Africa", "Business Name": "Superkart390 endurance racing", "Geo Coordinates": { "Latitude": "-29.6965282", "Longitude": "30.5247513" } },http://maps.google.com/?cid=4973527315651732013,2019/05/11 03:30:09+00,2019/05/11 03:30:09+00
"POINT (18.493297 -34.059493)",Mikroautorata,{ "Address": "Zeekoei Vlei, Cape Town, 7941, South Africa", "Business Name": "Mikroautorata", "Geo Coordinates": { "Latitude": "-34.0594933", "Longitude": "18.4932968" } },http://maps.google.com/?cid=17448270468437166918,2019/05/11 03:28:49+00,2019/05/11 03:28:49+00
"POINT (18.530171 -33.822889)",Killarney Raceway,{ "Address": "6 Potsdam Rd, Table View, Cape Town, 7439, South Africa", "Business Name": "Killarney Race Track", "Country Code": "ZA", "Geo Coordinates": { "Latitude": "-33.8228891", "Longitude": "18.5301713" } },http://maps.google.com/?cid=4331595071070570695,2019/05/11 03:23:24+00,2019/05/11 03:23:24+00
"POINT (-84.248121 9.973637)",Circuito Competencias Parque Viva,{ "Address": "Calle el Bajo, Provincia de Alajuela, Guácima, Costa Rica", "Business Name": "Circuito de Competencias Parque Viva", "Country Code": "CR", "Geo Coordinates": { "Latitude": "9.9736374", "Longitude": "-84.2481208" } },http://maps.google.com/?cid=5109840635459930396,2019/05/10 03:40:39+00,2019/05/10 03:40:39+00
"POINT (-97.48852 35.186117)",Champion Racing,{ "Address": "3501 S Interstate Dr, Norman, OK 73072, United States", "Business Name": "Champion Racing", "Geo Coordinates": { "Latitude": "35.1861166", "Longitude": "-97.4885196" } },http://maps.google.com/?cid=15069170360616520401,2019/05/10 03:21:29+00,2019/05/10 03:21:29+00
"POINT (-95.197582 30.190859)",Speedsportz Racing Park,{ "Address": "23050 Speed St, New Caney, TX 77357, United States", "Business Name": "Speedsportz Racing Park", "Geo Coordinates": { "Latitude": "30.1908592", "Longitude": "-95.1975823" } },http://maps.google.com/?cid=6872537199911609915,2019/05/10 03:18:55+00,2019/05/10 03:18:55+00
"POINT (-95.401176 30.297897)",Houston Karting Complex,{ "Address": "3528 S Loop 336 E, Conroe, TX 77301, United States", "Business Name": "Houston Karting Complex", "Geo Coordinates": { "Latitude": "30.2978973", "Longitude": "-95.4011764" } },http://maps.google.com/?cid=10526113287972268588,2019/05/10 03:17:48+00,2019/05/10 03:17:48+00
"POINT (-95.886787 29.846434)",Gulf Coast Kartway,{ "Address": "29726 Stockdick Rd, Katy, TX 77493, United States", "Business Name": "Gulf Coast Kartway", "Geo Coordinates": { "Latitude": "29.8464336", "Longitude": "-95.8867874" } },http://maps.google.com/?cid=5956181878041192759,2019/05/10 03:15:11+00,2019/05/10 03:15:11+00
"POINT (-95.307243 29.919244)",Houston Grand Prix,{ "Address": "13901 Eastex Fwy, Houston, TX 77032, United States", "Business Name": "Houston Grand Prix", "Geo Coordinates": { "Latitude": "29.9192443", "Longitude": "-95.3072432" } },http://maps.google.com/?cid=18347476491923079607,2019/05/10 03:14:36+00,2019/05/10 03:14:36+00
"POINT (-92.497839 43.962621)",Skyline Raceway (closed for the season),{ "Address": "2250 40th St SW, Rochester, MN 55902, United States", "Business Name": "Skyline Raceway", "Geo Coordinates": { "Latitude": "43.9626212", "Longitude": "-92.4978392" } },http://maps.google.com/?cid=7472369779147671762,2019/05/10 03:12:25+00,2019/05/10 03:12:25+00
"POINT (-94.157971 45.064271)",Stockholm Karting Center,{ "Address": "13185 US-12, Cokato, MN 55321, United States", "Business Name": "Stockholm Karting Center", "Geo Coordinates": { "Latitude": "45.0642710", "Longitude": "-94.1579710" } },http://maps.google.com/?cid=5045787577399187563,2019/05/10 03:11:40+00,2019/05/10 03:11:40+00
"POINT (-156.456964 20.814321)",Maui Go Karters Association,{ "Address": "2701 Maui Veterans Hwy, Kihei, HI 96753, United States", "Business Name": "Maui Go Karters Association", "Geo Coordinates": { "Latitude": "20.8143210", "Longitude": "-156.4569640" } },http://maps.google.com/?cid=12170767287467474040,2019/05/10 03:01:42+00,2019/05/10 03:01:42+00
"POINT (-64.112605 -31.005749)",Kartodromo Sebastian Martino,{ "Address": "Cordoba, Argentina", "Business Name": "Kartodromo Sebastian Martino", "Geo Coordinates": { "Latitude": "-31.0057488", "Longitude": "-64.1126049" } },http://maps.google.com/?cid=1162369643737974022,2019/05/10 02:56:08+00,2019/05/10 02:56:08+00
"POINT (-4.562451 37.958969)",Karting Córdoba,{ "Address": "CO-3103, 14420 Córdoba, Spain", "Business Name": "Circuito villafranca Córdoba", "Geo Coordinates": { "Latitude": "37.9589691", "Longitude": "-4.5624513" } },http://maps.google.com/?cid=8150899063354383841,2019/05/10 02:54:15+00,2019/05/10 02:54:15+00
"POINT (1.601533 50.399022)",Ducas Racing Kart,{ "Address": "Rue des argousiers Parc d'activité de la, Rue des Argousiers la Vigogne, 62600 Berck, France", "Business Name": "Ducas Racing Kart", "Geo Coordinates": { "Latitude": "50.3990224", "Longitude": "1.6015329" } },http://maps.google.com/?cid=10071260559979079100,2019/05/10 02:48:16+00,2019/05/10 02:48:16+00
"POINT (-2.451904 48.487774)",KARTING GP Circuit,{ "Address": "3 RUE DES FRERES PIETO, 22400 Lamballe, France", "Business Name": "KARTING GP Circuit", "Geo Coordinates": { "Latitude": "48.4877738", "Longitude": "-2.4519035" } },http://maps.google.com/?cid=1522470665191830497,2019/05/10 02:45:50+00,2019/05/10 02:45:50+00
"POINT (-1.897514 47.867163)",RKO Loheac,{ "Address": "Les Clos d'Ahaut, 35550 Lohéac, France", "Business Name": "RKO Loheac", "Geo Coordinates": { "Latitude": "47.8671633", "Longitude": "-1.8975142" } },http://maps.google.com/?cid=13692682423966256729,2019/05/10 02:43:58+00,2019/05/10 02:43:58+00
"POINT (-0.136911 49.277172)",Karting Circuit de Cabourg,{ "Address": "Avenue de la Divette, 14390 Cabourg, France", "Business Name": "Karting Circuit de Cabourg", "Geo Coordinates": { "Latitude": "49.2771720", "Longitude": "-0.1369114" } },http://maps.google.com/?cid=15190025803168699864,2019/05/10 02:42:53+00,2019/05/10 02:42:53+00
"POINT (-0.079462 49.016914)",Technikart,{ "Address": "Les Illandes, 14170 Vendeuvre, France", "Business Name": "Technikart", "Geo Coordinates": { "Latitude": "49.0169143", "Longitude": "-0.0794621" } },http://maps.google.com/?cid=10828439525051419442,2019/05/10 02:42:33+00,2019/05/10 02:42:33+00
"POINT (-0.268192 49.169511)",Karting de Caen,{ "Address": "Parc du Clos Neuf, 14840 Démouville, France", "Business Name": "Karting de Caen", "Geo Coordinates": { "Latitude": "49.1695109", "Longitude": "-0.2681920" } },http://maps.google.com/?cid=1234784350266782022,2019/05/10 02:42:13+00,2019/05/10 02:42:13+00
"POINT (6.154654 44.460474)",Karting 3 lakes,{ "Address": "Les Trois Lacs, 05130 Piégut, France", "Business Name": "Karting 3 lakes", "Geo Coordinates": { "Latitude": "44.4604742", "Longitude": "6.1546540" } },http://maps.google.com/?cid=680944174564697538,2019/05/10 02:40:50+00,2019/05/10 02:40:50+00
"POINT (6.330166 45.625668)",Karting Grand Arc,{ "Address": "La Combe, 73460 Tournon, France", "Business Name": "Karting Grand Arc", "Geo Coordinates": { "Latitude": "45.6256675", "Longitude": "6.3301658" } },http://maps.google.com/?cid=1985095899586442155,2019/05/10 02:40:16+00,2019/05/10 02:40:16+00
"POINT (5.829173 45.21294)",RACG,{ "Address": "Route du Bois Français, 38330 Montbonnot-Saint-Martin, France", "Business Name": "RACG", "Country Code": "FR", "Geo Coordinates": { "Latitude": "45.2129402", "Longitude": "5.8291726" } },http://maps.google.com/?cid=12074761023759224000,2019/05/10 02:38:44+00,2019/05/10 02:38:44+00
"POINT (6.959455 43.689352)",Ruffa Karting,{ "Address": "9004F Route de Gourdon, 06620 Le Bar-sur-Loup, France", "Business Name": "Ruffa Karting", "Geo Coordinates": { "Latitude": "43.6893515", "Longitude": "6.9594547" } },http://maps.google.com/?cid=6336686004244273,2019/05/10 02:23:16+00,2019/05/10 02:23:16+00
"POINT (8.427092 44.446701)",Kart Track Victory,{ "Address": "Via Pian degli Agguati, 17100 Pontinvrea SV, Italy", "Business Name": "Kart Track Victory", "Geo Coordinates": { "Latitude": "44.4467010", "Longitude": "8.4270925" } },http://maps.google.com/?cid=15962283939369385338,2019/05/10 02:20:03+00,2019/05/10 02:20:03+00
"POINT (9.358035 44.35186)",Circuit Kart Carasco,{ "Address": "Via Piani Nuovi, 10, 16042 Carasco GE, Italy", "Business Name": "Circuit Kart Carasco", "Geo Coordinates": { "Latitude": "44.3518600", "Longitude": "9.3580350" } },http://maps.google.com/?cid=2924959366919706537,2019/05/10 02:19:41+00,2019/05/10 02:19:41+00
"POINT (8.951335 44.604454)",Ronco Kart Track,{ "Address": "Via E. Bazzano, 5, 16019 Ronco Scrivia GE, Italy", "Business Name": "Ronco Kart Track", "Geo Coordinates": { "Latitude": "44.6044540", "Longitude": "8.9513349" } },http://maps.google.com/?cid=14519082163357780118,2019/05/10 02:19:30+00,2019/05/10 02:19:30+00
"POINT (14.196381 41.014053)",KARTODROMO - MINIMOTODROMO DI CASALUCE,{ "Address": "Via Vecchio Camposanto, 81030 Casaluce CE, Italy", "Business Name": "KARTODROMO - MINIMOTODROMO DI CASALUCE", "Geo Coordinates": { "Latitude": "41.0140533", "Longitude": "14.1963806" } },http://maps.google.com/?cid=8307227040808253015,2019/05/10 01:15:14+00,2019/05/10 01:15:14+00
"POINT (14.554419 40.806182)",Poggio Karting Club,{ "Address": "Via Ceraso, 6, 80040 Poggiomarino NA, Italy", "Business Name": "Poggio Karting Club", "Geo Coordinates": { "Latitude": "40.8061819", "Longitude": "14.5544187" } },http://maps.google.com/?cid=447242417144364665,2019/05/10 01:15:04+00,2019/05/10 01:15:04+00
"POINT (14.207542 37.428953)",Pista di Camatrice,{ "Address": "94015 Piazza Armerina Province of Enna, Italy", "Business Name": "Pista di Camatrice", "Geo Coordinates": { "Latitude": "37.4289531", "Longitude": "14.2075418" } },http://maps.google.com/?cid=649521642049881516,2019/05/10 01:11:41+00,2019/05/10 01:11:41+00
"POINT (14.526652 36.937154)",Miniautodromo Città di Vittoria,{ "Address": "Str. S. Croce, 31-35, 97019 Vittoria RG, Italy", "Business Name": "Miniautodromo Città di Vittoria", "Country Code": "IT", "Geo Coordinates": { "Latitude": "36.9371537", "Longitude": "14.5266520" } },http://maps.google.com/?cid=3956456356444424591,2019/05/10 01:11:07+00,2019/05/10 01:11:07+00
"POINT (14.527678 36.938004)",Pista Kart,{ "Address": "97019 Vittoria, Free municipal consortium of Ragusa, Italy", "Business Name": "Pista Kart", "Geo Coordinates": { "Latitude": "36.9380040", "Longitude": "14.5276779" } },http://maps.google.com/?cid=12420262342209275227,2019/05/10 01:10:58+00,2019/05/10 01:10:58+00
"POINT (14.622441 37.393385)",Pista Kart Mainenti,{ "Address": "95040 Ramacca, Province of Catania, Italy", "Business Name": "Pista Kart Mainenti", "Geo Coordinates": { "Latitude": "37.3933852", "Longitude": "14.6224410" } },http://maps.google.com/?cid=5516514171584571184,2019/05/10 01:09:15+00,2019/05/10 01:09:15+00
"POINT (12.579327 37.898659)",PROMOTER KINISIA,{ "Address": "Contrada, Str. Runza, Snc, 91100 Trapani TP, Italy", "Business Name": "Kinisia Karting Club", "Geo Coordinates": { "Latitude": "37.8986592", "Longitude": "12.5793271" } },http://maps.google.com/?cid=4166903106926725265,2019/05/10 01:07:30+00,2019/05/10 01:07:30+00
"POINT (15.525412 38.160254)",Via Ayrton Senna, 98125 Messina ME, Italy,{ "Geo Coordinates": { "Latitude": "38.1602541", "Longitude": "15.5254115" } },http://maps.google.com/?q=Via+Ayrton+Senna,+98125+Messina+ME,+Italy&amp;ftid=0x13144ee092a8fb83:0x51bbd139e60292e4,2019/05/10 01:03:50+00,2019/05/10 01:03:50+00
"POINT (13.31395 38.18845)",KARTODROMO,{ "Address": "Viale dell'Olimpo, 26, 90146 Palermo PA, Italy", "Business Name": "KARTODROMO Palermo Karting", "Geo Coordinates": { "Latitude": "38.1884497", "Longitude": "13.3139500" } },http://maps.google.com/?cid=101152063403983561,2019/05/10 01:01:41+00,2019/05/10 01:01:41+00
"POINT (12.764873 37.591521)",Circuito Internazionale di Triscina,{ "Address": "Contrada Manicalunga, 91022 Triscina TP, Italy", "Business Name": "Circuito Internazionale di Triscina", "Geo Coordinates": { "Latitude": "37.5915209", "Longitude": "12.7648733" } },http://maps.google.com/?cid=13821185625706390564,2019/05/10 01:00:09+00,2019/05/10 01:00:09+00
"POINT (12.764912 37.591467)",Karting Sicilia,{ "Address": "KartingSicilia C.da Manicalunga, 91022 Triscina TP, Italy", "Business Name": "Karting Sicilia", "Geo Coordinates": { "Latitude": "37.5914670", "Longitude": "12.7649125" } },http://maps.google.com/?cid=5750328939187424219,2019/05/10 00:57:06+00,2019/05/10 00:57:06+00
"POINT (31.455268 30.200927)",AutoVrooom,{ "Address": "Street 100, Al Obour, Cairo Governorate, Egypt", "Business Name": "AutoVrooom", "Geo Coordinates": { "Latitude": "30.2009268", "Longitude": "31.4552683" } },http://maps.google.com/?cid=9548275667081855977,2019/05/10 00:56:01+00,2019/05/10 00:56:01+00
"POINT (15.953882 45.789499)",Mini Autodrom Ayrton Senna,{ "Address": "Ul. Ćire Truhelke 39, 10000, Zagreb, Croatia", "Business Name": "Mini Autodrom Ayrton Senna", "Geo Coordinates": { "Latitude": "45.7894991", "Longitude": "15.9538818" } },http://maps.google.com/?cid=5077778659617269799,2019/05/10 00:49:47+00,2019/05/10 00:49:47+00
"POINT (15.901352 45.798027)",Karting centar Zagreb,{ "Address": "Ul. Gustava Krkleca 23, 10000, Zagreb, Croatia", "Business Name": "Karting centar Zagreb", "Geo Coordinates": { "Latitude": "45.7980270", "Longitude": "15.9013520" } },http://maps.google.com/?cid=2419107046106814953,2019/05/10 00:44:12+00,2019/05/10 00:44:12+00
"POINT (29.204309 40.962543)",ISTANBUL PARK KARTING,{ "Address": "Büyükbakkalköy, Aynur Sk. No:1, 34858 Maltepe\/İstanbul, Turkey", "Business Name": "ISTANBUL PARK KARTING", "Geo Coordinates": { "Latitude": "40.9625434", "Longitude": "29.2043094" } },http://maps.google.com/?cid=300388384957682692,2019/05/10 00:32:36+00,2019/05/10 00:32:36+00
"POINT (29.350817 40.889936)",Autodrom,{ "Address": "Mescit, Demokrasi Cd. No:19, 34957 Tuzla\/İstanbul, Turkey", "Business Name": "Autodrom", "Country Code": "TR", "Geo Coordinates": { "Latitude": "40.8899357", "Longitude": "29.3508168" } },http://maps.google.com/?cid=2276152327526497870,2019/05/10 00:29:58+00,2019/05/10 00:29:58+00
"POINT (33.375295 35.05345)",Daytona Raceway,{ "Address": "E120, Cyprus", "Business Name": "Daytona Raceway", "Geo Coordinates": { "Latitude": "35.0534498", "Longitude": "33.3752954" } },http://maps.google.com/?cid=8741492020906778301,2019/05/10 00:19:47+00,2019/05/10 00:19:47+00
"POINT (33.329922 35.22049)",Cemsa Karting & Sporting Center,{ "Address": "Yakındoğu Blv, Lefkoşa 99010", "Business Name": "Cemsa Karting & Sporting Center", "Geo Coordinates": { "Latitude": "35.2204895", "Longitude": "33.3299217" } },http://maps.google.com/?cid=16453758836998425636,2019/05/10 00:19:10+00,2019/05/10 00:19:10+00
"POINT (35.62048 33.864734)",Monte Verde Karting,{ "Address": "Qortadah, Lebanon", "Business Name": "Monte Verde Karting", "Geo Coordinates": { "Latitude": "33.8647345", "Longitude": "35.6204797" } },http://maps.google.com/?cid=193324273655807281,2019/05/10 00:17:42+00,2019/05/10 00:17:42+00
"POINT (35.498638 33.774948)",NFS Karting Arena,{ "Address": "عرمون ، الخط العام، بعد شركة الكهرباء ب 200 متر عاليمين, Lebanon", "Business Name": "NFS Karting Arena", "Geo Coordinates": { "Latitude": "33.7749481", "Longitude": "35.4986381" } },http://maps.google.com/?cid=7111041009973931577,2019/05/10 00:16:05+00,2019/05/10 00:16:05+00
"POINT (35.611633 33.956466)",Pit Stop Karting,{ "Address": "Main Street Near Dream Park، Zouk Mosbeh, Lebanon", "Business Name": "Pit Stop Karting", "Geo Coordinates": { "Latitude": "33.9564657", "Longitude": "35.6116330" } },http://maps.google.com/?cid=17196128007308310395,2019/05/10 00:15:23+00,2019/05/10 00:15:23+00
"POINT (35.762512 33.893497)",RPM Karting,{ "Address": "Mcheikha Aintoura Road to Zahleh، Mtein, Lebanon", "Business Name": "RPM Karting", "Geo Coordinates": { "Latitude": "33.8934970", "Longitude": "35.7625120" } },http://maps.google.com/?cid=5426982876667727932,2019/05/10 00:14:43+00,2019/05/10 00:14:43+00
"POINT (35.88143 31.843116)",Jordan Speed Center,{ "Address": "Queen Alia Airport Street 544 Exit W3 , next to Arabian Horse Club 940166، Jordan", "Business Name": "Jordan Speed Center", "Geo Coordinates": { "Latitude": "31.8431164", "Longitude": "35.8814297" } },http://maps.google.com/?cid=14084425726340045750,2019/05/10 00:13:56+00,2019/05/10 00:13:56+00
"POINT (35.862995 31.731102)",Manja International Circuit,{ "Address": "Amman, Jordan", "Business Name": "Manja International Circuit", "Geo Coordinates": { "Latitude": "31.7311019", "Longitude": "35.8629951" } },http://maps.google.com/?cid=5461412833502833854,2019/05/10 00:10:41+00,2019/05/10 00:10:41+00
"POINT (-7.689944 33.583693)",Sindibad Karting,{ "Address": "Boulevard de l'Océan Atlantique, Casablanca 20052, Morocco", "Business Name": "Sindibad Karting", "Geo Coordinates": { "Latitude": "33.5836932", "Longitude": "-7.6899437" } },http://maps.google.com/?cid=8861139051776529792,2019/05/09 23:58:14+00,2019/05/09 23:58:14+00
"POINT (-4.120225 36.73044)",Karting Del Sol,{ "Address": "Carretera Nacional 340, Km. 268.400, 29749 Almayate, Málaga, Spain", "Business Name": "Karting Del Sol", "Geo Coordinates": { "Latitude": "36.7304396", "Longitude": "-4.1202253" } },http://maps.google.com/?cid=17749303783860895293,2019/05/09 23:30:30+00,2019/05/09 23:30:30+00
"POINT (-1.833934 37.171998)",Karting Garrucha,{ "Address": "Carretera Garrucha-Los Gallardos, 04630 Garrucha, Almería, Spain", "Business Name": "🔴Karting Garrucha Almería 🥇🥈🥉🏁🏁🏁🏁", "Geo Coordinates": { "Latitude": "37.1719982", "Longitude": "-1.8339335" } },http://maps.google.com/?cid=3784451131562142436,2019/05/09 23:29:16+00,2019/05/09 23:29:16+00
"POINT (-2.600716 36.800448)",Karting Roquetas,{ "Address": "Ctra. de Alicun, km 5, 04740 El Parador de las Hortichuelas, Almería, Spain", "Business Name": "Karting Roquetas", "Geo Coordinates": { "Latitude": "36.8004480", "Longitude": "-2.6007160" } },http://maps.google.com/?cid=1484044417030205087,2019/05/09 23:28:23+00,2019/05/09 23:28:23+00
"POINT (-2.807961 36.75271)",Karting,{ "Address": "Diseminado Ctra Almerimar, s\/n, 04700, Almería, Spain", "Business Name": "Karting", "Geo Coordinates": { "Latitude": "36.7527100", "Longitude": "-2.8079610" } },http://maps.google.com/?cid=17256543189784771326,2019/05/09 23:27:28+00,2019/05/09 23:27:28+00
"POINT (-5.763684 42.153549)",KARTING CASTROPONCE,{ "Address": "Carr. N-VI, KM 282, 24796 Saludes de Castroponce, León, Spain", "Business Name": "KARTING CASTROPONCE", "Geo Coordinates": { "Latitude": "42.1535491", "Longitude": "-5.7636842" } },http://maps.google.com/?cid=8998558626457386490,2019/05/09 23:25:09+00,2019/05/09 23:25:09+00
"POINT (-5.616338 40.810156)",Accion Martinamor SL [ACCIONMARTINAMOR],{ "Address": "DSA-120, 37891 Martinamor, Salamanca, Spain", "Business Name": "Accion Martinamor SL [ACCIONMARTINAMOR]", "Geo Coordinates": { "Latitude": "40.8101562", "Longitude": "-5.6163378" } },http://maps.google.com/?cid=9894151909714626149,2019/05/09 23:23:21+00,2019/05/09 23:23:21+00
"POINT (-4.978609 41.508978)",Karting Tordesillas,{ "Address": "Paraje Juncale, Poligono 5 Parcela 22, 47100 Tordesillas, Valladolid, Spain", "Business Name": "Karting Tordesillas", "Geo Coordinates": { "Latitude": "41.5089783", "Longitude": "-4.9786088" } },http://maps.google.com/?cid=12232329639887126375,2019/05/09 23:17:32+00,2019/05/09 23:17:32+00
"POINT (-5.013663 41.306263)",CIRCUITO INTERNACIONAL DE VILLAVERDE DE MEDINA FK1,{ "Address": "Ctra. Comarcal, 602, 47465 Villaverde de Medina, Valladolid, Spain", "Business Name": "CIRCUITO INTERNACIONAL DE VILLAVERDE DE MEDINA FK1", "Country Code": "ES", "Geo Coordinates": { "Latitude": "41.3062629", "Longitude": "-5.0136632" } },http://maps.google.com/?cid=5791649964686648755,2019/05/09 23:14:44+00,2019/05/09 23:14:44+00
"POINT (-5.570513 42.362116)",Circuito Benamariel Karting el silvar,{ "Address": "Camino Nuevo, 1, 24233 Benamariel, León, Spain", "Business Name": "Circuito Benamariel Karting el silvar", "Geo Coordinates": { "Latitude": "42.3621160", "Longitude": "-5.5705130" } },http://maps.google.com/?cid=13751094530836010876,2019/05/09 23:11:50+00,2019/05/09 23:11:50+00
"POINT (-0.730039 39.70776)",AREACS.COM. CIRCUITO DE CASINOS. ESCUELA CONDUCCION, KARTS Y EVENTOS,{ "Address": "CTRA. CASINOS-VILLAR KM 1,8, CV-345, 46171 Casinos, Valencia, Valencia, Spain", "Business Name": "AREACS.COM. CIRCUITO DE CASINOS. ESCUELA CONDUCCION, KARTS Y EVENTOS", "Geo Coordinates": { "Latitude": "39.7077600", "Longitude": "-0.7300390" } },http://maps.google.com/?cid=10287791404259707786,2019/05/09 17:13:23+00,2019/05/09 17:13:23+00
"POINT (-0.467394 39.226234)",CIRCUIT DE LA RIBERA / CAR TRACK EVENTS,{ "Address": "Polígono 28, Parcela 26, 46610 Guadassuar, Spain", "Business Name": "CIRCUIT DE LA RIBERA", "Geo Coordinates": { "Latitude": "39.2262340", "Longitude": "-0.4673944" } },http://maps.google.com/?cid=17196895031329318749,2019/05/09 17:12:26+00,2019/05/09 17:12:26+00
"POINT (-0.268488 39.2568)",Karting Las Palmeras,{ "Address": "Carretera Nazaret-Oliva km 23, Les Palmeretes, 46419 Sueca, Valencia, Spain", "Business Name": "Karting Las Palmeras", "Geo Coordinates": { "Latitude": "39.2568000", "Longitude": "-0.2684880" } },http://maps.google.com/?cid=17448147672927586578,2019/05/09 17:09:49+00,2019/05/09 17:09:49+00
"POINT (-0.386908 39.411442)",Karting Manises Valencia,{ "Address": "Calle Acequia del Primer Braç, 26, 46470 Massanassa, Valencia, Spain", "Business Name": "KARTING M4 Massanassa - antes Karting Manises Valencia", "Geo Coordinates": { "Latitude": "39.4114419", "Longitude": "-0.3869081" } },http://maps.google.com/?cid=9646802293759378899,2019/05/09 17:09:27+00,2019/05/09 17:09:27+00
"POINT (-0.623066 39.488037)",Karting Valencia Luis Climent,{ "Address": "Autovía A-3 Valencia-Madrid, Salida 334, 46380 Cheste, Valencia, Spain", "Business Name": "Karting Valencia Luis Climent", "Geo Coordinates": { "Latitude": "39.4880372", "Longitude": "-0.6230664" } },http://maps.google.com/?cid=3150995532112517311,2019/05/09 17:02:36+00,2019/05/09 17:02:36+00
"POINT (106.641761 -6.178079)",Gokart Lamtoro Balekota Tangerang,{ "Address": "Jl. Lp Pemuda No.7, RT.002\/RW.012, Buaran Indah, Kec. Tangerang, Kota Tangerang, Banten 15119, Indonesia", "Business Name": "Sirkuit Gokart The Coazther Balekota Tangerang", "Country Code": "ID", "Geo Coordinates": { "Latitude": "-6.1780788", "Longitude": "106.6417609" } },http://maps.google.com/?cid=15861519574318097965,2019/05/05 15:22:01+00,2019/05/05 15:22:01+00
"POINT (-40.273336 -20.246947)",Fãs de kart GP Indoor,{ "Address": "246, Av. Osvaldo Horta Aguirre - Jardim Camburi, Vitória - ES, 29092-050, Brazil", "Business Name": "Fãs de kart GP Indoor", "Geo Coordinates": { "Latitude": "-20.2469470", "Longitude": "-40.2733360" } },http://maps.google.com/?cid=352716347906847007,2019/05/05 14:10:30+00,2019/05/05 14:10:30+00
"POINT (-40.209959 -20.168455)",STOCKART - Karting INTERNATIONAL SIERRA,{ "Address": "Av. Talma Rodrigues Ribeiro, 10 - Portal de Jacaraípe, Serra - ES, 29173-795, Brazil", "Business Name": "STOCKART - Karting INTERNATIONAL SIERRA", "Geo Coordinates": { "Latitude": "-20.1684553", "Longitude": "-40.2099589" } },http://maps.google.com/?cid=2840694727865396524,2019/05/05 14:09:34+00,2019/05/05 14:09:34+00
"POINT (-47.896389 -15.777364)",Ferrari Kart,{ "Address": "Autodromo Internacional Nelson Piquet, Brasília - DF, 70070-710, Brazil", "Business Name": "Ferrari Kart", "Geo Coordinates": { "Latitude": "-15.7773637", "Longitude": "-47.8963890" } },http://maps.google.com/?cid=17486226775111544662,2019/05/05 14:07:15+00,2019/05/05 14:07:15+00
"POINT (-47.971371 -15.825575)",Special area of ​​Cave / Karting Ayrton Senna,{ "Address": "QE 23 Área Especial do Cave, s\/n - Guará, Brasília - DF, 71025-050, Brazil", "Business Name": "Special area of ​​Cave \/ Karting Ayrton Senna", "Geo Coordinates": { "Latitude": "-15.8255748", "Longitude": "-47.9713706" } },http://maps.google.com/?cid=6034648200276640732,2019/05/05 14:04:15+00,2019/05/05 14:04:15+00
"POINT (-47.713876 -15.75103)",Brasília Kart - Kartodrómo Internacional de Brasília,{ "Address": "7,5, DF-250 - Paranoá, Brasília - DF, 71586-100, Brazil", "Business Name": "Brasília Kart - Kartodrómo Internacional de Brasília", "Geo Coordinates": { "Latitude": "-15.7510303", "Longitude": "-47.7138755" } },http://maps.google.com/?cid=17279452695961204007,2019/05/05 14:03:50+00,2019/05/05 14:03:50+00
"POINT (8.992752 45.072383)",Tazio Nuvolari circuit,{ "Address": "Str. Provinciale 12 per Corana, 27010 Cervesina PV, Italy", "Business Name": "Tazio Nuvolari circuit", "Country Code": "IT", "Geo Coordinates": { "Latitude": "45.0723830", "Longitude": "8.9927520" } },http://maps.google.com/?cid=2999219303164096178,2019/05/05 13:53:59+00,2019/05/05 13:53:59+00
"POINT (9.104101 45.070183)",Motodromo Castelletto di Branduzzo,{ "Address": "Str. Vicinale Della Scevola, 1, 27040 Castelletto di Branduzzo PV, Italy", "Business Name": "Motodromo Castelletto di Branduzzo", "Country Code": "IT", "Geo Coordinates": { "Latitude": "45.0701828", "Longitude": "9.1041011" } },http://maps.google.com/?cid=12083911129810583700,2019/05/05 13:53:28+00,2019/05/05 13:53:28+00
"POINT (8.826859 45.157126)",Ottobiano Motorsport,{ "Address": "Via S. Giorgio, 16, 27030 Ottobiano PV, Italy", "Business Name": "Pista South Milano", "Geo Coordinates": { "Latitude": "45.1571257", "Longitude": "8.8268593" } },http://maps.google.com/?cid=2649225875573192592,2019/05/05 13:52:11+00,2019/05/05 13:52:11+00
"POINT (9.681089 45.154555)",minimotoclubitalia asd - codogno circuit,{ "Address": "Via Croce Rossa, 3, 26845 Codogno LO, Italy", "Business Name": "Codogno circuit", "Geo Coordinates": { "Latitude": "45.1545554", "Longitude": "9.6810893" } },http://maps.google.com/?cid=11197659711443785896,2019/05/05 13:51:09+00,2019/05/05 13:51:09+00
"POINT (9.47417 45.152118)",International Circuit Hills,{ "Address": "Via Localita Solaroli, 2, 27013 Chignolo po PV, Italy", "Business Name": "International Circuit Hills", "Country Code": "IT", "Geo Coordinates": { "Latitude": "45.1521183", "Longitude": "9.4741704" } },http://maps.google.com/?cid=17822387467643651723,2019/05/05 13:50:34+00,2019/05/05 13:50:34+00
"POINT (15.771985 40.032036)",Kartodromo Palazzo - Trecchina,{ "Address": "Via Montada, 26, 85049 Trecchina PZ, Italy", "Business Name": "Kartodromo Palazzo - Trecchina", "Geo Coordinates": { "Latitude": "40.0320358", "Longitude": "15.7719850" } },http://maps.google.com/?cid=10987086060089756296,2019/05/05 13:49:05+00,2019/05/05 13:49:05+00
"POINT (16.311844 40.561989)",Kartodromo Di Salandra,{ "Address": "Strada Provinciale Salandra - Grottole, 75017 Salandra MT, Italy", "Business Name": "Kartodromo Di Salandra", "Geo Coordinates": { "Latitude": "40.5619888", "Longitude": "16.3118438" } },http://maps.google.com/?cid=17121133907906714658,2019/05/05 13:47:45+00,2019/05/05 13:47:45+00
"POINT (16.233971 40.241276)",Kartodromo Orsoleo,{ "Address": "SP133, 85036 Roccanova PZ, Italy", "Business Name": "Kartodromo Orsoleo", "Geo Coordinates": { "Latitude": "40.2412757", "Longitude": "16.2339706" } },http://maps.google.com/?cid=4095029545979433133,2019/05/05 13:47:15+00,2019/05/05 13:47:15+00
"POINT (16.601285 40.286531)",Pista di Go-Kart Don Paolo,{ "Address": "sp 95 Scanzano Jonico Montalbano Jonico, 75023 Montalbano Jonico MT, Italy", "Business Name": "Pista di Go-Kart Don Paolo", "Geo Coordinates": { "Latitude": "40.2865310", "Longitude": "16.6012850" } },http://maps.google.com/?cid=10342139356545500774,2019/05/05 13:46:52+00,2019/05/05 13:46:52+00
"POINT (16.623844 40.681039)",Kartodromo Palomba,{ "Address": "Contrada Pedale della Palomba, SS7, 75100 Matera MT, Italy", "Business Name": "Kartodromo Palomba", "Geo Coordinates": { "Latitude": "40.6810388", "Longitude": "16.6238437" } },http://maps.google.com/?cid=6926718338669393402,2019/05/05 13:46:07+00,2019/05/05 13:46:07+00
"POINT (16.750973 40.86438)",Kartodromo Murgia,{ "Address": "SP236, 70020 Cassano delle Murge BA, Italy", "Business Name": "Kartodromo Murgia", "Geo Coordinates": { "Latitude": "40.8643798", "Longitude": "16.7509727" } },http://maps.google.com/?cid=2482524117738064842,2019/05/05 13:45:15+00,2019/05/05 13:45:15+00
"POINT (17.20664 40.985519)",MotoKartodromo Adriatico Polignano (Bari),{ "Address": "70044 Polignano a Mare, Metropolitan City of Bari, Italy", "Business Name": "MotoKartodromo Adriatico Polignano (Bari)", "Geo Coordinates": { "Latitude": "40.9855194", "Longitude": "17.2066402" } },http://maps.google.com/?cid=15238137021254446513,2019/05/05 13:44:39+00,2019/05/05 13:44:39+00
"POINT (17.376691 40.863303)",Kartodromo Fasano,{ "Address": "Contrada Coccaro, 2, 72015 Fasano BR, Italy", "Business Name": "Kartodromo Fasano", "Geo Coordinates": { "Latitude": "40.8633030", "Longitude": "17.3766914" } },http://maps.google.com/?cid=1912012278040451977,2019/05/05 13:44:20+00,2019/05/05 13:44:20+00
"POINT (17.743977 40.622547)",Pista dei Saraceni -Pista Gokart, Minimoto, Scooter, Pitbike, Motard e Moto - Puglia,{ "Address": "Strada Statale, 605 Km 5, 72019 San Vito dei Normanni BR, Italy", "Business Name": "Pista dei Saraceni -Pista Gokart, Minimoto, Scooter, Pitbike, Motard e Moto - Puglia", "Geo Coordinates": { "Latitude": "40.6225468", "Longitude": "17.7439770" } },http://maps.google.com/?cid=2668028551945569273,2019/05/05 13:43:41+00,2019/05/05 13:43:41+00
"POINT (9.97 54.966667)",Als Go-Kart Club,{ "Address": "Pilehavevej 10, 6440 Augustenborg, Denmark", "Business Name": "Als Go-Kart Club", "Geo Coordinates": { "Latitude": "54.9666667", "Longitude": "9.9700000" } },http://maps.google.com/?cid=4000382945815313656,2019/05/05 13:40:23+00,2019/05/05 13:40:23+00
"POINT (5.376292 51.462189)",Kombikart Circuit "The Landsard",{ "Address": "Landsardseweg 47, 5657 AB Eindhoven, Netherlands", "Business Name": "Kombikart Circuit "The Landsard"", "Geo Coordinates": { "Latitude": "51.4621890", "Longitude": "5.3762923" } },http://maps.google.com/?cid=6591115157497535064,2019/05/05 13:37:51+00,2019/05/05 13:37:51+00
"POINT (14.765186 47.220181)",Red Bull Ring,{ "Address": "Red Bull Ring Str. 1, 8724 Spielberg, Austria", "Business Name": "Red Bull Ring", "Country Code": "AT", "Geo Coordinates": { "Latitude": "47.2201810", "Longitude": "14.7651864" } },http://maps.google.com/?cid=14445768409744177284,2019/05/05 13:32:11+00,2019/05/05 13:32:11+00
"POINT (16.445417 47.282941)",Speedarena Go Kart Bahn,{ "Address": "Gewerbepark 29, 7471 Rechnitz, Austria", "Business Name": "Speedarena Go Kart Bahn", "Geo Coordinates": { "Latitude": "47.2829410", "Longitude": "16.4454170" } },http://maps.google.com/?cid=9256939630817997502,2019/05/05 13:24:17+00,2019/05/05 13:24:17+00
"POINT (15.982178 47.317434)",PS RACING CENTER,{ "Address": "Industriepark 248, 8230 Greinbach, Austria", "Business Name": "PS RACING CENTER", "Country Code": "AT", "Geo Coordinates": { "Latitude": "47.3174340", "Longitude": "15.9821781" } },http://maps.google.com/?cid=16052278210834142969,2019/05/05 13:24:05+00,2019/05/05 13:24:05+00
"POINT (15.444653 46.966149)",Styria Karting GesmbH,{ "Address": "Industriestraße 39, 8401 Zettling, Austria", "Business Name": "Styria Karting GesmbH", "Geo Coordinates": { "Latitude": "46.9661490", "Longitude": "15.4446531" } },http://maps.google.com/?cid=7828177631828603041,2019/05/05 13:23:45+00,2019/05/05 13:23:45+00
"POINT (12.442509 48.244649)",Kartbahn Ampfing,{ "Address": "Notzen 11, 84539 Ampfing, Germany", "Business Name": "Kartbahn Ampfing", "Geo Coordinates": { "Latitude": "48.2446490", "Longitude": "12.4425091" } },http://maps.google.com/?cid=12639257150202467450,2019/05/05 13:21:49+00,2019/05/05 13:21:49+00
"POINT (11.612271 48.256936)",AK-Racing e.K.,{ "Address": "Robert-Bosch-Straße 18, 85748 Garching bei München, Germany", "Business Name": "AK-Racing e.K.", "Geo Coordinates": { "Latitude": "48.2569357", "Longitude": "11.6122712" } },http://maps.google.com/?cid=17462712737753465862,2019/05/05 13:21:21+00,2019/05/05 13:21:21+00
"POINT (12.62605 48.90223)",Kartbahn Straubing,{ "Address": "Imhoffstraße 98, 94315 Straubing, Germany", "Business Name": "Kartbahn Straubing", "Geo Coordinates": { "Latitude": "48.9022300", "Longitude": "12.6260500" } },http://maps.google.com/?cid=6811170374355791216,2019/05/05 13:16:30+00,2019/05/05 13:16:30+00
"POINT (12.214514 49.326185)",Pro-kart GmbH & Co. KG,{ "Address": "Industriestraße 8, 92442 Wackersdorf, Germany", "Business Name": "Pro-kart GmbH & Co. KG", "Geo Coordinates": { "Latitude": "49.3261846", "Longitude": "12.2145143" } },http://maps.google.com/?cid=11296980385390989167,2019/05/05 13:16:17+00,2019/05/05 13:16:17+00
"POINT (3.163392 46.861541)",Circuit Nevers Magny Cours,{ "Address": "Technopôle, 58470 Magny-Cours, France", "Business Name": "Circuit Nevers Magny Cours", "Country Code": "FR", "Geo Coordinates": { "Latitude": "46.8615409", "Longitude": "3.1633920" } },http://maps.google.com/?cid=5049240314585716423,2019/05/05 12:18:29+00,2019/05/05 12:18:29+00
"POINT (5.792732 43.251717)",Circuit Automobile Paul Ricard,{ "Address": "2760 Route des Hauts du Camp, DN8, 83330 Le Castellet, France", "Business Name": "Circuit Paul Ricard", "Country Code": "FR", "Geo Coordinates": { "Latitude": "43.2517169", "Longitude": "5.7927315" } },http://maps.google.com/?cid=11792909148086218511,2019/05/05 12:16:45+00,2019/05/05 12:16:45+00
"POINT (4.901295 47.363892)",Dijon-Prenois,{ "Address": "Circuit Dijon, 21370 Prenois, France", "Business Name": "Circuit Dijon-Prenois", "Country Code": "FR", "Geo Coordinates": { "Latitude": "47.3638922", "Longitude": "4.9012951" } },http://maps.google.com/?cid=13500555909224007343,2019/05/05 12:16:10+00,2019/05/05 12:16:10+00
"POINT (126.415429 34.738118)",Korea International Circuit,{ "Address": "2 F1(il) 1(il)-ro, Samho-eup, Yeongam-gun, Jeollanam-do, South Korea", "Business Name": "Korea International Circuit", "Country Code": "KR", "Geo Coordinates": { "Latitude": "34.7381177", "Longitude": "126.4154292" } },http://maps.google.com/?cid=13317203219665679469,2019/05/05 12:13:47+00,2019/05/05 12:13:47+00
"POINT (-94.402299 39.255797)",KC Karting,{ "Address": "1090 State Hwy B, Liberty, MO 64068, United States", "Business Name": "KC Karting Association", "Geo Coordinates": { "Latitude": "39.2557969", "Longitude": "-94.4022988" } },http://maps.google.com/?cid=10015363950616593456,2019/05/05 11:57:53+00,2019/05/05 11:57:53+00
"POINT (11.224153 44.831808)",Extrema Kart,{ "Address": "Via Abbà e Motto, 5\/A, 41035 Massa Finalese, Finale Emilia MO, Italy", "Business Name": "Extrema Kart", "Geo Coordinates": { "Latitude": "44.8318076", "Longitude": "11.2241526" } },http://maps.google.com/?cid=3770442297161237653,2019/05/05 11:47:10+00,2019/05/05 11:47:10+00
"POINT (11.103728 44.631472)",Kartodromo Rastellino,{ "Address": "Via Garzolè, 8, 41013 Rastellino MO, Italy", "Business Name": "Kartodromo Rastellino", "Geo Coordinates": { "Latitude": "44.6314717", "Longitude": "11.1037279" } },http://maps.google.com/?cid=6994905237631328039,2019/05/05 11:46:44+00,2019/05/05 11:46:44+00
"POINT (9.603349 45.679965)",Kartodromo Orobico - Colombi Racing Team,{ "Address": "Via Privata Battista Rota, 1, 24035 Curno BG, Italy", "Business Name": "Kartodromo Orobico - Colombi Racing Team", "Geo Coordinates": { "Latitude": "45.6799649", "Longitude": "9.6033490" } },http://maps.google.com/?cid=11086705173383375305,2019/05/05 11:45:22+00,2019/05/05 11:45:22+00
"POINT (9.17316 45.38781)",Big Kart Rozzano,{ "Address": "Via Eugenio Curiel Ang, Via Giuseppe di Vittorio, 20089 Rozzano MI, Italy", "Business Name": "Big Kart Rozzano", "Geo Coordinates": { "Latitude": "45.3878097", "Longitude": "9.1731595" } },http://maps.google.com/?cid=7305980818922127599,2019/05/05 11:44:08+00,2019/05/05 11:44:08+00
"POINT (-3.90209 40.392077)",Karting Asupark,{ "Address": "Ctra. de Móstoles a Villaviciosa, 0, 28670 Villaviciosa de Odón, Madrid, Spain", "Business Name": "Karting Asupark", "Geo Coordinates": { "Latitude": "40.3920774", "Longitude": "-3.9020900" } },http://maps.google.com/?cid=18107475108961241436,2019/05/05 11:41:38+00,2019/05/05 11:41:38+00
"POINT (-4.009055 40.054318)",Karting Club Correcaminos,{ "Address": "Camino Bajo los Nuevos, s\/n, 45211 Recas, Toledo, Spain", "Business Name": "Karting Club Correcaminos", "Geo Coordinates": { "Latitude": "40.0543176", "Longitude": "-4.0090549" } },http://maps.google.com/?cid=146488139452064252,2019/05/05 11:40:55+00,2019/05/05 11:40:55+00
"POINT (-3.597978 39.971111)",Karting circuit Ocaña,{ "Address": "CM 4005 KM 2,900 Salida 52 Dirección, Calle Toledo, A4, 45300 Camino La Flamenca, Toledo, Spain", "Business Name": "Karting circuit Ocaña", "Geo Coordinates": { "Latitude": "39.9711112", "Longitude": "-3.5979783" } },http://maps.google.com/?cid=2949574881001653491,2019/05/05 11:40:42+00,2019/05/05 11:40:42+00
"POINT (-8.798503 41.650025)",Karting Viana,{ "Address": "Lugar da Areia - Chafé, 4935-581 Viana do Castelo, Portugal", "Business Name": "Karting Viana", "Geo Coordinates": { "Latitude": "41.6500249", "Longitude": "-8.7985029" } },http://maps.google.com/?cid=9580655044957746137,2019/05/05 11:37:32+00,2019/05/05 11:37:32+00
"POINT (-8.632945 42.142536)",Go-Kart Porriño,{ "Address": "Polígono de las gándaras Carretera Pontellas, km 4, 36412 O Porriño, Pontevedra, Spain", "Business Name": "Go-Kart O Porriño", "Geo Coordinates": { "Latitude": "42.1425361", "Longitude": "-8.6329450" } },http://maps.google.com/?cid=9031104044962511135,2019/05/05 11:37:14+00,2019/05/05 11:37:14+00
"POINT (-8.625791 42.670728)",Kartodromovalga,{ "Address": "36646 Valga, Pontevedra, Spain", "Business Name": "Kartodromovalga", "Geo Coordinates": { "Latitude": "42.6707280", "Longitude": "-8.6257910" } },http://maps.google.com/?cid=11990537675987789973,2019/05/05 11:36:59+00,2019/05/05 11:36:59+00
"POINT (-8.62532 42.670894)",HobbyKart,{ "Address": "Casal do Eirigo, Setecoros, 36646 Valga, Pontevedra, Spain", "Business Name": "HobbyKart", "Geo Coordinates": { "Latitude": "42.6708940", "Longitude": "-8.6253200" } },http://maps.google.com/?cid=6903157997192570294,2019/05/05 11:36:43+00,2019/05/05 11:36:43+00
"POINT (-8.396699 41.186748)",Kartodromo de Baltar,{ "Address": "Av. de São Silvestre 760, 4585-050 Baltar, Portugal", "Business Name": "Kartodromo de Baltar", "Geo Coordinates": { "Latitude": "41.1867483", "Longitude": "-8.3966986" } },http://maps.google.com/?cid=3548335288501779717,2019/05/05 11:34:23+00,2019/05/05 11:34:23+00
"POINT (-9.320794 39.282793)",Dinokart - Kartódromo da Lourinhã,{ "Address": "Estrada Nacional 247, 2530-077 Lourinhã, Portugal", "Business Name": "Dinokart - Kartódromo da Lourinhã", "Geo Coordinates": { "Latitude": "39.2827929", "Longitude": "-9.3207936" } },http://maps.google.com/?cid=5471782024939707211,2019/05/05 11:33:30+00,2019/05/05 11:33:30+00
"POINT (-9.188417 39.266304)",KIRO - Karting International West Region - ITD, Lda.,{ "Address": "Casal do, Estr. do Urmal Ap 28, 2544-909 Bombarral, Portugal", "Business Name": "KIRO - Karting International West Region - ITD, Lda.", "Geo Coordinates": { "Latitude": "39.2663040", "Longitude": "-9.1884174" } },http://maps.google.com/?cid=6832068309165053835,2019/05/05 11:33:13+00,2019/05/05 11:33:13+00
"POINT (-8.964865 39.028009)",Campera Karting,{ "Address": "2580-491 Carregado, Portugal", "Business Name": "Campera Karting", "Geo Coordinates": { "Latitude": "39.0280094", "Longitude": "-8.9648652" } },http://maps.google.com/?cid=4356859168221387343,2019/05/05 11:32:56+00,2019/05/05 11:32:56+00
"POINT (-9.193279 38.77859)",Karting Odivelas,{ "Address": "1675-076 Pontinha, Portugal", "Business Name": "Karting Odivelas", "Geo Coordinates": { "Latitude": "38.7785899", "Longitude": "-9.1932786" } },http://maps.google.com/?cid=11703451114711495789,2019/05/05 11:32:25+00,2019/05/05 11:32:25+00
"POINT (-9.193266 38.778406)",LisboaKart,{ "Address": "Acesso Kartódromo, Av. José Francisco Guerreiro, 1975-009 Pontinha, Portugal", "Business Name": "LisboaKart", "Geo Coordinates": { "Latitude": "38.7784060", "Longitude": "-9.1932657" } },http://maps.google.com/?cid=16371899525161050096,2019/05/05 11:31:53+00,2019/05/05 11:31:53+00
"POINT (-5.95741 37.425126)",TaliKart,{ "Address": "Camino de la Reina, 2002, 41020 Sevilla, Spain", "Business Name": "TaliKart", "Geo Coordinates": { "Latitude": "37.4251258", "Longitude": "-5.9574105" } },http://maps.google.com/?cid=14364099831202970420,2019/05/05 11:30:25+00,2019/05/05 11:30:25+00
"POINT (-5.931986 37.558826)",KARTING SEVILLA,{ "Address": "ALCALA DEL RIO a Villaverde km 6 Carretera de, 41200 Esquivel, Sevilla, Spain", "Business Name": "KARTING SEVILLA", "Geo Coordinates": { "Latitude": "37.5588264", "Longitude": "-5.9319863" } },http://maps.google.com/?cid=17277341946925109498,2019/05/05 11:29:12+00,2019/05/05 11:29:12+00
"POINT (3.124006 42.10891)",Karting l'Escala,{ "Address": "GI-632, Km 2, 17141 Bellcaire d'Empordà, Girona, Spain", "Business Name": "Karting l'Escala", "Country Code": "ES", "Geo Coordinates": { "Latitude": "42.1089096", "Longitude": "3.1240062" } },http://maps.google.com/?cid=14036625285068608186,2019/05/05 11:24:34+00,2019/05/05 11:24:34+00
"POINT (3.136698 41.868949)",KARTING PALAMÓS S.L.,{ "Address": "carretera C31 de Girona a Palamos km 326,5, 17230 Palamós, Girona, Spain", "Business Name": "KARTING PALAMÓS S.L.", "Geo Coordinates": { "Latitude": "41.8689490", "Longitude": "3.1366980" } },http://maps.google.com/?cid=10029469174709968063,2019/05/05 11:23:45+00,2019/05/05 11:23:45+00
"POINT (3.158899 42.277772)",Karting Roses,{ "Address": "Palau, s\/n, Carr. de Roses, 17480, Girona, Spain", "Business Name": "Karting Roses", "Geo Coordinates": { "Latitude": "42.2777722", "Longitude": "3.1588989" } },http://maps.google.com/?cid=3597162473703411362,2019/05/05 11:23:19+00,2019/05/05 11:23:19+00
"POINT (3.151026 42.044488)",Go Karts L'Estartit,{ "Address": "Diseminado Afores, 93, 17257 Torroella de Montgrí, Girona, Spain", "Business Name": "Go Karts L'Estartit", "Geo Coordinates": { "Latitude": "42.0444877", "Longitude": "3.1510256" } },http://maps.google.com/?cid=14534858858103715656,2019/05/05 11:22:52+00,2019/05/05 11:22:52+00
"POINT (3.177087 41.957656)",Karting Regencos,{ "Address": "Carretera de Regencos a Begur S\/N, 17214 Regencós, Girona, Spain", "Business Name": "Karting Regencos", "Geo Coordinates": { "Latitude": "41.9576564", "Longitude": "3.1770874" } },http://maps.google.com/?cid=5358517534714794110,2019/05/05 11:22:28+00,2019/05/05 11:22:28+00
"POINT (2.281492 41.949711)",Circuit D’osona,{ "Address": "Carrer Cabreres, 2, 08500 Vic, Barcelona, Spain", "Business Name": "Circuit D’osona", "Geo Coordinates": { "Latitude": "41.9497108", "Longitude": "2.2814919" } },http://maps.google.com/?cid=2996627868291000936,2019/05/05 11:21:41+00,2019/05/05 11:21:41+00
"POINT (1.888479 41.784832)",Karting Sallent,{ "Address": "C-16, km 58,5, 08650 Sallent, B, Spain", "Business Name": "Karting Sallent", "Geo Coordinates": { "Latitude": "41.7848320", "Longitude": "1.8884792" } },http://maps.google.com/?cid=3932580417223010664,2019/05/05 11:21:16+00,2019/05/05 11:21:16+00
"POINT (3.848223 49.115551)",Karting-Belval,{ "Address": "Grand Pré Hameau, 51480 Belval-sous-Châtillon, France", "Business Name": "Karting-Belval", "Geo Coordinates": { "Latitude": "49.1155509", "Longitude": "3.8482229" } },http://maps.google.com/?cid=17330812861780072626,2019/05/05 11:14:16+00,2019/05/05 11:14:16+00
"POINT (4.135934 49.282139)",KART'RACE,{ "Address": "Rue de Berru, 51420 Witry-lès-Reims, France", "Business Name": "KART'RACE", "Geo Coordinates": { "Latitude": "49.2821388", "Longitude": "4.1359338" } },http://maps.google.com/?cid=13544582108461370962,2019/05/05 11:13:54+00,2019/05/05 11:13:54+00
"POINT (5.249861 48.923805)",Sklc 55,{ "Address": "La Haie la Gougne, 55260 Chaumont-sur-Aire, France", "Business Name": "Sklc 55", "Geo Coordinates": { "Latitude": "48.9238053", "Longitude": "5.2498608" } },http://maps.google.com/?cid=13544341810057820378,2019/05/05 11:12:41+00,2019/05/05 11:12:41+00
"POINT (5.376964 49.148444)",Karting 55,{ "Address": "Boulevard Stratégique, 55100 Verdun, France", "Business Name": "Karting 55", "Geo Coordinates": { "Latitude": "49.1484437", "Longitude": "5.3769635" } },http://maps.google.com/?cid=8360543747277664161,2019/05/05 11:12:24+00,2019/05/05 11:12:24+00
"POINT (5.97718 49.339307)",Karting track Lommerange,{ "Address": "D58, 57650 Lommerange, France", "Business Name": "PISTE DE KARTING DE LOMMERANGE", "Geo Coordinates": { "Latitude": "49.3393073", "Longitude": "5.9771796" } },http://maps.google.com/?cid=13315538897128663167,2019/05/05 11:11:24+00,2019/05/05 11:11:24+00
"POINT (2.32962 47.82048)",Karting 45,{ "Address": "9 Route du Vieux Chemin, 45730 Saint-Benoît-sur-Loire, France", "Business Name": "Karting 45", "Geo Coordinates": { "Latitude": "47.8204803", "Longitude": "2.3296201" } },http://maps.google.com/?cid=10911899643250544251,2019/05/05 11:09:54+00,2019/05/05 11:09:54+00
"POINT (1.4277 48.05234)",Dunois Kart,{ "Address": "lieu-dit Vauvates, 28200 Lutz-en-Dunois, France", "Business Name": "DUNOIS KART", "Geo Coordinates": { "Latitude": "48.0523399", "Longitude": "1.4276997" } },http://maps.google.com/?cid=13856970560909523671,2019/05/05 11:08:45+00,2019/05/05 11:08:45+00
"POINT (1.487884 47.728806)",Cap Karting,{ "Address": "Route de Talcy, 41500 Mer, France", "Business Name": "Cap Karting", "Geo Coordinates": { "Latitude": "47.7288055", "Longitude": "1.4878840" } },http://maps.google.com/?cid=9955877337490603589,2019/05/05 11:08:23+00,2019/05/05 11:08:23+00
"POINT (2.049394 47.361896)",Sologne Karting,{ "Address": "Lieu-dit Les Maisons Rouges, 41300 Salbris, France", "Business Name": "Sologne Karting Ecole de Pilotage", "Geo Coordinates": { "Latitude": "47.3618965", "Longitude": "2.0493941" } },http://maps.google.com/?cid=12255206858511640829,2019/05/05 11:08:04+00,2019/05/05 11:08:04+00
"POINT (2.543751 46.692462)",Karting St-Amand Colombiers,{ "Address": "18200 Colombiers, France", "Business Name": "Karting St-Amand Colombiers", "Geo Coordinates": { "Latitude": "46.6924617", "Longitude": "2.5437506" } },http://maps.google.com/?cid=2138167980642006109,2019/05/05 11:07:37+00,2019/05/05 11:07:37+00
"POINT (2.520168 46.340656)",Dynamic Kart,{ "Address": "Le Cordeau, Lieu-dit, 03380 Quinssaines, France", "Business Name": "Dynamic Kart", "Geo Coordinates": { "Latitude": "46.3406558", "Longitude": "2.5201681" } },http://maps.google.com/?cid=2835960955047802084,2019/05/05 11:06:07+00,2019/05/05 11:06:07+00
"POINT (2.600155 46.172253)",GTR Performances Sarl,{ "Address": "03420 Marcillat-en-Combraille, France", "Business Name": "GTR Performance", "Geo Coordinates": { "Latitude": "46.1722527", "Longitude": "2.6001549" } },http://maps.google.com/?cid=10386597785208955182,2019/05/05 11:05:45+00,2019/05/05 11:05:45+00
"POINT (2.580898 45.650162)",Kart Quad Sensations,{ "Address": "D2089, 63760 Bourg-Lastic, France", "Business Name": "Kart Quad Sensations", "Geo Coordinates": { "Latitude": "45.6501617", "Longitude": "2.5808980" } },http://maps.google.com/?cid=11919340998988717063,2019/05/05 11:05:31+00,2019/05/05 11:05:31+00
"POINT (3.438578 45.793909)",Kart Escale,{ "Address": "La Gravière, 63190 Bort-l'Étang, France", "Business Name": "Kart Escale", "Geo Coordinates": { "Latitude": "45.7939090", "Longitude": "3.4385780" } },http://maps.google.com/?cid=9352274165144764251,2019/05/05 11:04:49+00,2019/05/05 11:04:49+00
"POINT (3.128 45.908871)",Circuit Sarron,{ "Address": "1 Avenue Hector Berlioz, 63200 Riom, France", "Business Name": "Circuit Sarron", "Geo Coordinates": { "Latitude": "45.9088706", "Longitude": "3.1280000" } },http://maps.google.com/?cid=7857767933359462399,2019/05/05 11:04:25+00,2019/05/05 11:04:25+00
"POINT (3.358622 46.322285)",Circuit Jean Brun Karting,{ "Address": "Route de la Tour de Villemouze, 03500 Paray-sous-Briailles, France", "Business Name": "Circuit Jean Brun Karting", "Geo Coordinates": { "Latitude": "46.3222846", "Longitude": "3.3586223" } },http://maps.google.com/?cid=6504902787242787157,2019/05/05 11:04:02+00,2019/05/05 11:04:02+00
"POINT (0.4226 48.037239)",RKM - Le Mans Kart Racing,{ "Address": "La Vinette, 72450 Montfort-le-Gesnois, France", "Business Name": "RKM - Le Mans Kart Racing", "Geo Coordinates": { "Latitude": "48.0372390", "Longitude": "0.4226000" } },http://maps.google.com/?cid=11406005464717304663,2019/05/05 11:00:52+00,2019/05/05 11:00:52+00
"POINT (0.211472 47.940999)",Le Mans Karting International,{ "Address": "Route du, Chemin aux Bœufs, 72100 Le Mans, France", "Business Name": "Le Mans Karting International", "Geo Coordinates": { "Latitude": "47.9409992", "Longitude": "0.2114722" } },http://maps.google.com/?cid=6229890527130598130,2019/05/05 11:00:32+00,2019/05/05 11:00:32+00
"POINT (-1.498181 47.12338)",Jovikart - Karting Nantes,{ "Address": "Parc Activités de la Forêt, 44140 Le Bignon, France", "Business Name": "Jovikart - Karting Nantes", "Geo Coordinates": { "Latitude": "47.1233800", "Longitude": "-1.4981810" } },http://maps.google.com/?cid=4679113732677666315,2019/05/05 10:59:20+00,2019/05/05 10:59:20+00
"POINT (3.015672 42.607448)",Karting St Cyprien,{ "Address": "Chemin du prat d'en veil, Als Rallasos, 66750 Saint-Cyprien, France", "Business Name": "Karting St Cyprien", "Geo Coordinates": { "Latitude": "42.6074480", "Longitude": "3.0156720" } },http://maps.google.com/?cid=9450614118524813641,2019/05/05 10:56:59+00,2019/05/05 10:56:59+00
"POINT (3.035259 42.57733)",Ludi Kart - Karting Argelès,{ "Address": "1 impasse Copernic - Espace de Loisirs, 66700 Argelès-sur-Mer, France", "Business Name": "Ludi Kart - Karting Argelès", "Geo Coordinates": { "Latitude": "42.5773300", "Longitude": "3.0352590" } },http://maps.google.com/?cid=1627649984653057004,2019/05/05 10:56:34+00,2019/05/05 10:56:34+00
"POINT (3.0181 42.758728)",Karting Torreilles,{ "Address": "Mas Dels Capellans, 66440 Torreilles, France", "Business Name": "Karting Torreilles", "Geo Coordinates": { "Latitude": "42.7587280", "Longitude": "3.0180995" } },http://maps.google.com/?cid=6181602724342205131,2019/05/05 10:56:02+00,2019/05/05 10:56:02+00
"POINT (2.908751 42.780017)",Kart Power - Grand Circuit du Roussillon,{ "Address": "Mas de la Garrigue N, 66600 Rivesaltes, France", "Business Name": "Kart Power - Grand Circuit du Roussillon", "Geo Coordinates": { "Latitude": "42.7800170", "Longitude": "2.9087510" } },http://maps.google.com/?cid=9489453701594708798,2019/05/05 10:55:51+00,2019/05/05 10:55:51+00
"POINT (1.279077 43.453912)",HGK - Circuit Compétition,{ "Address": "21 Rue Jean-Manuel Fangio, 31600 Muret, France", "Business Name": "HGK - Circuit Compétition", "Geo Coordinates": { "Latitude": "43.4539118", "Longitude": "1.2790767" } },http://maps.google.com/?cid=4057933774699729916,2019/05/05 10:52:27+00,2019/05/05 10:52:27+00
"POINT (5.064987 44.037986)",Karting Carpentras,{ "Address": "1 Chemin de Saint-Ponchon, 84200 Carpentras, France", "Business Name": "Karting Carpentras", "Geo Coordinates": { "Latitude": "44.0379859", "Longitude": "5.0649866" } },http://maps.google.com/?cid=4961569826776584138,2019/05/05 10:50:40+00,2019/05/05 10:50:40+00
"POINT (4.945956 44.054291)",Karting Monteux,{ "Address": "Chemin de la Grange Neuve, 84170 Monteux, France", "Business Name": "Karting Monteux", "Geo Coordinates": { "Latitude": "44.0542907", "Longitude": "4.9459557" } },http://maps.google.com/?cid=5144366555216609924,2019/05/05 10:50:20+00,2019/05/05 10:50:20+00
"POINT (4.605162 43.818932)",espace loisirs karting,{ "Address": "Chemin des Melettes, 30300 Beaucaire, France", "Business Name": "espace loisirs karting", "Geo Coordinates": { "Latitude": "43.8189315", "Longitude": "4.6051621" } },http://maps.google.com/?cid=7358293702243720585,2019/05/05 10:49:47+00,2019/05/05 10:49:47+00
"POINT (4.265742 43.945642)",THE KARTING CALMETTE,{ "Address": "Route de Saint-Chaptes, 30190 La Calmette, France", "Business Name": "THE KARTING CALMETTE", "Geo Coordinates": { "Latitude": "43.9456420", "Longitude": "4.2657420" } },http://maps.google.com/?cid=14768552165434250051,2019/05/05 10:49:17+00,2019/05/05 10:49:17+00
"POINT (4.427227 43.817056)",Sud Karting,{ "Address": "Chemin des Canaux, Gara de Paille E, 30230 Bouillargues, France", "Business Name": "Sud Karting", "Geo Coordinates": { "Latitude": "43.8170555", "Longitude": "4.4272271" } },http://maps.google.com/?cid=1404618180060144474,2019/05/05 10:48:43+00,2019/05/05 10:48:43+00
"POINT (4.30415 43.778912)",Kart Anim',{ "Address": "Chemin des Carrières Souterraines, 30540 Milhaud, France", "Business Name": "Kart Anim'", "Geo Coordinates": { "Latitude": "43.7789115", "Longitude": "4.3041501" } },http://maps.google.com/?cid=10876216469741122924,2019/05/05 10:48:08+00,2019/05/05 10:48:08+00
"POINT (3.700361 43.907944)",Kartix Parc - Parc Sports And Recreation,{ "Address": "Les Péras des Caizergues, 34190 Brissac, France", "Business Name": "Kartix Parc", "Geo Coordinates": { "Latitude": "43.9079437", "Longitude": "3.7003612" } },http://maps.google.com/?cid=8663545817723951590,2019/05/05 10:47:38+00,2019/05/05 10:47:38+00
"POINT (3.942139 43.578424)",LOC'KARTING,{ "Address": "Lieu-dit La Pailletrice, Route Departementale 172, 34470 Pérols, France", "Business Name": "Loc'Karting", "Geo Coordinates": { "Latitude": "43.5784236", "Longitude": "3.9421387" } },http://maps.google.com/?cid=542280687085243108,2019/05/05 10:47:22+00,2019/05/05 10:47:22+00
"POINT (3.762525 43.64125)",Circuit Elceka,{ "Address": "Route de Bel air, 34790 Grabels, France", "Business Name": "Circuit Elceka", "Geo Coordinates": { "Latitude": "43.6412503", "Longitude": "3.7625246" } },http://maps.google.com/?cid=11653430320057534314,2019/05/05 10:46:58+00,2019/05/05 10:46:58+00
"POINT (5.063903 43.387633)",Karting Martigues - Piste de L'Oratoire,{ "Address": "Circuit Antoine suppo, Piste de l’oratoire, Route de Saint-Pierre, 13500 Martigues, France", "Business Name": "Karting Martigues - Piste de L'Oratoire", "Geo Coordinates": { "Latitude": "43.3876333", "Longitude": "5.0639028" } },http://maps.google.com/?cid=13841359643517108143,2019/05/05 10:45:46+00,2019/05/05 10:45:46+00
"POINT (5.217972 43.490417)",KARTING DE L'ETANG,{ "Address": "31 Chemin Des Passadouires, 13340 Rognac, France", "Business Name": "Karting de l'Etang", "Geo Coordinates": { "Latitude": "43.4904166", "Longitude": "5.2179719" } },http://maps.google.com/?cid=10284376853841690229,2019/05/05 10:45:20+00,2019/05/05 10:45:20+00
"POINT (5.698084 43.476065)",Karting Vallée De L'arc,{ "Address": "Moulin de Gratian, Quartier, 13530 Trets, France", "Business Name": "Karting Vallée De L'arc", "Geo Coordinates": { "Latitude": "43.4760648", "Longitude": "5.6980845" } },http://maps.google.com/?cid=9095531952687456119,2019/05/05 10:44:56+00,2019/05/05 10:44:56+00
"POINT (6.013522 43.404953)",Brignoles Karting Loisir,{ "Address": "Chemin de Ceinture, 83170 Brignoles, France", "Business Name": "Brignoles Karting Loisir", "Country Code": "FR", "Geo Coordinates": { "Latitude": "43.4049530", "Longitude": "6.0135221" } },http://maps.google.com/?cid=4484822043470059813,2019/05/05 10:44:37+00,2019/05/05 10:44:37+00
"POINT (6.339977 43.349205)",Prestige Karting,{ "Address": "Route des Mayons, 83340 Le Luc, France", "Business Name": "Prestige Karting", "Geo Coordinates": { "Latitude": "43.3492050", "Longitude": "6.3399772" } },http://maps.google.com/?cid=1854549532024859161,2019/05/05 10:44:10+00,2019/05/05 10:44:10+00
"POINT (6.729442 43.422291)",International Racing Karting,{ "Address": "Chemin de Villeneuve, Avenue du 8 Mai 1945, 83600 Fréjus, France", "Business Name": "International Racing Karting", "Geo Coordinates": { "Latitude": "43.4222908", "Longitude": "6.7294421" } },http://maps.google.com/?cid=12098163032813370762,2019/05/05 10:43:20+00,2019/05/05 10:43:20+00
"POINT (126.684798 37.779559)",카트랜드,{ "Address": "355 Seongdong-ri, Tanhyeon-myeon, Paju-si, Gyeonggi-do, South Korea", "Business Name": "카트랜드", "Geo Coordinates": { "Latitude": "37.7795590", "Longitude": "126.6847978" } },http://maps.google.com/?cid=6965459789595459079,2019/05/05 10:25:09+00,2019/05/05 10:25:09+00
"POINT (139.10942 36.171275)",Honjo Circuit,{ "Address": "883 Kodamacho Takayanagi, Honjo, Saitama 367-0224, Japan", "Business Name": "GOLDEX Honjo Motor Park", "Country Code": "JP", "Geo Coordinates": { "Latitude": "36.1712750", "Longitude": "139.1094203" } },http://maps.google.com/?cid=1218400696760520550,2019/05/05 10:19:44+00,2019/05/05 10:19:44+00
"POINT (139.525036 35.973039)",テルル桶川スポーツランド,{ "Address": "7921-3 Ueno, Okegawa, Saitama 363-0027, Japan", "Business Name": "テルル桶川スポーツランド", "Country Code": "JP", "Geo Coordinates": { "Latitude": "35.9730390", "Longitude": "139.5250360" } },http://maps.google.com/?cid=13989011660937796969,2019/05/05 10:18:38+00,2019/05/05 10:18:38+00
"POINT (139.592444 35.860479)",Circuit Akigase,{ "Address": "1099 Kamiokubo, Sakura Ward, Saitama, 338-0824, Japan", "Business Name": "Circuit Akigase", "Country Code": "JP", "Geo Coordinates": { "Latitude": "35.8604789", "Longitude": "139.5924443" } },http://maps.google.com/?cid=14761349918734505329,2019/05/05 10:17:59+00,2019/05/05 10:17:59+00
"POINT (139.417007 35.77219)",モーターパーク所沢,{ "Address": "1380-3 Kamiyamaguchi, Tokorozawa, Saitama 359-1153, Japan", "Business Name": "モーターパーク所沢", "Geo Coordinates": { "Latitude": "35.7721902", "Longitude": "139.4170072" } },http://maps.google.com/?cid=1360682200486074558,2019/05/05 10:17:17+00,2019/05/05 10:17:17+00
"POINT (139.206769 35.853933)",フォーミュランド・ラー飯能,{ "Address": "1117 Akazawa, Hanno, Saitama 357-0128, Japan", "Business Name": "フォーミュランド・ラー飯能", "Country Code": "JP", "Geo Coordinates": { "Latitude": "35.8539330", "Longitude": "139.2067690" } },http://maps.google.com/?cid=14724125611475522858,2019/05/05 10:16:16+00,2019/05/05 10:16:16+00
"POINT (139.516447 36.174515)",クイック羽生,{ "Address": "275-1 Kuwasaki, Hanyu, Saitama 348-0043, Japan", "Business Name": "クイック羽生", "Geo Coordinates": { "Latitude": "36.1745154", "Longitude": "139.5164466" } },http://maps.google.com/?cid=5558102245975035186,2019/05/05 10:15:14+00,2019/05/05 10:15:14+00
"POINT (139.825584 36.342311)",モデナグランプリサーキット,{ "Address": "487-1 Kizawa, Oyama, Tochigi 323-0014, Japan", "Business Name": "モデナグランプリサーキット", "Country Code": "JP", "Geo Coordinates": { "Latitude": "36.3423110", "Longitude": "139.8255840" } },http://maps.google.com/?cid=848691888872658701,2019/05/05 10:14:24+00,2019/05/05 10:14:24+00
"POINT (139.70077 36.799521)",タイムトライアルサーキット・グランデイソーラ,{ "Address": "320-1 Kosagoe, Nikko, Tochigi 321-2525, Japan", "Business Name": "グランデイソーラ", "Geo Coordinates": { "Latitude": "36.7995209", "Longitude": "139.7007703" } },http://maps.google.com/?cid=1387673737841033730,2019/05/05 10:12:58+00,2019/05/05 10:12:58+00
"POINT (139.986545 36.503934)",井頭モーターパーク,{ "Address": "468-2 Shimokomoriya, Moka, Tochigi 321-4415, Japan", "Business Name": "井頭モーターパーク", "Country Code": "JP", "Geo Coordinates": { "Latitude": "36.5039345", "Longitude": "139.9865448" } },http://maps.google.com/?cid=9384689713983772357,2019/05/05 10:12:20+00,2019/05/05 10:12:20+00
"POINT (139.64114 36.393469)",Fesutika Circuit Tochigi,{ "Address": "1275-1 Kashiwaguramachi, Tochigi, 328-0066, Japan", "Business Name": "Festika Circuit Tochigi", "Country Code": "JP", "Geo Coordinates": { "Latitude": "36.3934690", "Longitude": "139.6411400" } },http://maps.google.com/?cid=2137738094082291947,2019/05/05 10:11:38+00,2019/05/05 10:11:38+00
"POINT (140.225406 36.529512)",Twin Ring Motegi Go-Kart Circuit,{ "Address": "120-1 Hiyama, 茂木町 Motegi, Haga District, Tochigi 321-3563, Japan", "Business Name": "Twin Ring Motegi Go-Kart Circuit", "Geo Coordinates": { "Latitude": "36.5295118", "Longitude": "140.2254059" } },http://maps.google.com/?cid=6116915912162568600,2019/05/05 10:11:06+00,2019/05/05 10:11:06+00
"POINT (130.491786 32.361244)",御立岬公園ゴーカート場,{ "Address": "145 Tanouramachi, Ashikita, Ashikita District, Kumamoto 869-5305, Japan", "Business Name": "御立岬公園ゴーカート場", "Geo Coordinates": { "Latitude": "32.3612439", "Longitude": "130.4917863" } },http://maps.google.com/?cid=15233786693649199833,2019/05/05 10:05:30+00,2019/05/05 10:05:30+00
"POINT (130.924217 31.295366)",大隅広域公園 レンタルカート場,{ "Address": "Japan, 〒893-1101 Kagoshima, Kanoya, Airacho Kamimyo, 黒羽子地内", "Business Name": "大隅広域公園 レンタルカート場", "Geo Coordinates": { "Latitude": "31.2953661", "Longitude": "130.9242171" } },http://maps.google.com/?cid=18380084792942608255,2019/05/05 10:02:57+00,2019/05/05 10:02:57+00
"POINT (76.360849 10.001433)",Chillax Racing Club,{ "Address": "Infopark Expy, Rajagiri Valley, Kakkanad, Kerala 682030, India", "Business Name": "Chillax Racing Club", "Country Code": "IN", "Geo Coordinates": { "Latitude": "10.0014330", "Longitude": "76.3608491" } },http://maps.google.com/?cid=5086365506354091828,2019/05/05 09:54:54+00,2019/05/05 09:54:54+00
"POINT (134.266495 34.039485)",Tokushima Kartland,{ "Address": "Japan, 〒779-3504 Tokushima, Yoshinogawa, Misato, 字 毛無51", "Business Name": "Tokushima Kartland", "Country Code": "JP", "Geo Coordinates": { "Latitude": "34.0394853", "Longitude": "134.2664947" } },http://maps.google.com/?cid=6080586464207661248,2019/05/05 09:48:22+00,2019/05/05 09:48:22+00
"POINT (133.959392 34.235708)",Kirtland Shikoku,{ "Address": "635-7 Yamadashimo, Ayagawa, Ayauta District, Kagawa 761-2204, Japan", "Business Name": "Kartland Shikoku", "Geo Coordinates": { "Latitude": "34.2357075", "Longitude": "133.9593919" } },http://maps.google.com/?cid=1509205510158737189,2019/05/05 09:47:37+00,2019/05/05 09:47:37+00
"POINT (135.306796 34.974675)",猪名川サーキット,{ "Address": "Maedani-72-1 Shimizu, Inagawa, Kawabe District, Hyogo 666-0214, Japan", "Business Name": "猪名川サーキット", "Country Code": "JP", "Geo Coordinates": { "Latitude": "34.9746748", "Longitude": "135.3067956" } },http://maps.google.com/?cid=2248237899093305801,2019/05/05 09:44:49+00,2019/05/05 09:44:49+00
"POINT (135.130955 35.157548)",キャピタルスポーツランド,{ "Address": "306 Kasugacho Nokono, Tamba, Hyogo 669-4124, Japan", "Business Name": "キャピタルスポーツランド", "Country Code": "JP", "Geo Coordinates": { "Latitude": "35.1575480", "Longitude": "135.1309550" } },http://maps.google.com/?cid=5311901084872458691,2019/05/05 09:44:18+00,2019/05/05 09:44:18+00
"POINT (133.904021 34.567)",なださきレークサイドパーク,{ "Address": "Kitananaku, Minami Ward, Okayama, 709-1201, Japan", "Business Name": "なださきレークサイドパーク", "Geo Coordinates": { "Latitude": "34.5669997", "Longitude": "133.9040209" } },http://maps.google.com/?cid=2798475238608175916,2019/05/05 09:42:10+00,2019/05/05 09:42:10+00
"POINT (133.615675 34.974666)",Bihoku Highland Circuit,{ "Address": "3190 Toyonagasabushi, Niimi, Okayama 719-2722, Japan", "Business Name": "Bihoku Highland Circuit", "Country Code": "JP", "Geo Coordinates": { "Latitude": "34.9746659", "Longitude": "133.6156750" } },http://maps.google.com/?cid=18383563016565069982,2019/05/05 09:41:08+00,2019/05/05 09:41:08+00
"POINT (134.177248 34.783404)",Nakayama circuit,{ "Address": "751 Onakayama, Wake, Wake District, Okayama 709-0432, Japan", "Business Name": "Nakayama circuit", "Country Code": "JP", "Geo Coordinates": { "Latitude": "34.7834037", "Longitude": "134.1772478" } },http://maps.google.com/?cid=6900796794241604026,2019/05/05 09:40:12+00,2019/05/05 09:40:12+00
"POINT (134.2198 34.913066)",Okayama International Circuit,{ "Address": "1210 Takimiya, Mimasaka, Okayama 701-2612, Japan", "Business Name": "Okayama International Circuit", "Country Code": "JP", "Geo Coordinates": { "Latitude": "34.9130656", "Longitude": "134.2198002" } },http://maps.google.com/?cid=14730187110305824831,2019/05/05 09:39:33+00,2019/05/05 09:39:33+00
"POINT (134.663424 34.924042)",ドリームサーキット,{ "Address": "2098-2 Yumesakichotera, Himeji, Hyogo 671-2116, Japan", "Business Name": "ドリームサーキット", "Geo Coordinates": { "Latitude": "34.9240420", "Longitude": "134.6634240" } },http://maps.google.com/?cid=1021284803604589075,2019/05/05 09:37:45+00,2019/05/05 09:37:45+00
"POINT (135.092617 34.708097)",神戸スポーツサーキット,{ "Address": "917 Ikawadanicho, 西区 Kobe, Hyogo 651-2101, Japan", "Business Name": "神戸スポーツサーキット", "Country Code": "JP", "Geo Coordinates": { "Latitude": "34.7080969", "Longitude": "135.0926167" } },http://maps.google.com/?cid=952123256341229361,2019/05/05 09:36:13+00,2019/05/05 09:36:13+00
"POINT (135.336146 34.832622)",たからづかカートフィールド,{ "Address": "Nagaoyama-15-329 Kawamo, Takarazuka, Hyogo 665-0848, Japan", "Business Name": "Takarazuka Cart Field", "Country Code": "JP", "Geo Coordinates": { "Latitude": "34.8326225", "Longitude": "135.3361455" } },http://maps.google.com/?cid=13881391301305489713,2019/05/05 09:35:32+00,2019/05/05 09:35:32+00
"POINT (135.389668 34.666602)",Amazing Kart ISK Osaka Maishima,{ "Address": "2 Chome-1 Hokkoryokuchi, Konohana Ward, Osaka, 554-0042, Japan", "Business Name": "Amazing Kart ISK Osaka Maishima", "Country Code": "JP", "Geo Coordinates": { "Latitude": "34.6666016", "Longitude": "135.3896680" } },http://maps.google.com/?cid=3644172776877945648,2019/05/05 09:34:55+00,2019/05/05 09:34:55+00
"POINT (135.531167 34.464333)",Sakai Kartland,{ "Address": "Japan, 〒590-0124 Osaka, Sakai, Minami Ward, Hata, 1045 堺カートランド", "Business Name": "Sakai Kartland", "Country Code": "JP", "Geo Coordinates": { "Latitude": "34.4643330", "Longitude": "135.5311670" } },http://maps.google.com/?cid=482906406638545841,2019/05/05 09:34:05+00,2019/05/05 09:34:05+00
"POINT (135.851898 34.871788)",近畿スポーツランド,{ "Address": "Kono, Ujitawara, Tsuzuki District, Kyoto 610-0251, Japan", "Business Name": "近畿スポーツランド", "Country Code": "JP", "Geo Coordinates": { "Latitude": "34.8717880", "Longitude": "135.8518981" } },http://maps.google.com/?cid=874137166821272219,2019/05/05 09:32:48+00,2019/05/05 09:32:48+00
"POINT (135.682083 34.712283)",Sportsland Ikoma,{ "Address": "1139 Kamitawara, Shijonawate, Osaka 575-0014, Japan", "Business Name": "Sportsland Ikoma", "Country Code": "JP", "Geo Coordinates": { "Latitude": "34.7122830", "Longitude": "135.6820830" } },http://maps.google.com/?cid=10967693929243891923,2019/05/05 09:32:07+00,2019/05/05 09:32:07+00
"POINT (135.888728 35.151977)",Biwako Sports Land,{ "Address": "673-1 Ikadachishimoryugecho, Otsu, Shiga 520-0363, Japan", "Business Name": "Biwako Sports Land", "Country Code": "JP", "Geo Coordinates": { "Latitude": "35.1519767", "Longitude": "135.8887284" } },http://maps.google.com/?cid=10612428531629576846,2019/05/05 09:30:37+00,2019/05/05 09:30:37+00
"POINT (136.489673 34.751235)",カートランド三重,{ "Address": "1718-1 Isshindenkozubeta, Tsu, Mie 514-0061, Japan", "Business Name": "カートランド三重", "Geo Coordinates": { "Latitude": "34.7512353", "Longitude": "136.4896730" } },http://maps.google.com/?cid=17153726507847933182,2019/05/05 09:29:26+00,2019/05/05 09:29:26+00
"POINT (136.537941 34.847094)",アドバンスカート,{ "Address": "7992, 稲生町 Suzuka, Mie 510-0201, Japan", "Business Name": "アドバンスカート", "Geo Coordinates": { "Latitude": "34.8470944", "Longitude": "136.5379411" } },http://maps.google.com/?cid=6796861856003027288,2019/05/05 09:28:12+00,2019/05/05 09:28:12+00
"POINT (136.824911 34.885441)",シーサイドサーキット,{ "Address": "2 Chome-20-3 Rinkucho, Tokoname, Aichi 479-0882, Japan", "Business Name": "Seaside Circuit", "Geo Coordinates": { "Latitude": "34.8854414", "Longitude": "136.8249110" } },http://maps.google.com/?cid=12247185964672339251,2019/05/05 09:23:48+00,2019/05/05 09:23:48+00
"POINT (137.139818 34.834018)",幸田サーキット yrp桐山,{ "Address": "Tateiwa-1-100 Kiriyama, Kota, Nukata District, Aichi 444-0126, Japan", "Business Name": "幸田サーキット yrp桐山", "Country Code": "JP", "Geo Coordinates": { "Latitude": "34.8340182", "Longitude": "137.1398176" } },http://maps.google.com/?cid=9436676677610701832,2019/05/05 01:04:10+00,2019/05/05 01:04:10+00
"POINT (137.211655 35.139227)",石野サーキット,{ "Address": "Dobashi-264 Ishinocho, Toyota, Aichi 470-0329, Japan", "Business Name": "Ishi Circuit", "Geo Coordinates": { "Latitude": "35.1392267", "Longitude": "137.2116550" } },http://maps.google.com/?cid=3929072652192004698,2019/05/05 01:03:09+00,2019/05/05 01:03:09+00
"POINT (137.436126 34.720327)",のんほいサーキット,{ "Address": "Oana-1-238 Oiwacho, Toyohashi, Aichi 441-3147, Japan", "Business Name": "Nonhoi Circuit", "Geo Coordinates": { "Latitude": "34.7203266", "Longitude": "137.4361257" } },http://maps.google.com/?cid=18371158270828885299,2019/05/05 01:00:23+00,2019/05/05 01:00:23+00
"POINT (140.553161 35.988197)",Itako Motorsports Park,{ "Address": "８０４-352 Ou, Itako, Ibaraki 311-2402, Japan", "Business Name": "Itako Motorsports Park", "Geo Coordinates": { "Latitude": "35.9881974", "Longitude": "140.5531607" } },http://maps.google.com/?cid=6190480638632578393,2019/05/05 00:57:34+00,2019/05/05 00:57:34+00
"POINT (126.872247 37.936126)",파주스피드파크,{ "Address": "261-1 Deokcheon-ri, Papyeong-myeon, Paju-si, Gyeonggi-do, South Korea", "Business Name": "파주스피드파크", "Geo Coordinates": { "Latitude": "37.9361265", "Longitude": "126.8722471" } },http://maps.google.com/?cid=16578600210509661734,2019/05/05 00:49:37+00,2019/05/05 00:49:37+00
"POINT (132.55954 34.561846)",スポーツランドＴＡＭＡＤＡ,{ "Address": "Japan, 〒731-0202 Hiroshima, Asakita Ward, 大林町2137 -2", "Business Name": "Sports Land TAMADA", "Country Code": "JP", "Geo Coordinates": { "Latitude": "34.5618456", "Longitude": "132.5595397" } },http://maps.google.com/?cid=3214938157142426278,2019/05/05 00:45:20+00,2019/05/05 00:45:20+00
"POINT (131.498978 34.243732)",Hagi Activity Park Natura Circuit,{ "Address": "463ｰ1 Sasanami, Hagi, Yamaguchi 753-0101, Japan", "Business Name": "Hagi Activity Park Natura Circuit", "Country Code": "JP", "Geo Coordinates": { "Latitude": "34.2437320", "Longitude": "131.4989781" } },http://maps.google.com/?cid=10774705466447961969,2019/05/05 00:44:02+00,2019/05/05 00:44:02+00
"POINT (131.993737 34.067008)",はだし天国サーキット,{ "Address": "28-1 Higuchi, Shunan, Yamaguchi 745-0622, Japan", "Business Name": "Hadashi Tengoku Circuit", "Country Code": "JP", "Geo Coordinates": { "Latitude": "34.0670080", "Longitude": "131.9937370" } },http://maps.google.com/?cid=1028400043877482460,2019/05/05 00:43:47+00,2019/05/05 00:43:47+00
"POINT (132.139194 34.01523)",柳井スポーツランド,{ "Address": "Nagano Ikachi, Yanai, Yamaguchi 742-0201, Japan", "Business Name": "柳井スポーツランド", "Country Code": "JP", "Geo Coordinates": { "Latitude": "34.0152304", "Longitude": "132.1391935" } },http://maps.google.com/?cid=9296126681582300225,2019/05/05 00:43:16+00,2019/05/05 00:43:16+00
"POINT (140.252487 35.488567)",南千葉サーキット,{ "Address": "301 Kongoji, Ichihara, Chiba 290-0162, Japan", "Business Name": "南千葉サーキット", "Geo Coordinates": { "Latitude": "35.4885673", "Longitude": "140.2524871" } },http://maps.google.com/?cid=2719930691730651236,2019/05/05 00:40:24+00,2019/05/05 00:40:24+00
"POINT (140.281071 35.382091)",Mobara Twin Circuit,{ "Address": "640 Daida, Mobara, Chiba 297-0044, Japan", "Business Name": "Mobara Twin Circuit", "Country Code": "JP", "Geo Coordinates": { "Latitude": "35.3820908", "Longitude": "140.2810706" } },http://maps.google.com/?cid=11899999551070615785,2019/05/05 00:38:17+00,2019/05/05 00:38:17+00
"POINT (140.091464 35.456054)",新東京サーキット,{ "Address": "249 Hikida, Ichihara, Chiba 290-0256, Japan", "Business Name": "New Tokyo Circuit", "Geo Coordinates": { "Latitude": "35.4560540", "Longitude": "140.0914640" } },http://maps.google.com/?cid=7026981431609837258,2019/05/05 00:37:34+00,2019/05/05 00:37:34+00
"POINT (116.477926 40.031229)",瑞得万（北京）国际卡丁车场,{ "Address": "Chaoyang, China", "Business Name": "瑞得万（北京）国际卡丁车场", "Geo Coordinates": { "Latitude": "40.0312289", "Longitude": "116.4779265" } },http://maps.google.com/?cid=1454785745370249933,2019/05/04 18:00:53+00,2019/05/04 18:00:53+00
"POINT (-113.354683 51.024212)",North Star Raceway at Strathmore Motorsports Park,{ "Address": "Range Rd 250, Wheatland County, AB T0J 0M0, Canada", "Business Name": "Strathmore Motorsports Park", "Geo Coordinates": { "Latitude": "51.0242118", "Longitude": "-113.3546829" } },http://maps.google.com/?cid=9813176614311552991,2019/04/19 15:49:43+00,2019/04/19 15:49:43+00
"POINT (-114.308332 53.187324)",EDKRA,{ "Address": "Warburg, AB T0C 2T0, Canada", "Business Name": "EDKRA", "Geo Coordinates": { "Latitude": "53.1873237", "Longitude": "-114.3083316" } },http://maps.google.com/?cid=14351661405970295813,2019/04/19 15:49:33+00,2019/04/19 15:49:33+00
"POINT (-105.186852 39.662113)",Action Karting,{ "Address": "3051 S Rooney Rd, Morrison, CO 80465, United States", "Business Name": "Action Karting", "Geo Coordinates": { "Latitude": "39.6621131", "Longitude": "-105.1868515" } },http://maps.google.com/?cid=14113974960371711565,2019/04/16 04:36:09+00,2019/04/16 04:36:09+00
"POINT (13.072774 45.733027)",Gokart Lignano Kart FVG,{ "Address": "Via Valle Hierschel, 2, 33050 Precenicco UD, Italy", "Business Name": "Gokart Lignano Kart FVG", "Geo Coordinates": { "Latitude": "45.7330270", "Longitude": "13.0727739" } },http://maps.google.com/?cid=2307846649199508589,2019/04/10 19:12:57+00,2019/04/10 19:12:57+00
"POINT (-86.62014 33.532732)",Barber Motorsports Park,{ "Address": "6040 Barber Motorsports Pkwy, Leeds, AL 35094, United States", "Business Name": "Barber Motorsports Park", "Country Code": "US", "Geo Coordinates": { "Latitude": "33.5327316", "Longitude": "-86.6201402" } },http://maps.google.com/?cid=8122013285881539227,2019/04/09 19:06:14+00,2019/04/09 19:06:14+00
"POINT (2.005093 48.289887)",ASK Angerville,{ "Address": "Rue de la Chapelle, 91670 Angerville, France", "Business Name": "ASK Angerville", "Geo Coordinates": { "Latitude": "48.2898874", "Longitude": "2.0050928" } },http://maps.google.com/?cid=14533465386106041885,2019/03/26 01:48:52+00,2019/03/26 01:48:52+00
"POINT (2.006084 48.290337)",Kart Racing Organization,{ "Address": "Lieu-dit Villeneuve, Rue de la Chapelle, 91670 Angerville, France", "Business Name": "Kart Racing Organization", "Geo Coordinates": { "Latitude": "48.2903366", "Longitude": "2.0060842" } },http://maps.google.com/?cid=15492127819021615273,2019/03/26 01:48:28+00,2019/03/26 01:48:28+00
"POINT (-83.556666 34.169585)",Gresham Motorsports,{ "Address": "500 Lyle Field Rd, Jefferson, GA 30549, United States", "Business Name": "Gresham Motorsports", "Country Code": "US", "Geo Coordinates": { "Latitude": "34.1695846", "Longitude": "-83.5566661" } },http://maps.google.com/?cid=16950012806865319938,2019/03/25 16:50:15+00,2019/03/25 16:50:15+00
"POINT (-83.812163 34.153812)",Lanier Raceplex,{ "Address": "5301 Winder Hwy, Braselton, GA 30517, United States", "Business Name": "Lanier Raceplex", "Geo Coordinates": { "Latitude": "34.1538125", "Longitude": "-83.8121633" } },http://maps.google.com/?cid=4997977374159437468,2019/03/25 16:43:58+00,2019/03/25 16:43:58+00
"POINT (2.762823 41.672548)",Karting Club Blanes,{ "Address": "Carretera Nou Accés Costa Brava, Km. 3.4, 17300 Blanes, Girona, Spain", "Business Name": "Karting Club Blanes", "Country Code": "ES", "Geo Coordinates": { "Latitude": "41.6725480", "Longitude": "2.7628230" } },http://maps.google.com/?cid=7600335115939287973,2019/02/13 03:19:28+00,2019/02/13 03:19:28+00
"POINT (-0.484895 38.396065)",KARTING ALACANT,{ "Address": "CV-821, Km. 3.8, 03012 Villafranqueza-Palamo, Alicante, Spain", "Business Name": "KARTING ALACANT", "Geo Coordinates": { "Latitude": "38.3960647", "Longitude": "-0.4848951" } },http://maps.google.com/?cid=17761497382515733055,2019/02/13 03:17:08+00,2019/02/13 03:17:08+00
"POINT (12.99261 51.998437)",Go-karting and leisure center Niedergörsdorf,{ "Address": "Flugplatzweg 6, 14913 Niedergörsdorf, Germany", "Business Name": "Go-karting and leisure center Niedergörsdorf", "Country Code": "DE", "Geo Coordinates": { "Latitude": "51.9984370", "Longitude": "12.9926101" } },http://maps.google.com/?cid=2098612674656657952,2019/02/13 03:13:21+00,2019/02/13 03:13:21+00
"POINT (-1.364286 51.179752)",Forest Edge Kart Club,{ "Address": "Barton Stacey, Winchester SO21 3BF, United Kingdom", "Business Name": "Forest Edge Kart Club", "Geo Coordinates": { "Latitude": "51.1797523", "Longitude": "-1.3642858" } },http://maps.google.com/?cid=8365368639973152163,2019/02/13 03:12:05+00,2019/02/13 03:12:05+00
"POINT (8.813687 50.585364)",Kart Club Oppenrod e.V. in the ADAC / Motorsport Arena Oppenrod,{ "Address": "Stefan Bellof-Straße 1, 35418 Buseck, Germany", "Business Name": "Kart Club Oppenrod e.V. in the ADAC \/ Motorsport Arena Oppenrod", "Geo Coordinates": { "Latitude": "50.5853642", "Longitude": "8.8136867" } },http://maps.google.com/?cid=17827924226130751952,2019/02/13 03:11:40+00,2019/02/13 03:11:40+00
"POINT (-2.54196 49.474406)",Karting Guernsey,{ "Address": "Victoria Avenue, Guernsey GY2 4BB, Guernsey", "Business Name": "Karting Guernsey", "Geo Coordinates": { "Latitude": "49.4744055", "Longitude": "-2.5419599" } },http://maps.google.com/?cid=6992520611576431347,2019/02/13 03:11:09+00,2019/02/13 03:11:09+00
"POINT (-1.8397 47.5242)",Circuit Solokart,{ "Address": "La Piardière, 44630 Plesse, France", "Business Name": "Karting SOLOKART", "Geo Coordinates": { "Latitude": "47.5242000", "Longitude": "-1.8397000" } },http://maps.google.com/?cid=2768794000401551781,2019/02/13 03:10:47+00,2019/02/13 03:10:47+00
"POINT (-1.184454 47.397276)",Association Sportive de Karting A.S.K,{ "Address": "120 Rue Morane-Saulnier, 44150 Ancenis, France", "Business Name": "A.S.K Ancenis", "Geo Coordinates": { "Latitude": "47.3972760", "Longitude": "-1.1844541" } },http://maps.google.com/?cid=4523118319207343571,2019/02/13 03:10:38+00,2019/02/13 03:10:38+00
"POINT (-0.944822 46.100716)",AUNIS KARTING,{ "Address": "Zone Industriel du, Rue du Fief Girard, 17290 Aigrefeuille-d'Aunis, France", "Business Name": "AUNIS KARTING", "Geo Coordinates": { "Latitude": "46.1007156", "Longitude": "-0.9448221" } },http://maps.google.com/?cid=17646367803093468766,2019/02/13 03:10:23+00,2019/02/13 03:10:23+00
"POINT (-0.367884 46.344187)",karting.79,{ "Address": "141 Rue des Guillees, 79180 Chauray, France", "Business Name": "Karting 79", "Geo Coordinates": { "Latitude": "46.3441872", "Longitude": "-0.3678836" } },http://maps.google.com/?cid=12157292302451281306,2019/02/13 03:09:52+00,2019/02/13 03:09:52+00
"POINT (0.318721 46.613991)",New Kart,{ "Address": "38 Avenue de la Loge, 86440 Migné-Auxances, France", "Business Name": "New Kart", "Geo Coordinates": { "Latitude": "46.6139907", "Longitude": "0.3187212" } },http://maps.google.com/?cid=1158103426486962995,2019/02/13 03:09:43+00,2019/02/13 03:09:43+00
"POINT (4.090926 46.040237)",AS Karting Le Coteau sports Karting Association,{ "Address": "Le, 48 Quai Général Leclerc, 42120 Le Coteau, France", "Business Name": "AS Karting Le Coteau sports Karting Association", "Geo Coordinates": { "Latitude": "46.0402374", "Longitude": "4.0909261" } },http://maps.google.com/?cid=8811793986549298132,2019/02/13 03:08:52+00,2019/02/13 03:08:52+00
"POINT (2.358554 46.947273)",ledoux karting,{ "Address": "Vierge de Montavelange, 18340 Levet, France", "Business Name": "ledoux karting", "Geo Coordinates": { "Latitude": "46.9472732", "Longitude": "2.3585536" } },http://maps.google.com/?cid=6789469117797463244,2019/02/13 03:07:57+00,2019/02/13 03:07:57+00
"POINT (5.297399 45.466171)",Karting Du Laquais,{ "Address": "930 Route du Bailly, 38260 Champier, France", "Business Name": "Karting Du Laquais", "Geo Coordinates": { "Latitude": "45.4661710", "Longitude": "5.2973990" } },http://maps.google.com/?cid=282169401230435123,2019/02/13 03:00:32+00,2019/02/13 03:00:32+00
"POINT (4.345475 45.478935)",Karting Association Sportive de Villars,{ "Address": "Chemin de Montravel, 42390 Villars, France", "Business Name": "Karting Association Sportive de Villars", "Geo Coordinates": { "Latitude": "45.4789348", "Longitude": "4.3454749" } },http://maps.google.com/?cid=5006603042823245680,2019/02/13 03:00:18+00,2019/02/13 03:00:18+00
"POINT (5.894946 45.265674)",Chrono Kart Grenoble,{ "Address": "Les Îles d'Amblard, 38920 Crolles, France", "Business Name": "Chrono Kart Grenoble", "Geo Coordinates": { "Latitude": "45.2656745", "Longitude": "5.8949465" } },http://maps.google.com/?cid=2446690841465664881,2019/02/13 02:59:33+00,2019/02/13 02:59:33+00
"POINT (-1.476714 52.081421)",Shenington Kart Racing Club,{ "Address": "Shenington Airfield, Shenington, Banbury OX15 6NW, United Kingdom", "Business Name": "Shenington Kart Racing Club", "Country Code": "GB", "Geo Coordinates": { "Latitude": "52.0814210", "Longitude": "-1.4767140" } },http://maps.google.com/?cid=4100449224342061634,2019/02/13 02:29:55+00,2019/02/13 02:29:55+00
"POINT (-1.685818 51.86514)",Rissington Kart Club,{ "Address": "Unnamed Rd Cheltenham GL54 2LR, United Kingdom", "Business Name": "Rissington Kart Club", "Geo Coordinates": { "Latitude": "51.8651398", "Longitude": "-1.6858178" } },http://maps.google.com/?cid=17802228117786837205,2019/02/13 02:29:22+00,2019/02/13 02:29:22+00
"POINT (-3.978692 55.752274)",West of Scotland Kart Club,{ "Address": "Merryton Rd, Larkhall ML9 2UL, United Kingdom", "Business Name": "West of Scotland Kart Club", "Geo Coordinates": { "Latitude": "55.7522735", "Longitude": "-3.9786918" } },http://maps.google.com/?cid=2819416912231529033,2019/02/13 02:28:17+00,2019/02/13 02:28:17+00
"POINT (-0.654753 53.044378)",Fulbeck Kart Circuit,{ "Address": "Stragglethorpe Ln, Grantham NG32 3JE, United Kingdom", "Business Name": "Fulbeck Kart Circuit", "Geo Coordinates": { "Latitude": "53.0443784", "Longitude": "-0.6547531" } },http://maps.google.com/?cid=17897950113039679750,2019/02/13 02:27:34+00,2019/02/13 02:27:34+00
"POINT (0.906704 50.933968)",Lydd Karting Ltd,{ "Address": "Dengemarsh Rd, Lydd TN29 9JH, United Kingdom", "Business Name": "Lydd Karting Ltd", "Geo Coordinates": { "Latitude": "50.9339675", "Longitude": "0.9067044" } },http://maps.google.com/?cid=9175414796288371051,2019/02/13 02:23:51+00,2019/02/13 02:23:51+00
"POINT (-2.635178 53.506075)",Three Sisters Race Circuit,{ "Address": "Three Sisters Rd, Ashton-in-Makerfield, Wigan WN4 8DD, United Kingdom", "Business Name": "Three Sisters Race Circuit", "Geo Coordinates": { "Latitude": "53.5060750", "Longitude": "-2.6351784" } },http://maps.google.com/?cid=11311497098280481334,2019/02/13 02:20:23+00,2019/02/13 02:20:23+00
"POINT (-1.18952 54.577551)",Teesside Karting,{ "Address": "Teesside Autodrome, South Tees Motor Sports Park, S Bank Rd, Middlesbrough TS6 6XH, United Kingdom", "Business Name": "Teesside Karting", "Geo Coordinates": { "Latitude": "54.5775508", "Longitude": "-1.1895201" } },http://maps.google.com/?cid=14247675254572772540,2019/02/13 02:18:35+00,2019/02/13 02:18:35+00
"POINT (-2.554724 50.824167)",Clay Pigeon Raceway,{ "Address": "Wardon Hill, Dorchester DT2 9PW, United Kingdom", "Business Name": "Clay Pigeon Raceway", "Geo Coordinates": { "Latitude": "50.8241669", "Longitude": "-2.5547235" } },http://maps.google.com/?cid=9715251391530394097,2019/02/13 02:17:57+00,2019/02/13 02:17:57+00
"POINT (0.73902 52.630249)",Anglia Karting Centre,{ "Address": "The Airfield, North Pickenham, Swaffham PE37 8LL, United Kingdom", "Business Name": "Anglia Karting Centre", "Geo Coordinates": { "Latitude": "52.6302490", "Longitude": "0.7390199" } },http://maps.google.com/?cid=6049717539321807293,2019/02/12 19:24:25+00,2019/02/12 19:24:25+00
"POINT (-0.213388 53.121181)",Tattershall Karting Centre,{ "Address": "Lodge Rd, Tattershall LN4 4JS, United Kingdom", "Business Name": "Tattershall Karting Centre", "Geo Coordinates": { "Latitude": "53.1211814", "Longitude": "-0.2133882" } },http://maps.google.com/?cid=11642115617400262248,2019/02/12 19:21:18+00,2019/02/12 19:21:18+00
"POINT (0.477625 52.295765)",Red Lodge Karting - FEEL THE NEED FOR SPEED!,{ "Address": "Red Lodge Bypass, Red Lodge, Bury Saint Edmunds IP28 8LE, United Kingdom", "Business Name": "Red Lodge Karting Ltd", "Geo Coordinates": { "Latitude": "52.2957649", "Longitude": "0.4776247" } },http://maps.google.com/?cid=18057186800748881021,2019/02/12 19:20:06+00,2019/02/12 19:20:06+00
"POINT (-3.442548 54.550663)",Cumbria Kart Racing Club,{ "Address": "Kirkland, Frizington CA26 3XU, United Kingdom", "Business Name": "Cumbria Kart Racing Club", "Geo Coordinates": { "Latitude": "54.5506629", "Longitude": "-3.4425475" } },http://maps.google.com/?cid=5893458263163475106,2019/02/12 19:19:18+00,2019/02/12 19:19:18+00
"POINT (-1.088602 52.276556)",Karting Nation,{ "Address": "Whilton Locks, M1, Whilton NN11 2NH, United Kingdom", "Business Name": "Karting Nation", "Geo Coordinates": { "Latitude": "52.2765559", "Longitude": "-1.0886018" } },http://maps.google.com/?cid=2234947126780566782,2019/02/12 19:17:38+00,2019/02/12 19:17:38+00
"POINT (-3.58449 53.034763)",GYG KARTING LTD,{ "Address": "Glan Y Gors Park LL21 0RU, United Kingdom", "Business Name": "GYG KARTING LTD", "Geo Coordinates": { "Latitude": "53.0347633", "Longitude": "-3.5844905" } },http://maps.google.com/?cid=15747892298617831868,2019/02/12 19:12:11+00,2019/02/12 19:12:11+00
"POINT (5.074578 45.684319)",LYON KART MASTER CLUB,{ "Address": "154 Chemin de Fournéa, 69720 Saint-Laurent-de-Mure, France", "Business Name": "LYON KART MASTER CLUB", "Geo Coordinates": { "Latitude": "45.6843190", "Longitude": "5.0745780" } },http://maps.google.com/?cid=1379505853875104374,2019/02/08 10:28:41+00,2019/02/08 10:28:41+00
"POINT (-96.236103 33.011149)",Dallas Karting Complex,{ "Address": "5025 FM1565, Caddo Mills, TX 75135, United States", "Business Name": "Dallas Karting Complex", "Geo Coordinates": { "Latitude": "33.0111490", "Longitude": "-96.2361030" } },http://maps.google.com/?cid=5314460088816493325,2019/02/08 09:42:41+00,2019/02/08 09:42:41+00
"POINT (-155.026512 19.676474)",Hilo Drag Strip,{ "Address": "Panaewa Drag Strip, Hilo, HI 96720, United States", "Business Name": "Hilo Drag Strip", "Country Code": "US", "Geo Coordinates": { "Latitude": "19.6764744", "Longitude": "-155.0265115" } },http://maps.google.com/?cid=14619028584435536636,2018/11/11 04:11:15+00,2018/11/11 04:11:15+00
"POINT (-68.500615 -33.061858)",Kartodromo de San Martín,{ "Address": "San Martín, Mendoza Province, Argentina", "Business Name": "Kartodromo de San Martín", "Geo Coordinates": { "Latitude": "-33.0618578", "Longitude": "-68.5006148" } },http://maps.google.com/?cid=3919130133903119769,2018/08/21 23:33:46+00,2018/08/21 23:33:46+00
"POINT (-78.685162 44.053322)",Mosport Kartways Inc,{ "Address": "Concession Rd 10, Clarington, ON L1C 3K6, Canada", "Business Name": "Mosport Karting Centre Inc", "Country Code": "CA", "Geo Coordinates": { "Latitude": "44.0533225", "Longitude": "-78.6851617" } },http://maps.google.com/?cid=8273109573159505904,2018/05/23 01:35:20+00,2018/05/23 01:35:20+00
"POINT (121.221638 31.339499)",Shanghai Audi International Circuit,{ "Address": "2000 Yining Rd, Jiading District, Shanghai, China, 201800", "Business Name": "Shanghai Audi International Circuit", "Country Code": "CN", "Geo Coordinates": { "Latitude": "31.3394990", "Longitude": "121.2216380" } },http://maps.google.com/?cid=2015127197958322509,2018/05/19 22:38:58+00,2018/05/19 22:38:58+00
"POINT (109.872799 39.624845)",Ordos International Circuit,{ "Address": "Ejin Horo Banner, Ordos City, Inner Mongolia, China", "Business Name": "Ordos International Circuit", "Country Code": "CN", "Geo Coordinates": { "Latitude": "39.6248450", "Longitude": "109.8727990" } },http://maps.google.com/?cid=321524747976448639,2018/05/19 22:35:45+00,2018/05/19 22:35:45+00
"POINT (24.229005 56.965122)",BIKERNIEKI NATIONAL,{ "Address": "Sergeja Eizenšteina iela 2, Vidzemes priekšpilsēta, Rīga, LV-1079, Latvia", "Business Name": "BIKERNIEKI NATIONAL", "Country Code": "LV", "Geo Coordinates": { "Latitude": "56.9651219", "Longitude": "24.2290053" } },http://maps.google.com/?cid=17771157134726523952,2018/05/14 01:53:29+00,2018/05/14 01:53:29+00
"POINT (0.746477 51.348084)",Bayford Meadows Kart Circuit Ltd,{ "Address": "Symmonds Dr, Sittingbourne ME10 3RY, United Kingdom", "Business Name": "Bayford Meadows Kart Circuit Ltd", "Geo Coordinates": { "Latitude": "51.3480837", "Longitude": "0.7464770" } },http://maps.google.com/?cid=4946858870378414445,2018/05/08 15:13:22+00,2018/05/08 15:13:22+00
"POINT (-34.926739 -7.254352)",International Circuit Paladino,{ "Address": "R. Projetada, SN, Conde - PB, 58322-000, Brazil", "Business Name": "International Circuit Paladino", "Geo Coordinates": { "Latitude": "-7.2543520", "Longitude": "-34.9267387" } },http://maps.google.com/?cid=2573479408824352494,2018/05/02 13:26:35+00,2018/05/02 13:26:35+00
"POINT (-99.440389 19.9796)",Jilo Racing Karts,{ "Address": "11 Hidalgo Sur, Heroes Ecatepec 1 2 3 4 T, Méx., Mexico", "Business Name": "Jilo Racing Karts", "Geo Coordinates": { "Latitude": "19.9796004", "Longitude": "-99.4403890" } },http://maps.google.com/?cid=4980107134595057674,2018/04/23 05:53:22+00,2018/04/23 05:53:22+00
"POINT (-102.17331 21.86202)",KARTODROMO JOSE LUIS MARQUEZ,{ "Address": "Unnamed Road, Ags., Mexico", "Business Name": "KARTODROMO JOSE LUIS MARQUEZ", "Geo Coordinates": { "Latitude": "21.8620197", "Longitude": "-102.1733099" } },http://maps.google.com/?cid=1999579713853034361,2018/04/23 05:47:35+00,2018/04/23 05:47:35+00
"POINT (114.835228 4.933705)",Jerudong Park Gokart Track,{ "Address": "Jerudong BG3122, Brunei", "Business Name": "Jerudong Park Gokart Track", "Country Code": "BN", "Geo Coordinates": { "Latitude": "4.9337052", "Longitude": "114.8352277" } },http://maps.google.com/?cid=761081983346930501,2018/04/23 05:42:38+00,2018/04/23 05:42:38+00
"POINT (106.859539 -6.525278)",Sentul International Karting Circuit Cirkuit,{ "Address": "Jl. Raya Sirkuit Sentul, Sentul, Kec. Babakan Madang, Bogor, Jawa Barat 16810, Indonesia", "Business Name": "Sirkuit Sentul Internasional Karting Cirkuit", "Geo Coordinates": { "Latitude": "-6.5252780", "Longitude": "106.8595391" } },http://maps.google.com/?cid=14299256439664805094,2018/04/23 05:41:06+00,2018/04/23 05:41:06+00
"POINT (10.728634 35.759738)",Monastir Karting,{ "Address": "Airport Road, Tourist Area, Near Sahara Beach Hotel, Monastir 5000, Tunisia", "Business Name": "Monastir Karting", "Geo Coordinates": { "Latitude": "35.7597376", "Longitude": "10.7286338" } },http://maps.google.com/?cid=846205561126755285,2018/04/23 05:37:29+00,2018/04/23 05:37:29+00
"POINT (3.218889 36.758333)",Karting Evasion,{ "Address": "Bordj El Kiffan, Algeria", "Business Name": "Karting Evasion", "Geo Coordinates": { "Latitude": "36.7583333", "Longitude": "3.2188889" } },http://maps.google.com/?cid=8301037744306991829,2018/04/23 05:36:53+00,2018/04/23 05:36:53+00
"POINT (-9.542883 30.431833)",Maroc Racing Kart Agadir,{ "Address": "Agadir 80000, Morocco", "Business Name": "Karting Agadir", "Geo Coordinates": { "Latitude": "30.4318332", "Longitude": "-9.5428829" } },http://maps.google.com/?cid=46843089464550439,2018/04/23 05:35:15+00,2018/04/23 05:35:15+00
"POINT (-7.982124 31.580422)",Marrakech Kart Racing,{ "Address": "Route de l'Ourika, Marrakech 40000, Morocco", "Business Name": "Marrakech Kart Racing", "Geo Coordinates": { "Latitude": "31.5804220", "Longitude": "-7.9821236" } },http://maps.google.com/?cid=4636370674551265347,2018/04/23 05:34:50+00,2018/04/23 05:34:50+00
"POINT (-8.053679 31.703151)",Atlas Karting,{ "Address": "N7, Ouahat Sidi Brahim, Morocco", "Business Name": "Atlas Karting", "Geo Coordinates": { "Latitude": "31.7031510", "Longitude": "-8.0536789" } },http://maps.google.com/?cid=1601708677720976070,2018/04/23 05:34:31+00,2018/04/23 05:34:31+00
"POINT (-7.317313 33.70249)",VGK Karting,{ "Address": "Sortie Mohammedia Est-Benslimane Mohammedia Est، 20650, Morocco", "Business Name": "VGK Karting", "Country Code": "MA", "Geo Coordinates": { "Latitude": "33.7024897", "Longitude": "-7.3173133" } },http://maps.google.com/?cid=14818433512414215310,2018/04/23 05:34:00+00,2018/04/23 05:34:00+00
"POINT (23.289268 42.69169)",Karting Sport,{ "Address": "bul. "Vardar" 1, 1330 Sofia, Bulgaria", "Business Name": "Karting Sport", "Geo Coordinates": { "Latitude": "42.6916897", "Longitude": "23.2892683" } },http://maps.google.com/?cid=18316513330133425225,2018/04/23 05:30:30+00,2018/04/23 05:30:30+00
"POINT (24.027682 42.030003)",Karting Track Velingrad,{ "Address": "4,7 km, 4600 Velingrad, Bulgaria", "Business Name": "Karting Track Velingrad", "Geo Coordinates": { "Latitude": "42.0300028", "Longitude": "24.0276820" } },http://maps.google.com/?cid=10697871093885533,2018/04/23 05:29:49+00,2018/04/23 05:29:49+00
"POINT (25.551945 41.96389)",Картинг писта - Хасково,{ "Address": "6303, Bulgaria", "Business Name": "Картинг писта - Хасково", "Geo Coordinates": { "Latitude": "41.9638900", "Longitude": "25.5519450" } },http://maps.google.com/?cid=9217350476836096030,2018/04/23 05:28:49+00,2018/04/23 05:28:49+00
"POINT (27.702172 42.696202)",Karting Sunny Beach,{ "Address": "България 9, 8230 Бургас, Bulgaria", "Business Name": "Картинг Слънчев бряг", "Geo Coordinates": { "Latitude": "42.6962015", "Longitude": "27.7021717" } },http://maps.google.com/?cid=1873601444196193154,2018/04/23 05:28:18+00,2018/04/23 05:28:18+00
"POINT (27.965796 43.233972)",Varna Karting Track,{ "Address": "Варна, кв. Виница, М. Горна Трака, 9022, Bulgaria", "Business Name": "Varna Karting Track", "Geo Coordinates": { "Latitude": "43.2339720", "Longitude": "27.9657959" } },http://maps.google.com/?cid=4154041396645777554,2018/04/23 05:27:40+00,2018/04/23 05:27:40+00
"POINT (20.521433 44.822117)",Kart - Moto Centar Ada Huja,{ "Address": "Put Za Ada Huju bb, Beograd 11000, Serbia", "Business Name": "Karting - KartLand Ada Huja Beograd", "Geo Coordinates": { "Latitude": "44.8221166", "Longitude": "20.5214333" } },http://maps.google.com/?cid=9129219561956362361,2018/04/23 05:26:35+00,2018/04/23 05:26:35+00
"POINT (20.308268 44.833151)",Autokomerc Karting Center,{ "Address": "Kart racing Rd, Beograd, Serbia", "Business Name": "Autokomerc Karting Center", "Country Code": "RS", "Geo Coordinates": { "Latitude": "44.8331509", "Longitude": "20.3082679" } },http://maps.google.com/?cid=9301279302493441481,2018/04/23 05:26:12+00,2018/04/23 05:26:12+00
"POINT (13.621828 45.2789)",MOTODROM POREC,{ "Address": "Ž5002 Glavna cesta Poreč - Tar, 52440, Poreč, Croatia", "Business Name": "MOTODROM POREC", "Country Code": "HR", "Geo Coordinates": { "Latitude": "45.2789002", "Longitude": "13.6218278" } },http://maps.google.com/?cid=8505176410717222061,2018/04/23 05:24:24+00,2018/04/23 05:24:24+00
"POINT (13.87359 44.886253)",Green Garden Go kart,{ "Address": "Šijanska cesta 12a, 52100, Pula, Croatia", "Business Name": "Green Garden Go kart", "Country Code": "HR", "Geo Coordinates": { "Latitude": "44.8862533", "Longitude": "13.8735904" } },http://maps.google.com/?cid=3983503477998892133,2018/04/23 05:23:59+00,2018/04/23 05:23:59+00
"POINT (13.504832 46.134819)",Alberone Karting Club,{ "Address": "Frazione Tarpezzo, 1, 33049 San Pietro al Natisone UD, Italy", "Business Name": "Alberone Karting Club", "Geo Coordinates": { "Latitude": "46.1348190", "Longitude": "13.5048322" } },http://maps.google.com/?cid=16362479813331114244,2018/04/23 05:22:07+00,2018/04/23 05:22:07+00
"POINT (18.544084 53.018478)",Awix Arena Racing - Track Karting,{ "Address": "Pera Jonssona 7, 87-100 Toruń, Poland", "Business Name": "Awix Arena Racing - Track Karting", "Geo Coordinates": { "Latitude": "53.0184783", "Longitude": "18.5440845" } },http://maps.google.com/?cid=7883854844187990257,2018/04/23 05:19:49+00,2018/04/23 05:19:49+00
"POINT (26.148916 44.535288)",AMC Kart,{ "Address": "DNCB 5A, Tunari 077180, Romania", "Business Name": "Amckart", "Country Code": "RO", "Geo Coordinates": { "Latitude": "44.5352885", "Longitude": "26.1489156" } },http://maps.google.com/?cid=16417057632389659198,2018/04/23 05:15:31+00,2018/04/23 05:15:31+00
"POINT (25.514175 45.677004)",MasterKart,{ "Address": "Strada Ion Dobran 2, Ghimbav 507075, Romania", "Business Name": "MasterKart", "Geo Coordinates": { "Latitude": "45.6770040", "Longitude": "25.5141750" } },http://maps.google.com/?cid=17833080197523198399,2018/04/23 05:14:54+00,2018/04/23 05:14:54+00
"POINT (25.770368 45.746473)",Prejmer Circuit,{ "Address": "Str. Tineretului Nr. 9, Lunca Câlnicului 507170, Romania", "Business Name": "Prejmer Raceway", "Geo Coordinates": { "Latitude": "45.7464732", "Longitude": "25.7703675" } },http://maps.google.com/?cid=1565923867991456670,2018/04/23 05:14:29+00,2018/04/23 05:14:29+00
"POINT (-58.287544 -33.11482)",Kartodromo Internacional Playa Ubici,{ "Address": "Fray Bentos, Río Negro Department, Uruguay", "Business Name": "Kartodromo Internacional Playa Ubici", "Geo Coordinates": { "Latitude": "-33.1148198", "Longitude": "-58.2875438" } },http://maps.google.com/?cid=11085997677666914654,2018/04/19 02:32:46+00,2018/04/19 02:32:46+00
"POINT (-71.503804 -32.898984)",Kartodromo Ritoque,{ "Address": "Quintero, Valparaíso, Chile", "Business Name": "Kartodromo Ritoque", "Geo Coordinates": { "Latitude": "-32.8989835", "Longitude": "-71.5038041" } },http://maps.google.com/?cid=11597578857872323302,2018/04/19 02:27:04+00,2018/04/19 02:27:04+00
"POINT (-59.348273 -33.105347)",Autódromo "Ciudad de Gualeguay",{ "Address": "Entre Rios, Argentina", "Business Name": "Autódromo "Ciudad de Gualeguay"", "Country Code": "AR", "Geo Coordinates": { "Latitude": "-33.1053470", "Longitude": "-59.3482733" } },http://maps.google.com/?cid=3200899336709823717,2018/04/19 02:05:58+00,2018/04/19 02:05:58+00
"POINT (-83.7957 30.499958)",Monticello Karting and Motor Club,{ "Address": "1765 Big Joe Rd, Monticello, FL 32344, United States", "Business Name": "Monticello Karting and Motor Club", "Geo Coordinates": { "Latitude": "30.4999580", "Longitude": "-83.7957000" } },http://maps.google.com/?cid=8437311858632353713,2018/04/15 03:03:39+00,2018/04/15 03:03:39+00
"POINT (-1.742318 52.978283)",Darley Moor Motor Cycle Road Race Club,{ "Address": "Sports Centre, Darley Moor, Ashbourne DE6 2ET, United Kingdom", "Business Name": "Darley Moor Motor Cycle Road Race Club", "Geo Coordinates": { "Latitude": "52.9782828", "Longitude": "-1.7423180" } },http://maps.google.com/?cid=8454986774914662178,2018/04/13 18:15:44+00,2018/04/13 18:15:44+00
"POINT (7.50437 44.495281)",Kart Planet Piemonte Srl,{ "Address": "Frazione S. Barnaba, 47, 12022 San Barnaba CN, Italy", "Business Name": "Kart Planet Piemonte Srl", "Geo Coordinates": { "Latitude": "44.4952812", "Longitude": "7.5043697" } },http://maps.google.com/?cid=9071697978198783006,2018/04/08 04:04:20+00,2018/04/08 04:04:20+00
"POINT (130.911713 -12.44319)",Darwin Karting Association,{ "Address": "Hidden Valley NT 0822, Australia", "Business Name": "Darwin Karting Association", "Country Code": "AU", "Geo Coordinates": { "Latitude": "-12.4431896", "Longitude": "130.9117126" } },http://maps.google.com/?cid=2736323533866549958,2018/03/24 07:53:50+00,2018/03/24 07:53:50+00
"POINT (-103.45947 20.667417)",Kartódromo Checo Pérez,{ "Address": "Las Torres 7450, Cd. Judicial, 45037 Zapopan, Jal., Mexico", "Business Name": "Kartódromo Checo Pérez", "Geo Coordinates": { "Latitude": "20.6674170", "Longitude": "-103.4594697" } },http://maps.google.com/?cid=14590533699218448516,2018/03/21 18:55:13+00,2018/03/21 18:55:13+00
"POINT (121.008924 14.281724)",Carmona Racing Circuit,{ "Address": "14381 Governor's Dr, Carmona, 4116 Cavite, Philippines", "Business Name": "Carmona Racing Circuit", "Country Code": "PH", "Geo Coordinates": { "Latitude": "14.2817240", "Longitude": "121.0089240" } },http://maps.google.com/?cid=9908161590301293919,2018/03/21 16:51:10+00,2018/03/21 16:51:10+00
"POINT (121.020674 14.574544)",City Kart Racing Makati,{ "Address": "A.P Reyes Brgy., Circuit (former Park) Philippes, Santa Ana, Makati, 1207 Metro Manila, Philippines", "Business Name": "City Kart Racing Makati", "Geo Coordinates": { "Latitude": "14.5745443", "Longitude": "121.0206741" } },http://maps.google.com/?cid=2723929137800260440,2018/03/21 16:32:52+00,2018/03/21 16:32:52+00
"POINT (-112.311154 33.375042)",ISM Raceway,{ "Address": "7602 Jimmie Johnson Dr, Avondale, AZ 85323, United States", "Business Name": "Phoenix Raceway", "Country Code": "US", "Geo Coordinates": { "Latitude": "33.3750416", "Longitude": "-112.3111542" } },http://maps.google.com/?cid=12808267634728492091,2018/03/15 15:14:50+00,2018/03/15 15:14:50+00
"POINT (-95.243309 38.302012)",Lake Garnett, Garnett, KS 66032, USA,{ "Geo Coordinates": { "Latitude": "38.3020116", "Longitude": "-95.2433091" } },http://maps.google.com/?q=Lake+Garnett,+Garnett,+KS+66032,+USA&amp;ftid=0x87b8bb46bb14b78b:0x3d73a33aefaafbb3,2018/03/10 05:48:41+00,2018/03/10 05:48:41+00
"POINT (-76.306942 39.628546)",Sandy Hook Speedway,{ "Address": "3050 Sandy Hook Rd, Street, MD 21154, United States", "Business Name": "Sandy Hook Speedway", "Geo Coordinates": { "Latitude": "39.6285459", "Longitude": "-76.3069424" } },http://maps.google.com/?cid=8012394463495965034,2018/03/10 05:21:25+00,2018/03/10 05:21:25+00
"POINT (-90.472004 38.826357)",Grand Prix Karting,{ "Address": "3500 MO-94, St Charles, MO 63301, United States", "Business Name": "Boschertown Go Karts", "Geo Coordinates": { "Latitude": "38.8263571", "Longitude": "-90.4720041" } },http://maps.google.com/?cid=18289536961726491535,2018/03/10 05:12:41+00,2018/03/10 05:12:41+00
"POINT (-70.953944 42.055442)",F1 Outdoors,{ "Address": "798 N Bedford St, East Bridgewater, MA 02333, United States", "Business Name": "X1 Outdoors", "Geo Coordinates": { "Latitude": "42.0554420", "Longitude": "-70.9539437" } },http://maps.google.com/?cid=7746213501072999092,2018/03/10 05:02:58+00,2018/03/10 05:02:58+00
"POINT (26.764195 58.295645)",Lange Motokeskus,{ "Address": "Pärnavälja tee 1, Lange, 62115 Tartu maakond, Estonia", "Business Name": "Lange Motokeskus", "Country Code": "EE", "Geo Coordinates": { "Latitude": "58.2956454", "Longitude": "26.7641949" } },http://maps.google.com/?cid=8335629913617832378,2018/03/08 19:42:56+00,2018/03/08 19:42:56+00
"POINT (-75.891808 45.224876)",Karters' Korner,{ "Address": "6336 Fallowfield Rd, Stittsville, ON K2S 1B8, Canada", "Business Name": "Karters' Korner", "Geo Coordinates": { "Latitude": "45.2248764", "Longitude": "-75.8918075" } },http://maps.google.com/?cid=12566714438931565769,2018/03/08 19:32:40+00,2018/03/08 19:32:40+00
"POINT (-3.583742 41.791386)",Circuito Kotarr,{ "Address": "Carr. de Aranda, s\/n, 09453 Tubilla del Lago, Burgos, Spain", "Business Name": "Circuito Kotarr", "Country Code": "ES", "Geo Coordinates": { "Latitude": "41.7913856", "Longitude": "-3.5837421" } },http://maps.google.com/?cid=2168604607848006173,2018/02/26 20:05:48+00,2018/02/26 20:05:48+00
"POINT (-100.142692 25.390001)",Santiago Racing Track,{ "Address": "Lupita, Cieneguilla, 67320 Santiago, N.L., Mexico", "Business Name": "Santiago Racing Track", "Geo Coordinates": { "Latitude": "25.3900012", "Longitude": "-100.1426925" } },http://maps.google.com/?cid=14874094138413603301,2018/02/26 16:51:39+00,2018/02/26 16:51:39+00
"POINT (-123.172798 45.22599)",Mac Track,{ "Address": "2770 NE Lafayette Ave, McMinnville, OR 97128, United States", "Business Name": "Mac Track", "Country Code": "US", "Geo Coordinates": { "Latitude": "45.2259902", "Longitude": "-123.1727981" } },http://maps.google.com/?cid=16828347463564896412,2018/02/22 15:55:26+00,2018/02/22 15:55:26+00
"POINT (-122.741542 45.261897)",Pat's Acres Racing Complex,{ "Address": "6255 S Arndt Rd, Canby, OR 97013, United States", "Business Name": "Pat's Acres Racing Complex", "Country Code": "US", "Geo Coordinates": { "Latitude": "45.2618969", "Longitude": "-122.7415419" } },http://maps.google.com/?cid=3104140969913125132,2018/02/22 15:51:51+00,2018/02/22 15:51:51+00
"POINT (-3.238307 50.866615)",Mansell Raceway,{ "Address": "The Airfield Dunkeswell Aerodrome, Honiton EX14 4AH, United Kingdom", "Business Name": "Mansell Raceway", "Geo Coordinates": { "Latitude": "50.8666149", "Longitude": "-3.2383070" } },http://maps.google.com/?cid=2068051721819140714,2018/02/21 15:52:33+00,2018/02/21 15:52:33+00
"POINT (115.777565 -32.169548)",Cockburn International Kartway,{ "Address": "Gemma Rd, Henderson WA 6166, Australia", "Business Name": "Cockburn International Kartway", "Geo Coordinates": { "Latitude": "-32.1695480", "Longitude": "115.7775650" } },http://maps.google.com/?cid=10705998220718933325,2018/02/06 03:49:35+00,2018/02/06 03:49:35+00
"POINT (-40.837753 -14.902007)",Kartódromo Leandro Merlo,{ "Address": "Kartodromo De 112 - Espírito Santo, Vitória da Conquista - BA, Brazil", "Business Name": "Kartódromo Leandro Merlo", "Geo Coordinates": { "Latitude": "-14.9020071", "Longitude": "-40.8377532" } },http://maps.google.com/?cid=15401208171730606624,2018/02/05 11:40:25+00,2018/02/05 11:40:25+00
"POINT (-42.534305 -19.473007)",Kartódromo Emeson Fittipaldi,{ "Address": "Av. Roberto Burle Marx, 1481-1893 - Parque Ipanema, Ipatinga - MG, Brazil", "Business Name": "Kartódromo Emeson Fittipaldi", "Geo Coordinates": { "Latitude": "-19.4730071", "Longitude": "-42.5343046" } },http://maps.google.com/?cid=16558436464706476313,2018/02/05 11:38:59+00,2018/02/05 11:38:59+00
"POINT (-52.199995 -29.641269)",VKC - VENÂNCIO AIRES KART CLUBE,{ "Address": "95800-000 - Leopoldina, Venâncio Aires - RS, Brazil", "Business Name": "VKC - Venâncio Aires Kart Clube", "Geo Coordinates": { "Latitude": "-29.6412688", "Longitude": "-52.1999946" } },http://maps.google.com/?cid=2546888581528209970,2018/02/05 11:38:15+00,2018/02/05 11:38:15+00
"POINT (-51.322116 -29.82247)",Velopark,{ "Address": "BR-386 km 428 Tabai, Nova Santa Rita - RS, 92480-000, Brazil", "Business Name": "Velopark", "Country Code": "BR", "Geo Coordinates": { "Latitude": "-29.8224700", "Longitude": "-51.3221160" } },http://maps.google.com/?cid=14392244578043252433,2018/02/05 11:37:53+00,2018/02/05 11:37:53+00
"POINT (-51.014873 -30.050358)",Autodrome and International Karting Tarumã,{ "Address": "Estr. Cap. Gentil Machado de Godoy, 5905 - Tarumã, Viamão - RS, Brazil", "Business Name": "Autódromo Internacional de Tarumã", "Country Code": "BR", "Geo Coordinates": { "Latitude": "-30.0503580", "Longitude": "-51.0148728" } },http://maps.google.com/?cid=13771893124677269424,2018/02/05 11:37:28+00,2018/02/05 11:37:28+00
"POINT (-49.940626 -16.46668)",Kartodromo Municipal de Anicuns,{ "Address": "Anicuns - State of Goiás, 76170-000, Brazil", "Business Name": "Kartodromo Municipal de Anicuns", "Geo Coordinates": { "Latitude": "-16.4666802", "Longitude": "-49.9406258" } },http://maps.google.com/?cid=2970887941485061575,2018/02/05 11:35:48+00,2018/02/05 11:35:48+00
"POINT (-50.097054 -21.41729)",Kartódromo de Penápolis,{ "Address": "R. Irmãos Torrezam, 909, Penápolis - SP, 16300-000, Brazil", "Business Name": "Karting Penápolis", "Geo Coordinates": { "Latitude": "-21.4172896", "Longitude": "-50.0970544" } },http://maps.google.com/?cid=8298665983936950131,2018/02/05 11:35:04+00,2018/02/05 11:35:04+00
"POINT (-49.913345 -22.961054)",Kart Club de Ourinhos,{ "Address": "Estr. Guaraiúva - Distrito Industrial Dr. Helio Silva, Ourinhos - SP, Brazil", "Business Name": "Kart Clube Ourinhos", "Geo Coordinates": { "Latitude": "-22.9610538", "Longitude": "-49.9133453" } },http://maps.google.com/?cid=11106708045130082517,2018/02/05 11:34:52+00,2018/02/05 11:34:52+00
"POINT (-50.588313 -22.403734)",Pista de Kart,{ "Address": "Paraguaçu Paulista - State of São Paulo, 19700-000, Brazil", "Business Name": "Pista de Kart", "Geo Coordinates": { "Latitude": "-22.4037338", "Longitude": "-50.5883128" } },http://maps.google.com/?cid=3936331885456009960,2018/02/05 11:34:29+00,2018/02/05 11:34:29+00
"POINT (-51.161664 -23.282587)",Karting Londrina,{ "Address": "Av. Henrique Mansano, 1215 - Santa Monica, Londrina - PR, 86079-080, Brazil", "Business Name": "Karting Londrina", "Geo Coordinates": { "Latitude": "-23.2825869", "Longitude": "-51.1616643" } },http://maps.google.com/?cid=12927861555817665474,2018/02/05 11:33:56+00,2018/02/05 11:33:56+00
"POINT (-52.474838 -23.059355)",Karting Club Campestre,{ "Address": "Av. Gabriel Esperidião - Zona 5, Paranavaí - PR, 87703-000, Brazil", "Business Name": "Karting Club Campestre", "Geo Coordinates": { "Latitude": "-23.0593547", "Longitude": "-52.4748382" } },http://maps.google.com/?cid=27429079457040894,2018/02/05 11:33:47+00,2018/02/05 11:33:47+00
"POINT (-54.179335 -23.473678)",Cartódromo Municipal,{ "Address": "R. Santo Caobianco, Itaquiraí - MS, 79965-000, Brazil", "Business Name": "Cartódromo Municipal", "Geo Coordinates": { "Latitude": "-23.4736782", "Longitude": "-54.1793346" } },http://maps.google.com/?cid=7511965497027672704,2018/02/05 11:33:20+00,2018/02/05 11:33:20+00
"POINT (-58.832678 -13.548455)",Pista De Kart de Sapezal MT,{ "Address": "Sapezal - State of Mato Grosso, Brazil", "Business Name": "Pista De Kart de Sapezal MT", "Geo Coordinates": { "Latitude": "-13.5484551", "Longitude": "-58.8326776" } },http://maps.google.com/?cid=5216939347769478461,2018/02/05 11:32:11+00,2018/02/05 11:32:11+00
"POINT (-55.487063 -11.835731)",Pista de Kart,{ "Address": "R. João Pedro Moreira de Carvalho, 22 - St. Industrial Norte, Sinop - MT, Brazil", "Business Name": "Pista de Kart", "Geo Coordinates": { "Latitude": "-11.8357312", "Longitude": "-55.4870627" } },http://maps.google.com/?cid=5291273231795400061,2018/02/05 11:30:39+00,2018/02/05 11:30:39+00
"POINT (-58.728343 -11.41229)",Kartódromo Municipal Hilton Campos,{ "Address": "MT-170, Juína - MT, 78320-000, Brazil", "Business Name": "Kartódromo Municipal Hilton Campos", "Geo Coordinates": { "Latitude": "-11.4122900", "Longitude": "-58.7283434" } },http://maps.google.com/?cid=5759099854905030360,2018/02/05 11:29:33+00,2018/02/05 11:29:33+00
"POINT (-67.85057 -10.002642)",JM Kart,{ "Address": "S\/N, 69914-220, Via Verde - José Augusto, Rio Branco - AC, Brazil", "Business Name": "JM Kart", "Geo Coordinates": { "Latitude": "-10.0026416", "Longitude": "-67.8505701" } },http://maps.google.com/?cid=12848523912839621611,2018/02/05 11:28:42+00,2018/02/05 11:28:42+00
"POINT (-57.522251 -11.271575)",Kart Clube de Juara,{ "Address": "2.580W, Av. Rio Arinos, 2580, Juara - MT, 78575-000, Brazil", "Business Name": "Kart Clube de Juara", "Geo Coordinates": { "Latitude": "-11.2715748", "Longitude": "-57.5222509" } },http://maps.google.com/?cid=29412783536149701,2018/02/05 11:27:14+00,2018/02/05 11:27:14+00
"POINT (-61.770181 -11.725814)",Kart Track,{ "Address": "Av. 25 de Agosto, 4132 - Jardim Tropical, Rolim de Moura - RO, 76940-000, Brazil", "Business Name": "Kart Track", "Geo Coordinates": { "Latitude": "-11.7258143", "Longitude": "-61.7701806" } },http://maps.google.com/?cid=2843491637596489656,2018/02/05 11:25:20+00,2018/02/05 11:25:20+00
"POINT (-60.12347 -12.722926)",Kart Tracks,{ "Address": "R. 8225 - Alto dos Parecis, 2518, Vilhena - RO, 76980-000, Brazil", "Business Name": "Kart Tracks", "Country Code": "BR", "Geo Coordinates": { "Latitude": "-12.7229263", "Longitude": "-60.1234698" } },http://maps.google.com/?cid=9788887554842574875,2018/02/05 11:24:49+00,2018/02/05 11:24:49+00
"POINT (-77.709619 0.827009)",Karting Track,{ "Address": "Tulcan, Ecuador", "Business Name": "Karting Track", "Geo Coordinates": { "Latitude": "0.8270090", "Longitude": "-77.7096194" } },http://maps.google.com/?cid=12329802148814724483,2018/02/05 11:22:15+00,2018/02/05 11:22:15+00
"POINT (-78.458275 -0.009161)",Kartódromo 2 Hemisferios,{ "Address": "Quito, Ecuador", "Business Name": "Kartódromo 2 Hemisferios", "Geo Coordinates": { "Latitude": "-0.0091611", "Longitude": "-78.4582752" } },http://maps.google.com/?cid=5565637919791495852,2018/02/05 11:20:42+00,2018/02/05 11:20:42+00
"POINT (-79.219017 -3.954933)",Rokart,{ "Address": "Avenida 8 de Diciembre, Loja, Ecuador", "Business Name": "Rokart", "Geo Coordinates": { "Latitude": "-3.9549331", "Longitude": "-79.2190167" } },http://maps.google.com/?cid=1144421136966415152,2018/02/05 11:19:03+00,2018/02/05 11:19:03+00
"POINT (-71.546772 -16.428977)",Kartodromo Cerro Juli,{ "Address": "Av. Francisco Mostajo, Jacobo Hunter 04011, Peru", "Business Name": "Kartodromo Cerro Juli", "Geo Coordinates": { "Latitude": "-16.4289769", "Longitude": "-71.5467721" } },http://maps.google.com/?cid=8040830599492665110,2018/02/05 11:16:05+00,2018/02/05 11:16:05+00
"POINT (-66.89062 -29.407568)",Kartodromo(La Rioja),{ "Address": "Av. Ramírez de Velazco, La Rioja, Argentina", "Business Name": "Kartodromo(La Rioja)", "Geo Coordinates": { "Latitude": "-29.4075678", "Longitude": "-66.8906202" } },http://maps.google.com/?cid=17261235274706840117,2018/02/05 11:11:42+00,2018/02/05 11:11:42+00
"POINT (-70.76303 -34.21327)",Speed Kart,{ "Address": "H-35 301, Olivar, Requinoa, O'Higgins, Chile", "Business Name": "Speed Kart", "Geo Coordinates": { "Latitude": "-34.2132702", "Longitude": "-70.7630296" } },http://maps.google.com/?cid=10218251759962659848,2018/02/05 11:03:37+00,2018/02/05 11:03:37+00
"POINT (-70.745532 -34.210495)",Kartodromo 7 Puentes,{ "Address": "Olivar, Requinoa, O'Higgins, Chile", "Business Name": "Kartodromo 7 Puentes", "Geo Coordinates": { "Latitude": "-34.2104946", "Longitude": "-70.7455321" } },http://maps.google.com/?cid=4435159630267854878,2018/02/05 11:02:44+00,2018/02/05 11:02:44+00
"POINT (51.477779 36.660141)",Danial Karting,{ "Address": "Nowshahr, Mazandaran Province, Iran", "Business Name": "Danial Karting", "Geo Coordinates": { "Latitude": "36.6601412", "Longitude": "51.4777794" } },http://maps.google.com/?cid=12321245829317938738,2018/02/05 10:52:52+00,2018/02/05 10:52:52+00
"POINT (51.304663 36.682123)",Namakabrud Karting Track,{ "Address": "Namakabrud, Mazandaran Province, Iran", "Business Name": "Namakabrud Karting Track", "Country Code": "IR", "Geo Coordinates": { "Latitude": "36.6821232", "Longitude": "51.3046633" } },http://maps.google.com/?cid=7134946246965001104,2018/02/05 10:51:32+00,2018/02/05 10:51:32+00
"POINT (50.600244 36.957694)",Rakart Karting Track,{ "Address": "Mazandaran Province, Ramsar, 22, Iran", "Business Name": "Rakart Karting Track", "Geo Coordinates": { "Latitude": "36.9576937", "Longitude": "50.6002436" } },http://maps.google.com/?cid=13947784684599589522,2018/02/05 10:50:57+00,2018/02/05 10:50:57+00
"POINT (174.662628 -36.863663)",KartSport Auckland,{ "Address": "124 Patiki Road, Avondale, Auckland 1026, New Zealand", "Business Name": "KartSport Auckland", "Country Code": "NZ", "Geo Coordinates": { "Latitude": "-36.8636627", "Longitude": "174.6626281" } },http://maps.google.com/?cid=443484593031816968,2018/02/05 10:46:55+00,2018/02/05 10:46:55+00
"POINT (175.079179 -37.352238)",Hampton Downs 12 hour,{ "Address": "Hampton Downs Road, Hampton Downs 3782, New Zealand", "Business Name": "Hampton Downs Go Karts", "Geo Coordinates": { "Latitude": "-37.3522375", "Longitude": "175.0791788" } },http://maps.google.com/?cid=16008089120792846838,2018/02/05 10:46:35+00,2018/02/05 10:46:35+00
"POINT (176.278114 -37.784698)",Te Puke Auto Electric Raceway,{ "Address": "154 Alley Road, Te Puke 3183, New Zealand", "Business Name": "Visi Line Linemarkers Raceway", "Country Code": "NZ", "Geo Coordinates": { "Latitude": "-37.7846980", "Longitude": "176.2781144" } },http://maps.google.com/?cid=158468023642019044,2018/02/05 10:46:23+00,2018/02/05 10:46:23+00
"POINT (175.34405 -38.888732)",Taumarunui Kart Track,{ "Address": "Body Road, State Highway 41, Manunui 3994, New Zealand", "Business Name": "Taumarunui Kart Track", "Geo Coordinates": { "Latitude": "-38.8887322", "Longitude": "175.3440499" } },http://maps.google.com/?cid=17685783675841663175,2018/02/05 10:46:04+00,2018/02/05 10:46:04+00
"POINT (175.566177 -40.387508)",Kartsport Manawatu,{ "Address": "Shirriffs Road, Awapuni, Palmerston North 4412, New Zealand", "Business Name": "Kartsport Manawatu", "Geo Coordinates": { "Latitude": "-40.3875083", "Longitude": "175.5661773" } },http://maps.google.com/?cid=14695483659318016324,2018/02/05 10:45:34+00,2018/02/05 10:45:34+00
"POINT (173.93668 -41.537438)",Kartsport Marlborough,{ "Address": "1 Wither Road, Witherlea, Blenheim 7201, New Zealand", "Business Name": "Kartsport Marlborough", "Geo Coordinates": { "Latitude": "-41.5374379", "Longitude": "173.9366805" } },http://maps.google.com/?cid=17462626950443993228,2018/02/05 10:45:22+00,2018/02/05 10:45:22+00
"POINT (172.546531 -43.567609)",Kartsport Canterbury Race Track,{ "Address": "Carrs Road, Halswell, Christchurch 8025, New Zealand", "Business Name": "Kartsport Canterbury Race Track", "Geo Coordinates": { "Latitude": "-43.5676086", "Longitude": "172.5465314" } },http://maps.google.com/?cid=15862722964974375430,2018/02/05 10:44:21+00,2018/02/05 10:44:21+00
"POINT (-1.246885 43.800663)",Fun Motorsports,{ "Address": "2981 Route de Léon, 40140 Magescq, France", "Business Name": "Karting de Magescq (Fun-Motorsports)", "Geo Coordinates": { "Latitude": "43.8006629", "Longitude": "-1.2468852" } },http://maps.google.com/?cid=4153996798410019663,2018/02/04 22:59:22+00,2018/02/04 22:59:22+00
"POINT (1.280016 43.453364)",Karting 2 Muret,{ "Address": "21 Rue Jean-Manuel Fangio, 31600 Muret, France", "Business Name": "Karting 2 Muret", "Geo Coordinates": { "Latitude": "43.4533643", "Longitude": "1.2800159" } },http://maps.google.com/?cid=18243060181319518065,2018/02/04 22:57:08+00,2018/02/04 22:57:08+00
"POINT (1.882129 43.005229)",Karting Club Country Olmes,{ "Address": "La Plano, 09600 Aigues-Vives, France", "Business Name": "Karting Club Country Olmes", "Geo Coordinates": { "Latitude": "43.0052290", "Longitude": "1.8821290" } },http://maps.google.com/?cid=7531133412660460134,2018/02/04 22:56:50+00,2018/02/04 22:56:50+00
"POINT (2.74421 43.826472)",KARTING PLUS,{ "Address": "Circuit de Karting de Belmont, Lieu-dit Le Bourg, Le Clapayrol, 12370 Belmont-sur-Rance, France", "Business Name": "KARTING PLUS", "Geo Coordinates": { "Latitude": "43.8264725", "Longitude": "2.7442104" } },http://maps.google.com/?cid=13250834911328762994,2018/02/04 22:56:36+00,2018/02/04 22:56:36+00
"POINT (9.444357 42.606198)",Karting Biguglia,{ "Address": "COMPLEXE TAMBURINI, 20620 Biguglia, France", "Business Name": "Karting Biguglia", "Geo Coordinates": { "Latitude": "42.6061981", "Longitude": "9.4443573" } },http://maps.google.com/?cid=2123132587853660341,2018/02/04 22:55:50+00,2018/02/04 22:55:50+00
"POINT (8.891194 42.016229)",Karting Gravona,{ "Address": "Sinale, 20167 Tavaco, France", "Business Name": "Karting Gravona", "Geo Coordinates": { "Latitude": "42.0162291", "Longitude": "8.8911936" } },http://maps.google.com/?cid=11248399161286824982,2018/02/04 22:55:30+00,2018/02/04 22:55:30+00
"POINT (9.116266 41.487331)",Prokart,{ "Address": "Route du stade, 20114 Figari, France", "Business Name": "Prokart", "Geo Coordinates": { "Latitude": "41.4873310", "Longitude": "9.1162660" } },http://maps.google.com/?cid=1179826122773724888,2018/02/04 22:55:13+00,2018/02/04 22:55:13+00
"POINT (9.456551 41.077285)",Kartodromo Pista dei Campioni,{ "Address": "Strada Arzachena, 07021 Baja Sardinia SS, Italy", "Business Name": "Kartodromo Pista dei Campioni", "Geo Coordinates": { "Latitude": "41.0772846", "Longitude": "9.4565510" } },http://maps.google.com/?cid=12020033811138416275,2018/02/04 22:54:49+00,2018/02/04 22:54:49+00
"POINT (8.646239 39.987312)",Circuito di TrAmatza,{ "Address": "Complanare Est, 09070 Tramatza OR, Italy", "Business Name": "Sardinia Circuit WS98 - Pista di Tramatza", "Geo Coordinates": { "Latitude": "39.9873123", "Longitude": "8.6462392" } },http://maps.google.com/?cid=1660293990848456466,2018/02/04 22:54:06+00,2018/02/04 22:54:06+00
"POINT (9.640595 39.770416)",Pista Noleggio Kart I Ginepri,{ "Address": "Località Baccu e Ludu, 08040 Cardedu NU, Italy", "Business Name": "Pista Noleggio Kart I Ginepri", "Geo Coordinates": { "Latitude": "39.7704160", "Longitude": "9.6405950" } },http://maps.google.com/?cid=9827202012352898683,2018/02/04 22:53:56+00,2018/02/04 22:53:56+00
"POINT (8.624593 39.786112)",Pista Motoclub Arborea,{ "Address": "Str. 12 W, Arborea, 09092 Arborea OR, Italy", "Business Name": "Pista Motoclub Arborea", "Country Code": "IT", "Geo Coordinates": { "Latitude": "39.7861118", "Longitude": "8.6245930" } },http://maps.google.com/?cid=2584804135991254887,2018/02/04 22:53:45+00,2018/02/04 22:53:45+00
"POINT (9.095298 39.338749)",Kartodromo Alessandro Porcu,{ "Address": "Via Pio IX, 5, 09032 Assemini CA, Italy", "Business Name": "Kartodromo Alessandro Porcu", "Geo Coordinates": { "Latitude": "39.3387494", "Longitude": "9.0952982" } },http://maps.google.com/?cid=5971759318247085606,2018/02/04 22:53:29+00,2018/02/04 22:53:29+00
"POINT (9.952046 44.088886)",Top kart Experience pista Funnyland,{ "Address": "Via Ameglia, 19032 Senato SP, Italy", "Business Name": "Top kart Experience pista Funnyland", "Geo Coordinates": { "Latitude": "44.0888857", "Longitude": "9.9520464" } },http://maps.google.com/?cid=13239505813203141986,2018/02/04 22:52:51+00,2018/02/04 22:52:51+00
"POINT (13.511354 43.259127)",Cogiskart Corridonia,{ "Address": "Via Crocifisso, 62014 Corridonia MC, Italy", "Business Name": "Cogiskart Corridonia", "Geo Coordinates": { "Latitude": "43.2591270", "Longitude": "13.5113540" } },http://maps.google.com/?cid=11620266700326319728,2018/02/04 22:51:00+00,2018/02/04 22:51:00+00
"POINT (13.9515 42.773592)",Pista minimoto e Kart-cross Ciprietti,{ "Address": "Via Galileo Galilei, 407, 64021 Giulianova TE, Italy", "Business Name": "Pista Minimoto Ciprietti", "Geo Coordinates": { "Latitude": "42.7735922", "Longitude": "13.9514998" } },http://maps.google.com/?cid=16866218259428139417,2018/02/04 22:50:27+00,2018/02/04 22:50:27+00
"POINT (14.08559 42.458061)",Pista Go Kart Moscufo,{ "Address": "SS151, 50, 65010 Cappelle Sul Tavo PE, Italy", "Business Name": "Go Kart Track Moscufo", "Geo Coordinates": { "Latitude": "42.4580610", "Longitude": "14.0855900" } },http://maps.google.com/?cid=13478218700558040423,2018/02/04 22:50:06+00,2018/02/04 22:50:06+00
"POINT (13.5351 41.573269)",international circuit "Liri Valley",{ "Address": "Via Casilina, 102, 03032 Arce FR, Italy", "Business Name": "international circuit "Liri Valley"", "Geo Coordinates": { "Latitude": "41.5732688", "Longitude": "13.5350999" } },http://maps.google.com/?cid=9486037511135829824,2018/02/04 22:49:25+00,2018/02/04 22:49:25+00
"POINT (16.190502 41.346069)",Kartodromo Vebekart,{ "Address": "SP, 159, 76016 Margherita di Savoia BT, Italy", "Business Name": "Kartodromo Vebekart", "Geo Coordinates": { "Latitude": "41.3460693", "Longitude": "16.1905021" } },http://maps.google.com/?cid=17361055680413602839,2018/02/04 22:48:49+00,2018/02/04 22:48:49+00
"POINT (17.033974 40.898284)",Kartodromo 90,{ "Address": "S.S. 172, 116A, 70010 Turi BA, Italy", "Business Name": "Kartodromo 90", "Geo Coordinates": { "Latitude": "40.8982844", "Longitude": "17.0339739" } },http://maps.google.com/?cid=17028106461817900804,2018/02/04 22:48:15+00,2018/02/04 22:48:15+00
"POINT (17.03461 40.615064)",Pista Jonica,{ "Address": "CONTRADA GORGONE, 74017 Mottola TA, Italy", "Business Name": "PISTA JONICA MOTTOLA TA", "Geo Coordinates": { "Latitude": "40.6150643", "Longitude": "17.0346103" } },http://maps.google.com/?cid=5673216529973345404,2018/02/04 22:48:06+00,2018/02/04 22:48:06+00
"POINT (16.858839 40.447742)",Kartodrome 106 Reverse,{ "Address": "Strada Statale 106 Jonica km 457 + 200, 74025 Marina di Ginosa TA, Italy", "Business Name": "PISTA Go-Kart 106 REVERSE & ROLLERBLADE", "Geo Coordinates": { "Latitude": "40.4477424", "Longitude": "16.8588390" } },http://maps.google.com/?cid=9698596718715317266,2018/02/04 22:47:54+00,2018/02/04 22:47:54+00
"POINT (18.229473 40.433666)",Go Kart Track Frigole Lecce,{ "Address": "LE, Via Giuseppe della Vedova, 125, 73100 Lecce LE, Italy", "Business Name": "Go Kart Track Frigole Lecce", "Geo Coordinates": { "Latitude": "40.4336659", "Longitude": "18.2294727" } },http://maps.google.com/?cid=8654677530660561221,2018/02/04 22:47:43+00,2018/02/04 22:47:43+00
"POINT (17.803002 40.301728)",Euros Kart Porto Cesareo,{ "Address": "Via Gabriele Manfredi, 6, 73010 Porto cesareo LE, Italy", "Business Name": "Euro Kart Porto Cesareo - Circuito Nazionale", "Geo Coordinates": { "Latitude": "40.3017280", "Longitude": "17.8030015" } },http://maps.google.com/?cid=6953129853205133437,2018/02/04 22:47:31+00,2018/02/04 22:47:31+00
"POINT (17.919496 40.267116)",-Stone Park- LA CAVA,{ "Address": "73048 Pittuini Province of Lecce, Italy", "Business Name": "-Stone Park- LA CAVA", "Geo Coordinates": { "Latitude": "40.2671165", "Longitude": "17.9194965" } },http://maps.google.com/?cid=2406412176334518810,2018/02/04 22:47:19+00,2018/02/04 22:47:19+00
"POINT (17.992949 40.166635)",Kartodromo Gioppo,{ "Address": "Unnamed Road,, 73048 Nardò LE, Italy", "Business Name": "Kartodromo Gioppo", "Geo Coordinates": { "Latitude": "40.1666347", "Longitude": "17.9929489" } },http://maps.google.com/?cid=12126748986188103211,2018/02/04 22:46:55+00,2018/02/04 22:46:55+00
"POINT (18.350687 40.129167)",La Conca Soccer - kart track,{ "Address": "S.S. 16 Maglie-Otranto Km 989, 73036 Muro Leccese LE, Italy", "Business Name": "La Conca Soccer - kart track", "Geo Coordinates": { "Latitude": "40.1291673", "Longitude": "18.3506871" } },http://maps.google.com/?cid=250816421239841724,2018/02/04 22:46:42+00,2018/02/04 22:46:42+00
"POINT (17.017629 39.465466)",Pista Nika Internazionale,{ "Address": "Contrada piana di Roncio, 88812 Crucoli KR, Italy", "Business Name": "Pista Nika Internazionale", "Geo Coordinates": { "Latitude": "39.4654663", "Longitude": "17.0176292" } },http://maps.google.com/?cid=3616263757015490871,2018/02/04 22:46:14+00,2018/02/04 22:46:14+00
"POINT (16.41545 38.912887)",Pista Due Mari,{ "Address": "Località Varra, 88040 Amato CZ, Italy", "Business Name": "Pista Due Mari", "Geo Coordinates": { "Latitude": "38.9128872", "Longitude": "16.4154501" } },http://maps.google.com/?cid=3196800760760570644,2018/02/04 22:46:03+00,2018/02/04 22:46:03+00
"POINT (16.132649 38.499299)",Racing Kart Laureana,{ "Address": "Unnamed Rd,, 89023 Laureana di Borrello RC, Italy", "Business Name": "Racing Kart Laureana", "Geo Coordinates": { "Latitude": "38.4992988", "Longitude": "16.1326494" } },http://maps.google.com/?cid=16802481196526385633,2018/02/04 22:45:25+00,2018/02/04 22:45:25+00
"POINT (15.527164 38.161676)",Karting Club Messina,{ "Address": "Via Ayrton Senna, 98125 Messina ME, Italy", "Business Name": "Karting Club Messina", "Geo Coordinates": { "Latitude": "38.1616760", "Longitude": "15.5271635" } },http://maps.google.com/?cid=11156951036341917553,2018/02/04 22:44:39+00,2018/02/04 22:44:39+00
"POINT (15.262251 38.192978)",Miniautodromo Kartodromo Milazzo,{ "Address": "miniautodromo, Milazzo, Italy", "Business Name": "Miniautodromo Kartodromo Milazzo", "Geo Coordinates": { "Latitude": "38.1929778", "Longitude": "15.2622508" } },http://maps.google.com/?cid=373463893642114875,2018/02/04 22:44:21+00,2018/02/04 22:44:21+00
"POINT (14.719664 38.110749)",Kartodromo Riverkarting,{ "Address": "c.da masseria ss 113 km 111, 98071 Capo d'Orlando ME, Italy", "Business Name": "Kartodromo Riverkarting", "Geo Coordinates": { "Latitude": "38.1107493", "Longitude": "14.7196635" } },http://maps.google.com/?cid=11837994338659605162,2018/02/04 22:44:05+00,2018/02/04 22:44:05+00
"POINT (13.923388 37.998211)",Kartodromo Lascari,{ "Address": "Contrada Farinella, 90010 Lascari PA, Italy", "Business Name": "Kartodromo Lascari", "Geo Coordinates": { "Latitude": "37.9982109", "Longitude": "13.9233885" } },http://maps.google.com/?cid=17254101637808107807,2018/02/04 22:43:44+00,2018/02/04 22:43:44+00
"POINT (13.498464 38.072502)",Kartodromo Warriors,{ "Address": "38°04'21. 13°29'54., Via V.53, 0"N, 90126 Palermo PA, Italy", "Business Name": "Kartodromo Warriors", "Geo Coordinates": { "Latitude": "38.0725020", "Longitude": "13.4984640" } },http://maps.google.com/?cid=581561841609738929,2018/02/04 22:43:12+00,2018/02/04 22:43:12+00
"POINT (13.09416 38.008179)",Pista del Lago - Partinico,{ "Address": "Contrada Baronia, 90047 Partinico PA, Italy", "Business Name": "Pista del Lago - Partinico", "Geo Coordinates": { "Latitude": "38.0081790", "Longitude": "13.0941600" } },http://maps.google.com/?cid=4479560840100375756,2018/02/04 22:42:54+00,2018/02/04 22:42:54+00
"POINT (13.759958 37.849324)",Pista Di Go-Kart,{ "Address": "Via Luigi Capuana, 6, 90020 Montemaggiore Belsito PA, Italy", "Business Name": "Pista Di Go-Kart", "Geo Coordinates": { "Latitude": "37.8493236", "Longitude": "13.7599575" } },http://maps.google.com/?cid=17765934561079857181,2018/02/04 22:42:35+00,2018/02/04 22:42:35+00
"POINT (12.520544 37.747177)",kartodromo di Marsala,{ "Address": "91025 Marsala, Province of Trapani, Italy", "Business Name": "kartodromo di Marsala", "Geo Coordinates": { "Latitude": "37.7471766", "Longitude": "12.5205435" } },http://maps.google.com/?cid=10443289997146291736,2018/02/04 22:42:19+00,2018/02/04 22:42:19+00
"POINT (14.190576 37.620167)",Sicilia Karting,{ "Address": "CONTRADA GIURFO, 94010 Villarosa EN, Italy", "Business Name": "Sicilia Karting", "Geo Coordinates": { "Latitude": "37.6201667", "Longitude": "14.1905765" } },http://maps.google.com/?cid=12856017237640404093,2018/02/04 22:42:03+00,2018/02/04 22:42:03+00
"POINT (15.152196 37.65143)",Karting Club Acireale,{ "Address": "Via Pilieri, 23, 95024 Acireale CT, Italy", "Business Name": "Karting Club Acireale", "Geo Coordinates": { "Latitude": "37.6514295", "Longitude": "15.1521957" } },http://maps.google.com/?cid=3033639110192533975,2018/02/04 22:41:54+00,2018/02/04 22:41:54+00
"POINT (15.117996 37.23758)",Pista del Sole,{ "Address": "C.da Dominici, 96010 Villasmundo SR, Italy", "Business Name": "Pista del Sole", "Geo Coordinates": { "Latitude": "37.2375802", "Longitude": "15.1179964" } },http://maps.google.com/?cid=17231841126548223749,2018/02/04 22:41:42+00,2018/02/04 22:41:42+00
"POINT (14.582378 37.208837)",Kartodromo Lorisanna,{ "Address": "Contrada S. Cataldo, 95041 Caltagirone CT, Italy", "Business Name": "Kartodromo Lorisanna", "Geo Coordinates": { "Latitude": "37.2088366", "Longitude": "14.5823775" } },http://maps.google.com/?cid=17550450934599437947,2018/02/04 22:41:23+00,2018/02/04 22:41:23+00
"POINT (13.668248 37.252945)",Autodromo Concordia,{ "Address": "Via Contrada Burrainiti Km 196.300, 92026 Favara AG, Italy", "Business Name": "Autodromo Concordia", "Geo Coordinates": { "Latitude": "37.2529449", "Longitude": "13.6682481" } },http://maps.google.com/?cid=18378550670800767235,2018/02/04 22:41:02+00,2018/02/04 22:41:02+00
"POINT (14.924961 36.776757)",Circuit Vincenza Ispica,{ "Address": "Contrada Mastrella, 97014 Ispica RG, Italy", "Business Name": "Circuit Vincenza Ispica", "Geo Coordinates": { "Latitude": "36.7767572", "Longitude": "14.9249608" } },http://maps.google.com/?cid=422476850825908977,2018/02/04 22:40:25+00,2018/02/04 22:40:25+00
"POINT (15.886257 38.380349)",Kartodromo Del Sole,{ "Address": "KARTODROMO DEL SOLE, Contrada, 89015, Palmi RC, Italy", "Business Name": "Kartodromo Del Sole", "Geo Coordinates": { "Latitude": "38.3803491", "Longitude": "15.8862570" } },http://maps.google.com/?cid=13584635290276266551,2018/02/04 22:40:01+00,2018/02/04 22:40:01+00
"POINT (16.868383 38.936922)",Go-Kart Kartodromo,{ "Address": "Via Antonino Scopelliti, 88070 Botricello CZ, Italy", "Business Name": "Go-Kart Kartodromo Botricello", "Geo Coordinates": { "Latitude": "38.9369215", "Longitude": "16.8683826" } },http://maps.google.com/?cid=1436278708795664082,2018/02/04 22:39:39+00,2018/02/04 22:39:39+00
"POINT (11.996496 45.738996)",Pista Verde,{ "Address": "Via del Molino, 19, 31030 Caselle TV, Italy", "Business Name": "Pista Verde", "Geo Coordinates": { "Latitude": "45.7389964", "Longitude": "11.9964957" } },http://maps.google.com/?cid=3961191013205548133,2018/02/04 22:37:36+00,2018/02/04 22:37:36+00
"POINT (11.616575 45.323143)",Circuito go Kart,{ "Address": "Via Vo' di Sotto, 35030 Vo' PD, Italy", "Business Name": "Circuito go Kart", "Geo Coordinates": { "Latitude": "45.3231434", "Longitude": "11.6165751" } },http://maps.google.com/?cid=4942084503566070165,2018/02/04 22:37:10+00,2018/02/04 22:37:10+00
"POINT (11.745587 45.220451)",Ex Kartodromo,{ "Address": "Via Puglia, 8, 35043 Zona Industr. Artig. E Commerciale PD, Italy", "Business Name": "Ex Kartodromo", "Geo Coordinates": { "Latitude": "45.2204507", "Longitude": "11.7455871" } },http://maps.google.com/?cid=15431054873237308750,2018/02/04 22:36:24+00,2018/02/04 22:36:24+00
"POINT (12.15115 45.044264)",Adria International Raceway,{ "Address": "Località Smergoncino, 7, 45011 Cavanella Po RO, Italy", "Business Name": "Adria International Raceway", "Country Code": "IT", "Geo Coordinates": { "Latitude": "45.0442638", "Longitude": "12.1511505" } },http://maps.google.com/?cid=17622477936519255985,2018/02/04 22:35:55+00,2018/02/04 22:35:55+00
"POINT (11.99042 44.772133)",Pista Go kart,{ "Address": "Via Sfondrabò, 46\/a, 44020 Migliaro FE, Italy", "Business Name": "Pista Go kart Acquaparco", "Geo Coordinates": { "Latitude": "44.7721328", "Longitude": "11.9904203" } },http://maps.google.com/?cid=10926970415588215236,2018/02/04 22:35:39+00,2018/02/04 22:35:39+00
"POINT (12.216806 44.710421)",Kart Track - Circuit of Pomposa,{ "Address": "Via Orto Alfierino, 20 44022, San Giuseppe FE, Italy", "Business Name": "Circuito di Pomposa - Auto, Moto, Kart, Cross, Noleggio Kart", "Country Code": "IT", "Geo Coordinates": { "Latitude": "44.7104211", "Longitude": "12.2168056" } },http://maps.google.com/?cid=10156750098240245781,2018/02/04 22:35:23+00,2018/02/04 22:35:23+00
"POINT (12.231273 44.358135)",Pista cavacabianca,{ "Address": "48124 Ravenna, Province of Ravenna, Italy", "Business Name": "Pista cavacabianca", "Geo Coordinates": { "Latitude": "44.3581352", "Longitude": "12.2312728" } },http://maps.google.com/?cid=7712802749785353853,2018/02/04 22:34:28+00,2018/02/04 22:34:28+00
"POINT (12.355825 44.237702)",Happy Valley Kart,{ "Address": "Via Romea Sud, 74, 48015 Cervia RA, Italy", "Business Name": "Happy Valley Kart", "Geo Coordinates": { "Latitude": "44.2377022", "Longitude": "12.3558247" } },http://maps.google.com/?cid=3232155946885688236,2018/02/04 22:34:15+00,2018/02/04 22:34:15+00
"POINT (37.515115 56.168218)",Mayak,{ "Address": "Ignatovo, Moscow Oblast, Russia, 141860", "Business Name": "Kartodrom Mayak", "Geo Coordinates": { "Latitude": "56.1682180", "Longitude": "37.5151151" } },http://maps.google.com/?cid=17424935908749680750,2018/02/04 22:31:48+00,2018/02/04 22:31:48+00
"POINT (1.237894 6.193894)",L'Afriklub,{ "Address": "Jean-Paul 2, Lomé, Togo", "Business Name": "L'Afriklub", "Geo Coordinates": { "Latitude": "6.1938944", "Longitude": "1.2378944" } },http://maps.google.com/?cid=3544078711558230419,2018/02/04 22:25:26+00,2018/02/04 22:25:26+00
"POINT (13.470728 -8.964195)",Arena MULTIPARQUES,{ "Address": "Estr. p\/ NossoSuper, Angola", "Business Name": "Arena MULTIPARQUES", "Geo Coordinates": { "Latitude": "-8.9641954", "Longitude": "13.4707279" } },http://maps.google.com/?cid=8576537347117008055,2018/02/04 22:25:00+00,2018/02/04 22:25:00+00
"POINT (47.620841 -18.903167)",Havoana Land Kart,{ "Address": "Antananarivo, Madagascar", "Business Name": "Havoana Land Kart", "Geo Coordinates": { "Latitude": "-18.9031666", "Longitude": "47.6208411" } },http://maps.google.com/?cid=781345361732895328,2018/02/04 22:22:52+00,2018/02/04 22:22:52+00
"POINT (31.181284 -17.827746)",Harare International Kart Track,{ "Address": "Harare, Zimbabwe", "Business Name": "Harare International Kart Track", "Geo Coordinates": { "Latitude": "-17.8277460", "Longitude": "31.1812840" } },http://maps.google.com/?cid=1350250172762450858,2018/02/04 22:21:35+00,2018/02/04 22:21:35+00
"POINT (27.914228 -26.679903)",Vereeniging Kart Track,{ "Address": "Leeuwkuil, Vereeniging, South Africa", "Business Name": "Vereeniging Kart Track", "Geo Coordinates": { "Latitude": "-26.6799032", "Longitude": "27.9142276" } },http://maps.google.com/?cid=9632768385836132435,2018/02/04 22:18:18+00,2018/02/04 22:18:18+00
"POINT (25.557529 -34.012646)",Celso Scribante Kart Track,{ "Address": "Celso Scribante Short Circuit, Schoenmakerskop, Gqeberha, 6011, South Africa", "Business Name": "Algoa Kart & Motorcycle Club\/ Celso Scribante Kart Track", "Geo Coordinates": { "Latitude": "-34.0126457", "Longitude": "25.5575288" } },http://maps.google.com/?cid=9832051334031061342,2018/02/04 22:14:57+00,2018/02/04 22:14:57+00
"POINT (-16.732175 28.102073)",Karting Las Americas,{ "Address": "Carr. General, S\/N, salida 78, 38670 Fañabé, Santa Cruz de Tenerife, Spain", "Business Name": "Karting Las Americas", "Geo Coordinates": { "Latitude": "28.1020727", "Longitude": "-16.7321752" } },http://maps.google.com/?cid=12312579966291501957,2018/02/04 22:14:04+00,2018/02/04 22:14:04+00
"POINT (-16.651185 28.051728)",Karting Tenerife,{ "Address": "Crtra. Cho - Las Chafiras, s\/n, 38632, 38632 Cho, Santa Cruz de Tenerife, Spain", "Business Name": "Karting Tenerife", "Geo Coordinates": { "Latitude": "28.0517281", "Longitude": "-16.6511852" } },http://maps.google.com/?cid=17492888562341395952,2018/02/04 22:13:30+00,2018/02/04 22:13:30+00
"POINT (-15.50612 27.786112)",Gran Karting Club,{ "Address": "Av. de Wind Surfing, 0, 35100 Bahía Feliz, Las Palmas, Spain", "Business Name": "Gran Karting Club", "Geo Coordinates": { "Latitude": "27.7861124", "Longitude": "-15.5061199" } },http://maps.google.com/?cid=10560135539084617297,2018/02/04 22:13:06+00,2018/02/04 22:13:06+00
"POINT (21.67951 38.152078)",Kartmania,{ "Address": "Agiou Panteleimonos, Vrachneika 250 02, Greece", "Business Name": "Kartmania", "Geo Coordinates": { "Latitude": "38.1520776", "Longitude": "21.6795095" } },http://maps.google.com/?cid=5516660442878246431,2018/02/04 21:58:54+00,2018/02/04 21:58:54+00
"POINT (23.870706 38.007389)",Kartland,{ "Address": "Leof. Anthousas 8, Pallini 153 51, Greece", "Business Name": "Kartland", "Geo Coordinates": { "Latitude": "38.0073886", "Longitude": "23.8707059" } },http://maps.google.com/?cid=13825850974320257241,2018/02/04 21:57:47+00,2018/02/04 21:57:47+00
"POINT (23.723462 37.889773)",Galazio Go Kart,{ "Address": "Leof. Posidonos 26, Elliniko 167 77, Greece", "Business Name": "Galazio Go Kart", "Geo Coordinates": { "Latitude": "37.8897734", "Longitude": "23.7234623" } },http://maps.google.com/?cid=11240074500813329025,2018/02/04 21:57:12+00,2018/02/04 21:57:12+00
"POINT (23.830011 37.856899)",Speed Force,{ "Address": "Skopeftiriou 7, Koropi 194 00, Greece", "Business Name": "Speed Force", "Geo Coordinates": { "Latitude": "37.8568992", "Longitude": "23.8300113" } },http://maps.google.com/?cid=898036049795548508,2018/02/04 21:56:37+00,2018/02/04 21:56:37+00
"POINT (23.83817 37.821653)",Πίστα Kart,{ "Address": "34οχλμ, Leof. Athinon Souniou, Koropi 194 00, Greece", "Business Name": "Racing Kart Santa Marina-Πίστα Καρτ Αγίας Μαρίνας", "Geo Coordinates": { "Latitude": "37.8216526", "Longitude": "23.8381703" } },http://maps.google.com/?cid=7635166349181634828,2018/02/04 21:55:58+00,2018/02/04 21:55:58+00
"POINT (22.786641 37.591487)",Memphis Gokart,{ "Address": "Ναυπλιο, 3 ο χλμ Παραλιακη Οδος Ναυπλιου-Ν. Κιου, 211 00, Greece", "Business Name": "Memphis Gokart", "Geo Coordinates": { "Latitude": "37.5914870", "Longitude": "22.7866407" } },http://maps.google.com/?cid=6393935031626881373,2018/02/04 21:54:23+00,2018/02/04 21:54:23+00
"POINT (34.540943 48.53862)",Dnipro Kart,{ "Address": "Dniprobudivs'ka St, 67, Kamianske, Dnipropetrovsk Oblast, Ukraine, 51909", "Business Name": "Dnipro Kart", "Geo Coordinates": { "Latitude": "48.5386199", "Longitude": "34.5409431" } },http://maps.google.com/?cid=17569409617158777469,2018/02/04 21:50:43+00,2018/02/04 21:50:43+00
"POINT (12.630627 44.023974)",GO-KART track Miramare,{ "Address": "Viale Principe di Piemonte, 184, 47924 Rimini RN, Italy", "Business Name": "GO-KART track Miramare", "Geo Coordinates": { "Latitude": "44.0239741", "Longitude": "12.6306270" } },http://maps.google.com/?cid=17535640021789444794,2018/02/04 21:16:32+00,2018/02/04 21:16:32+00
"POINT (12.438047 44.15875)",Go-kart track Minimoto San Mauro a Mare,{ "Address": "Via Cagnona, 121, 47030 San Mauro A Mare FC, Italy", "Business Name": "Pista minimoto go-kart San Mauro Mare", "Geo Coordinates": { "Latitude": "44.1587495", "Longitude": "12.4380469" } },http://maps.google.com/?cid=11672431787875418312,2018/02/04 21:16:06+00,2018/02/04 21:16:06+00
"POINT (12.724049 43.950641)",Jeepers Kart,{ "Address": "Via Gallinelli, 47841 Cattolica RN, Italy", "Business Name": "Jeepers Kart", "Geo Coordinates": { "Latitude": "43.9506406", "Longitude": "12.7240487" } },http://maps.google.com/?cid=11020882049594777034,2018/02/04 21:15:17+00,2018/02/04 21:15:17+00
"POINT (12.685275 43.966968)",Misanino KCE - Kart Track Misano,{ "Address": "Via Marco Simoncelli, 47843 Santa Monica-Cella RN, Italy", "Business Name": "Misanino KCE - Kart Track Misano", "Geo Coordinates": { "Latitude": "43.9669678", "Longitude": "12.6852750" } },http://maps.google.com/?cid=10863546401751440183,2018/02/04 21:13:57+00,2018/02/04 21:13:57+00
"POINT (12.632713 44.008114)",Go Kart Moto Riccione,{ "Address": "Via Flaminia, 75, 47838 Riccione RN, Italy", "Business Name": "Go Kart Moto", "Geo Coordinates": { "Latitude": "44.0081138", "Longitude": "12.6327133" } },http://maps.google.com/?cid=13717514411172059169,2018/02/04 21:13:30+00,2018/02/04 21:13:30+00
"POINT (12.710516 43.969031)",Go Kart Misano - Riviera Verde,{ "Address": "Via del Ciglio, 7, 47843 Misano Adriatico RN, Italy", "Business Name": "Go Kart Misano - Riviera Verde", "Geo Coordinates": { "Latitude": "43.9690313", "Longitude": "12.7105165" } },http://maps.google.com/?cid=8420368725053089395,2018/02/04 21:13:17+00,2018/02/04 21:13:17+00
"POINT (11.924472 43.308894)",Pista Di Montecchio,{ "Address": "Via Giovanni Battista Schiatti, 55, 52043 Montecchio AR, Italy", "Business Name": "Pista Di Montecchio", "Geo Coordinates": { "Latitude": "43.3088939", "Longitude": "11.9244716" } },http://maps.google.com/?cid=769972756275584373,2018/02/04 21:13:04+00,2018/02/04 21:13:04+00
"POINT (13.047183 43.215511)",Pista Feggiani - Il Pipistrello,{ "Address": "Strada Provinciale 256 Muccese, 20, 62022 Matelica MC, Italy", "Business Name": "Pista Feggiani - Il Pipistrello", "Geo Coordinates": { "Latitude": "43.2155107", "Longitude": "13.0471830" } },http://maps.google.com/?cid=11821098478086140510,2018/02/04 21:12:35+00,2018/02/04 21:12:35+00
"POINT (14.934926 41.985855)",Kartodromo Sinarca (Super Motohard),{ "Address": "Contrada Pozzo Pisano, 86039 Termoli CB, Italy", "Business Name": "Kartodromo Sinarca (Super Motohard)", "Geo Coordinates": { "Latitude": "41.9858554", "Longitude": "14.9349257" } },http://maps.google.com/?cid=7932662366061954254,2018/02/04 19:43:34+00,2018/02/04 19:43:34+00
"POINT (15.471377 41.429446)",Kartodromo Santa Cecilia,{ "Address": "Via Troia, km 2600, 71010 Foggia FG, Italy", "Business Name": "Kartodromo Santa Cecilia", "Geo Coordinates": { "Latitude": "41.4294458", "Longitude": "15.4713766" } },http://maps.google.com/?cid=13970530844786269232,2018/02/04 19:43:24+00,2018/02/04 19:43:24+00
"POINT (8.749663 52.856624)",DWA Racing,{ "Address": "Bramstedter Kirchweg 80, 27211 Bassum, Germany", "Business Name": "DWA Racing", "Geo Coordinates": { "Latitude": "52.8566240", "Longitude": "8.7496630" } },http://maps.google.com/?cid=17081183648284440430,2018/02/04 19:41:44+00,2018/02/04 19:41:44+00
"POINT (11.63898 51.68348)",Kartbahn Belleben,{ "Address": "Alslebener Str. 24k, 06420 Könnern, Germany", "Business Name": "Kartbahn Belleben", "Geo Coordinates": { "Latitude": "51.6834800", "Longitude": "11.6389800" } },http://maps.google.com/?cid=10465674978694487776,2018/02/04 19:40:52+00,2018/02/04 19:40:52+00
"POINT (14.388355 51.395809)",Kartbahn Lohsa,{ "Address": "An der Kartbahn 1, 02999 Lohsa, Germany", "Business Name": "Kartbahn Lohsa", "Geo Coordinates": { "Latitude": "51.3958091", "Longitude": "14.3883552" } },http://maps.google.com/?cid=5423237249201757325,2018/02/04 19:40:36+00,2018/02/04 19:40:36+00
"POINT (14.954207 51.057337)",Kart track Görlitz ring,{ "Address": "An der B99 250, 02827 Görlitz, Germany", "Business Name": "Kart track Görlitz ring", "Geo Coordinates": { "Latitude": "51.0573370", "Longitude": "14.9542070" } },http://maps.google.com/?cid=1388736672178313064,2018/02/04 19:40:14+00,2018/02/04 19:40:14+00
"POINT (12.449235 50.086871)",Kartarena Cheb,{ "Address": "50°05'1"N 12°26'E, 58 9, Czechia", "Business Name": "Kartarena Cheb", "Geo Coordinates": { "Latitude": "50.0868713", "Longitude": "12.4492351" } },http://maps.google.com/?cid=18234815105126143605,2018/02/04 19:39:43+00,2018/02/04 19:39:43+00
"POINT (14.513346 50.099677)",KartPlanet,{ "Address": "Mezitraťová 26, 190 00 Praha 9, Czechia", "Business Name": "KartPlanet", "Geo Coordinates": { "Latitude": "50.0996770", "Longitude": "14.5133460" } },http://maps.google.com/?cid=9224184135064895652,2018/02/04 19:39:02+00,2018/02/04 19:39:02+00
"POINT (15.005854 48.125515)",Kartbahn Blindenmarkt,{ "Address": "Wiener Str., 3372, Austria", "Business Name": "Kartbahn Blindenmarkt", "Geo Coordinates": { "Latitude": "48.1255149", "Longitude": "15.0058536" } },http://maps.google.com/?cid=16864480263108180987,2018/02/04 19:37:56+00,2018/02/04 19:37:56+00
"POINT (17.019417 51.877258)",Kartodrom Gostyn - Track Karting,{ "Address": "Zamkowa, 63-800 Gostyń, Poland", "Business Name": "Kartodrom Gostyn - Track Karting", "Geo Coordinates": { "Latitude": "51.8772583", "Longitude": "17.0194168" } },http://maps.google.com/?cid=6284046195432835703,2018/02/04 19:35:55+00,2018/02/04 19:35:55+00
"POINT (17.143985 48.887296)",karts Hodonin,{ "Address": "Pánov 3528, 695 01 Hodonín, Czechia", "Business Name": "karts Hodonin", "Geo Coordinates": { "Latitude": "48.8872960", "Longitude": "17.1439850" } },http://maps.google.com/?cid=17607544834489906670,2018/02/04 19:34:53+00,2018/02/04 19:34:53+00
"POINT (19.246662 47.54583)",GoKart Farm,{ "Address": "Csömör, Nádor major 28, 2141 Hungary", "Business Name": "GoKart Farm", "Geo Coordinates": { "Latitude": "47.5458297", "Longitude": "19.2466621" } },http://maps.google.com/?cid=17212375027902925541,2018/02/04 19:33:55+00,2018/02/04 19:33:55+00
"POINT (17.046217 47.305786)",Pannonia Ring Karting,{ "Address": "Ostffyasszonyfa, 9512 Hungary", "Business Name": "Pannonia Ring Karting", "Geo Coordinates": { "Latitude": "47.3057863", "Longitude": "17.0462169" } },http://maps.google.com/?cid=16704230687493387524,2018/02/04 19:33:41+00,2018/02/04 19:33:41+00
"POINT (22.795273 57.031798)",Kandavas kartodroms,{ "Address": "Jelgavas iela 16, Kandava, Kandavas pilsēta, LV-3120, Latvia", "Business Name": "Kandavas Kartodroms", "Geo Coordinates": { "Latitude": "57.0317980", "Longitude": "22.7952734" } },http://maps.google.com/?cid=15171424091532392894,2018/02/04 19:30:23+00,2018/02/04 19:30:23+00
"POINT (22.583866 55.078716)",Smalininkų Kartodromas,{ "Address": "Stoties g. 13, Smalininkai 74222, Lithuania", "Business Name": "Go-kart track of Smalininkai", "Geo Coordinates": { "Latitude": "55.0787157", "Longitude": "22.5838659" } },http://maps.google.com/?cid=3916648387716029550,2018/02/04 19:30:04+00,2018/02/04 19:30:04+00
"POINT (21.679343 63.075818)",Vaasan kartingrata,{ "Address": "Rantamaantie 16, 65350 Vaasa, Finland", "Business Name": "Pitkämäen kartingrata", "Geo Coordinates": { "Latitude": "63.0758176", "Longitude": "21.6793430" } },http://maps.google.com/?cid=10140807217965361252,2018/02/04 19:25:03+00,2018/02/04 19:25:03+00
"POINT (23.740996 62.634425)",Töysän Karting Track,{ "Address": "63600 Töysä, Finland", "Business Name": "Töysä Karting Track", "Geo Coordinates": { "Latitude": "62.6344252", "Longitude": "23.7409958" } },http://maps.google.com/?cid=17384578670582323498,2018/02/04 19:24:45+00,2018/02/04 19:24:45+00
"POINT (26.155318 62.234503)",Ruuhimäki Circuit,{ "Address": "Mikroradantie 142, 41400 Lievestuore, Finland", "Business Name": "Ruuhimäki Circuit", "Geo Coordinates": { "Latitude": "62.2345030", "Longitude": "26.1553180" } },http://maps.google.com/?cid=8474335525231331144,2018/02/04 19:24:00+00,2018/02/04 19:24:00+00
"POINT (24.030718 61.77004)",Kaanaa Karting,{ "Address": "Moottorikeskuksenhaara 132, 34270 Velaatta, Finland", "Business Name": "Kaanaa Karting", "Geo Coordinates": { "Latitude": "61.7700405", "Longitude": "24.0307175" } },http://maps.google.com/?cid=11554302674682771040,2018/02/04 19:23:49+00,2018/02/04 19:23:49+00
"POINT (23.978602 61.488632)",Lentola Karting Park,{ "Address": "Mursketie 60, 36100 Kangasala, Finland", "Business Name": "Lentola Karting Park", "Geo Coordinates": { "Latitude": "61.4886322", "Longitude": "23.9786015" } },http://maps.google.com/?cid=9857366158453862031,2018/02/04 19:23:25+00,2018/02/04 19:23:25+00
"POINT (28.884784 61.259489)",Go-Kart Carting Track Imatra,{ "Address": "Karjalantie 770, 55800 Imatra, Finland", "Business Name": "Go-Kart Carting Track Imatra", "Geo Coordinates": { "Latitude": "61.2594887", "Longitude": "28.8847840" } },http://maps.google.com/?cid=17860602082478343197,2018/02/04 19:23:16+00,2018/02/04 19:23:16+00
"POINT (28.375507 61.086554)",KimiCircuit,{ "Address": "Kimintie 130, 53400 Lappeenranta, Finland", "Business Name": "KimiCircuit", "Geo Coordinates": { "Latitude": "61.0865542", "Longitude": "28.3755072" } },http://maps.google.com/?cid=13624322820861076675,2018/02/04 19:23:04+00,2018/02/04 19:23:04+00
"POINT (25.70413 60.956472)",Lahden Formula K-Kerho Oy,{ "Address": "Lakkilantie 193, 15150 Lahti, Finland", "Business Name": "Lahden FK Ry", "Geo Coordinates": { "Latitude": "60.9564719", "Longitude": "25.7041300" } },http://maps.google.com/?cid=13088644656820118043,2018/02/04 19:22:47+00,2018/02/04 19:22:47+00
"POINT (24.89059 60.811333)",Lavinto Karting,{ "Address": "Puujaantie 775, 12100 Hausjärvi, Finland", "Business Name": "Lavinto Karting", "Geo Coordinates": { "Latitude": "60.8113327", "Longitude": "24.8905900" } },http://maps.google.com/?cid=17765678781962198398,2018/02/04 19:22:23+00,2018/02/04 19:22:23+00
"POINT (22.189278 61.26541)",Kokemäen FK-Kerho,{ "Address": "Järilänvuorentie 239, 32810, Finland", "Business Name": "Kokemäen FK-Kerho", "Geo Coordinates": { "Latitude": "61.2654099", "Longitude": "22.1892782" } },http://maps.google.com/?cid=825032652012588752,2018/02/04 19:21:41+00,2018/02/04 19:21:41+00
"POINT (23.003845 59.850268)",Hanko Rental Oy,{ "Address": "Aarne, Karjalaisen tie, 10900 Hanko, Finland", "Business Name": "Hanko Rental Oy", "Geo Coordinates": { "Latitude": "59.8502675", "Longitude": "23.0038448" } },http://maps.google.com/?cid=7127796462160075132,2018/02/04 19:21:21+00,2018/02/04 19:21:21+00
"POINT (15.156047 60.908349)",Rättvik Racing Club,{ "Address": "795 92 Rättvik, Sweden", "Business Name": "Rättvik Racing Club", "Geo Coordinates": { "Latitude": "60.9083487", "Longitude": "15.1560470" } },http://maps.google.com/?cid=7610842615706155630,2018/02/04 19:21:06+00,2018/02/04 19:21:06+00
"POINT (15.312151 60.545191)",Dala Hyr-Kart AB,{ "Address": "781 95 Borlänge, Sweden", "Business Name": "Dala Hyr-Kart AB", "Geo Coordinates": { "Latitude": "60.5451906", "Longitude": "15.3121512" } },http://maps.google.com/?cid=7999042992567060833,2018/02/04 19:20:49+00,2018/02/04 19:20:49+00
"POINT (17.05058 59.654547)",Enköpings Kartbana,{ "Address": "ENKÖPING TÄRBY 18, 745 95 Enköping, Sweden", "Business Name": "Enköpings Kartbana", "Country Code": "SE", "Geo Coordinates": { "Latitude": "59.6545470", "Longitude": "17.0505802" } },http://maps.google.com/?cid=7975145224394606674,2018/02/04 19:20:18+00,2018/02/04 19:20:18+00
"POINT (14.509423 59.380598)",GelleråsRingen Gokart,{ "Address": "691 91 Karlskoga, Sweden", "Business Name": "Gelleråsen Gokart", "Geo Coordinates": { "Latitude": "59.3805978", "Longitude": "14.5094226" } },http://maps.google.com/?cid=5348920913457150889,2018/02/04 19:20:02+00,2018/02/04 19:20:02+00
"POINT (11.262022 59.36798)",Rudskogen Motorsenter,{ "Address": "Motorsportveien 180, 1890 Rakkestad, Norway", "Business Name": "Rudskogen Motorsenter", "Country Code": "NO", "Geo Coordinates": { "Latitude": "59.3679798", "Longitude": "11.2620216" } },http://maps.google.com/?cid=14630113744606238765,2018/02/04 19:19:50+00,2018/02/04 19:19:50+00
"POINT (16.082331 58.567978)",GokartArenan,{ "Address": "Horns väg 5, 605 97 Norrköping, Sweden", "Business Name": "GokartArenan", "Geo Coordinates": { "Latitude": "58.5679785", "Longitude": "16.0823311" } },http://maps.google.com/?cid=4761449072495085056,2018/02/04 19:19:37+00,2018/02/04 19:19:37+00
"POINT (14.123915 55.98596)",Kristianstad Karting Club,{ "Address": "Förrådsvägen 10, 291 63 Kristianstad, Sweden", "Business Name": "Kristianstad Karting Club", "Geo Coordinates": { "Latitude": "55.9859599", "Longitude": "14.1239152" } },http://maps.google.com/?cid=10755551386152870316,2018/02/04 19:19:06+00,2018/02/04 19:19:06+00
"POINT (14.406419 62.780632)",Bergs Motorklubb,{ "Address": "Galhammar 457, 840 40 Svenstavik, Sweden", "Business Name": "Bergs Motorklubb", "Geo Coordinates": { "Latitude": "62.7806325", "Longitude": "14.4064194" } },http://maps.google.com/?cid=10150829315062817991,2018/02/04 19:18:46+00,2018/02/04 19:18:46+00
"POINT (8.377134 63.123129)",Halsa Motorsportsenter/NMK Halsa,{ "Address": "343, Glåmsmyrvegen, 6683 Vågland, Norway", "Business Name": "Halsa Motorsportsenter\/NMK Halsa", "Geo Coordinates": { "Latitude": "63.1231291", "Longitude": "8.3771337" } },http://maps.google.com/?cid=12102916130135044660,2018/02/04 19:18:18+00,2018/02/04 19:18:18+00
"POINT (6.38429 62.483694)",Ålesund Kart Ring,{ "Address": "6019 Ålesund, Norway", "Business Name": "Ålesund Kart Ring", "Geo Coordinates": { "Latitude": "62.4836941", "Longitude": "6.3842904" } },http://maps.google.com/?cid=17473615967050785304,2018/02/04 19:18:01+00,2018/02/04 19:18:01+00
"POINT (6.745494 60.364719)",Kinsarvik Gokart bane,{ "Address": "Husemoen 40, 5780 Kinsarvik, Norway", "Business Name": "Kinsarvik Gokart bane", "Geo Coordinates": { "Latitude": "60.3647192", "Longitude": "6.7454938" } },http://maps.google.com/?cid=7050446672940075718,2018/02/04 19:07:12+00,2018/02/04 19:07:12+00
"POINT (14.99461 60.069347)",Grängesbergs Hyr-Kart AB,{ "Address": "Dynamiten Område Grängesberg, 772 90 Grängesberg, Sweden", "Business Name": "Grängesbergs Hyr-Kart AB", "Geo Coordinates": { "Latitude": "60.0693473", "Longitude": "14.9946095" } },http://maps.google.com/?cid=4171326742151874186,2018/02/04 19:06:04+00,2018/02/04 19:06:04+00
"POINT (5.929721 58.501543)",Egersund Motorsportsenter, Hellvik,{ "Address": "Jærveien 794, 4375 Hellvik, Norway", "Business Name": "Egersund Motorsportsenter, Hellvik", "Country Code": "NO", "Geo Coordinates": { "Latitude": "58.5015427", "Longitude": "5.9297214" } },http://maps.google.com/?cid=6414692028040282933,2018/02/04 19:05:47+00,2018/02/04 19:05:47+00
"POINT (7.781667 58.530175)",Gokartbanen Evje,{ "Address": "Setesdalsvegen 1034, 4737 Hornnes, Norway", "Business Name": "Gokartbanen Evje", "Geo Coordinates": { "Latitude": "58.5301750", "Longitude": "7.7816670" } },http://maps.google.com/?cid=13923286413205227191,2018/02/04 19:05:37+00,2018/02/04 19:05:37+00
"POINT (11.814605 57.72076)",Gothenburg Gokartcenter AB,{ "Address": "Bulyckevägen 20, 418 78 Göteborg, Sweden", "Business Name": "Gothenburg Gokartcenter AB", "Geo Coordinates": { "Latitude": "57.7207603", "Longitude": "11.8146046" } },http://maps.google.com/?cid=12049930854797903372,2018/02/04 19:05:27+00,2018/02/04 19:05:27+00
"POINT (82.890372 55.069789)",K54, Karting Club,{ "Address": "Ulitsa Yunnatov, 72к4, Novosibirsk, Novosibirsk Oblast, Russia, 630123", "Business Name": "K54, Karting Club", "Geo Coordinates": { "Latitude": "55.0697889", "Longitude": "82.8903715" } },http://maps.google.com/?cid=877266291508270170,2018/02/04 19:03:27+00,2018/02/04 19:03:27+00
"POINT (73.22727 54.993667)",VICTORY, картинг-клуб,{ "Address": "Ulitsa Volgogradskaya, 74 корп 2, Omsk, Omsk Oblast, Russia, 644073", "Business Name": "VICTORY, картинг-клуб", "Geo Coordinates": { "Latitude": "54.9936669", "Longitude": "73.2272696" } },http://maps.google.com/?cid=16812324997322504243,2018/02/04 19:03:11+00,2018/02/04 19:03:11+00
"POINT (52.417536 55.729626)",Kamaz-Kart,{ "Address": "Ulitsa 40 Let Pobedy, 54, Naberezhnye Chelny, Republic of Tatarstan, Russia, 423810", "Business Name": "Kamaz-Kart", "Geo Coordinates": { "Latitude": "55.7296265", "Longitude": "52.4175364" } },http://maps.google.com/?cid=13567028670902372193,2018/02/04 19:02:37+00,2018/02/04 19:02:37+00
"POINT (71.413689 51.147088)",Kart Max,{ "Address": "Kazakhstan, Nur-Sultan, 020000", "Business Name": "Kart Max", "Geo Coordinates": { "Latitude": "51.1470882", "Longitude": "71.4136887" } },http://maps.google.com/?cid=9286773158894737008,2018/02/04 19:01:06+00,2018/02/04 19:01:06+00
"POINT (138.659477 35.703096)",AZ山梨サーキット,{ "Address": "2298-25 Shotokuji, Yamanashi, 405-0032, Japan", "Business Name": "AZ山梨サーキット (カートコース)", "Geo Coordinates": { "Latitude": "35.7030962", "Longitude": "138.6594774" } },http://maps.google.com/?cid=8751945510333475353,2018/02/04 18:58:56+00,2018/02/04 18:58:56+00
"POINT (140.085118 35.772991)",NEO Speed Park,{ "Address": "1125 Shimadadai, Yachiyo, Chiba 276-0004, Japan", "Business Name": "NEO Speed Park", "Geo Coordinates": { "Latitude": "35.7729914", "Longitude": "140.0851179" } },http://maps.google.com/?cid=3759465917744022357,2018/02/04 18:58:20+00,2018/02/04 18:58:20+00
"POINT (139.809561 35.741763)",City Kart,{ "Address": "19-1 Senjusekiyacho, 足立区 Adachi City, Tokyo 120-0024, Japan", "Business Name": "City Kart", "Geo Coordinates": { "Latitude": "35.7417627", "Longitude": "139.8095608" } },http://maps.google.com/?cid=11720912275333265457,2018/02/04 18:58:00+00,2018/02/04 18:58:00+00
"POINT (139.909652 35.36372)",木更津サーキット,{ "Address": "Japan, 〒292-0835 Chiba, Kisarazu, Tsukiji, 1-4 イオンモール木更津内 館外", "Business Name": "Harbor Circuit", "Geo Coordinates": { "Latitude": "35.3637198", "Longitude": "139.9096524" } },http://maps.google.com/?cid=5165663494909048239,2018/02/04 18:56:32+00,2018/02/04 18:56:32+00
"POINT (137.916828 36.320627)",あづみ野 F-1PARK,{ "Address": "1622-2 Toyoshinaminamihotaka, Azumino, Nagano 399-8201, Japan", "Business Name": "あづみ野 F-1PARK", "Geo Coordinates": { "Latitude": "36.3206272", "Longitude": "137.9168285" } },http://maps.google.com/?cid=5558410878100599078,2018/02/04 18:55:57+00,2018/02/04 18:55:57+00
"POINT (135.713538 34.697375)",Sports cart Hanna,{ "Address": "480 Tsujimachi, Ikoma, Nara 630-0212, Japan", "Business Name": "Sports cart Hanna", "Geo Coordinates": { "Latitude": "34.6973748", "Longitude": "135.7135376" } },http://maps.google.com/?cid=16649723969926958341,2018/02/04 18:51:06+00,2018/02/04 18:51:06+00
"POINT (132.274159 34.37894)",カートピスタヒロシマ,{ "Address": "16 Kujima, Hatsukaichi, Hiroshima 738-0205, Japan", "Business Name": "カートピスタヒロシマ", "Geo Coordinates": { "Latitude": "34.3789400", "Longitude": "132.2741590" } },http://maps.google.com/?cid=13694400930935458247,2018/02/04 18:50:32+00,2018/02/04 18:50:32+00
"POINT (130.272542 33.400128)",オーシャンカートランドＲＣラジコンサーキット,{ "Address": "4248-25 Yamatocho Oaza Matsuse, Saga, 840-0204, Japan", "Business Name": "オーシャンカートランドＲＣラジコンサーキット", "Geo Coordinates": { "Latitude": "33.4001276", "Longitude": "130.2725417" } },http://maps.google.com/?cid=14422446284610358761,2018/02/04 18:50:03+00,2018/02/04 18:50:03+00
"POINT (118.053088 5.850578)",Malaysia Mini Moto,{ "Address": "Sandakan Turf Club International Go-kart Raceway off Jalan Sibuga Mile, 5, Jalan Utara, 90000 Sandakan, Sabah, Malaysia", "Business Name": "Malaysia Mini Moto", "Geo Coordinates": { "Latitude": "5.8505775", "Longitude": "118.0530876" } },http://maps.google.com/?cid=2856638447804302121,2018/02/04 18:48:52+00,2018/02/04 18:48:52+00
"POINT (118.735669 9.788626)",Palawan International Circuit,{ "Address": "Puerto Princesa South Road, Puerto Princesa, Palawan, Philippines", "Business Name": "Palawan International Circuit", "Geo Coordinates": { "Latitude": "9.7886257", "Longitude": "118.7356693" } },http://maps.google.com/?cid=12554188435325146836,2018/02/04 18:48:43+00,2018/02/04 18:48:43+00
"POINT (123.802526 9.557329)",Dumaluan Go Kart Track,{ "Address": "Panglao, Bohol, Philippines", "Business Name": "Dumaluan Go Kart Track", "Geo Coordinates": { "Latitude": "9.5573292", "Longitude": "123.8025256" } },http://maps.google.com/?cid=16160613252009067778,2018/02/04 18:48:23+00,2018/02/04 18:48:23+00
"POINT (24.769004 42.136708)",Karting Lauta,{ "Address": "Lev Tolstoy str. 1, Lauta, ul. "Lev Tolstoy" 1, 4000 Karting Pista Lauta, Plovdiv, Bulgaria", "Business Name": "Karting Lauta", "Geo Coordinates": { "Latitude": "42.1367085", "Longitude": "24.7690044" } },http://maps.google.com/?cid=16627103195215553598,2018/02/04 18:26:11+00,2018/02/04 18:26:11+00
"POINT (32.588492 39.982404)",Go Kart Pisti,{ "Address": "Yunus Emre, 06933 Sincan\/Ankara, Turkey", "Business Name": "Go Kart", "Geo Coordinates": { "Latitude": "39.9824040", "Longitude": "32.5884922" } },http://maps.google.com/?cid=15618002316561788773,2018/02/04 18:25:19+00,2018/02/04 18:25:19+00
"POINT (44.949624 41.571012)",Driving Academy,{ "Address": "Rustavi Racing Track, Rustavi, Georgia", "Business Name": "Driving Academy", "Geo Coordinates": { "Latitude": "41.5710115", "Longitude": "44.9496236" } },http://maps.google.com/?cid=8234551050610603814,2018/02/04 18:24:50+00,2018/02/04 18:24:50+00
"POINT (27.164833 36.875152)",MAMARI GO KART CENTER,{ "Address": "Marmari 853 00, Greece", "Business Name": "Marmari Go Kart Centre", "Geo Coordinates": { "Latitude": "36.8751517", "Longitude": "27.1648334" } },http://maps.google.com/?cid=10962512702981109039,2018/02/04 18:24:36+00,2018/02/04 18:24:36+00
"POINT (33.670439 27.40077)",El Gouna Go Karts,{ "Address": "Mohamed Ibrahim Kamel St, Hurghada, Red Sea Governorate, Egypt", "Business Name": "El Gouna Go Karts", "Geo Coordinates": { "Latitude": "27.4007699", "Longitude": "33.6704390" } },http://maps.google.com/?cid=16375481697879268140,2018/02/04 18:22:50+00,2018/02/04 18:22:50+00
"POINT (52.405416 29.762605)",Shiraz Karting Club,{ "Address": "Shiraz, Fars Province, Iran", "Business Name": "Shiraz Karting Club", "Geo Coordinates": { "Latitude": "29.7626052", "Longitude": "52.4054155" } },http://maps.google.com/?cid=2455560320729735900,2018/02/04 18:22:15+00,2018/02/04 18:22:15+00
"POINT (48.00485 29.390487)",Scuderia F1 Go Kart,{ "Address": "Kuwait City, Kuwait", "Business Name": "Scuderia F1 Go Kart", "Geo Coordinates": { "Latitude": "29.3904869", "Longitude": "48.0048496" } },http://maps.google.com/?cid=11245156549390923890,2018/02/04 18:21:26+00,2018/02/04 18:21:26+00
"POINT (47.944336 29.338862)",Sirbb Circuit,{ "Address": "55 Airport Rd, Kuwait City 13003, Kuwait", "Business Name": "Sirbb Circuit", "Geo Coordinates": { "Latitude": "29.3388625", "Longitude": "47.9443359" } },http://maps.google.com/?cid=5938989748827478734,2018/02/04 18:21:08+00,2018/02/04 18:21:08+00
"POINT (47.985579 29.254258)",ProKart Kuwait,{ "Address": "On The 6th Ring Between Road 55 And 50 (airport Road New road entrance is on airport road 55 in front of Kuwait airways headquarters Kuwait Dhajeej, 22001, Kuwait", "Business Name": "ProKart Kuwait", "Geo Coordinates": { "Latitude": "29.2542584", "Longitude": "47.9855793" } },http://maps.google.com/?cid=15243825746232940297,2018/02/04 18:20:50+00,2018/02/04 18:20:50+00
"POINT (48.120772 29.180054)",Go Karting - Agaila Park,{ "Address": "Salem Sabah Al Salem Al Sabah St, Kuwait", "Business Name": "Go Karting - Agaila Park", "Geo Coordinates": { "Latitude": "29.1800543", "Longitude": "48.1207720" } },http://maps.google.com/?cid=18222573733140037424,2018/02/04 18:20:35+00,2018/02/04 18:20:35+00
"POINT (50.126191 26.385631)",Mahara Karting - Hwadi Ltd. Co.,{ "Address": "Prince Mohammed Bin Fahd Branch Rd, Al Basatin, Dammam 32235, Saudi Arabia", "Business Name": "Mahara Karting Track", "Geo Coordinates": { "Latitude": "26.3856311", "Longitude": "50.1261909" } },http://maps.google.com/?cid=5865408407334894048,2018/02/04 18:19:25+00,2018/02/04 18:19:25+00
"POINT (50.507124 26.028859)",Bahrain International Karting Circuit,{ "Address": "1062، Umm Jidar، Bahrain", "Business Name": "Bahrain International Karting Circuit", "Geo Coordinates": { "Latitude": "26.0288592", "Longitude": "50.5071243" } },http://maps.google.com/?cid=10338067306018815005,2018/02/04 18:18:53+00,2018/02/04 18:18:53+00
"POINT (46.577353 24.458786)",Fun extreme dirab,{ "Address": "Jabal Ajyad Road, Dahiat Namar, Riyadh 11564, Saudi Arabia", "Business Name": "FunXtreme Karting - فن إكستريم كارتينج", "Geo Coordinates": { "Latitude": "24.4587857", "Longitude": "46.5773530" } },http://maps.google.com/?cid=12282164765184079361,2018/02/04 18:18:37+00,2018/02/04 18:18:37+00
"POINT (54.014885 26.539186)",Kish Karting,{ "Address": "Kish, Hormozgan Province, Iran", "Business Name": "Kish Karting", "Geo Coordinates": { "Latitude": "26.5391865", "Longitude": "54.0148847" } },http://maps.google.com/?cid=15340800148548063778,2018/02/04 18:18:01+00,2018/02/04 18:18:01+00
"POINT (55.020424 24.98277)",Jebal Ali Kart Track,{ "Address": "Jebel Ali - Dubai - United Arab Emirates", "Business Name": "Jebal Ali Kart Track", "Geo Coordinates": { "Latitude": "24.9827698", "Longitude": "55.0204238" } },http://maps.google.com/?cid=4537353425610003831,2018/02/04 18:16:56+00,2018/02/04 18:16:56+00
"POINT (55.353744 25.218777)",Emirates Kart Zone,{ "Address": "Al Wasl Sports Club​, ​Oud Metha Street، Between Latifa Hospital & Marriott Hotel, Al Jaddaf - Dubai - United Arab Emirates", "Business Name": "Emirates Kart Zone", "Geo Coordinates": { "Latitude": "25.2187770", "Longitude": "55.3537442" } },http://maps.google.com/?cid=17440108234712473148,2018/02/04 18:16:31+00,2018/02/04 18:16:31+00
"POINT (55.817267 25.708771)",Rak Track (Go-Kart),{ "Address": "E11 Sheikh Muhammad Bin Salem Rd - Ras al Khaimah - United Arab Emirates", "Business Name": "RAK Track", "Geo Coordinates": { "Latitude": "25.7087713", "Longitude": "55.8172674" } },http://maps.google.com/?cid=12903884416230363195,2018/02/04 18:16:14+00,2018/02/04 18:16:14+00
"POINT (55.70106 24.96455)",Sharjah Kart Track,{ "Address": "e44 Dubai-Hatta Rd - Sharjah - United Arab Emirates", "Business Name": "SHARJAH KART TRACK الشارقة كارت تراك", "Geo Coordinates": { "Latitude": "24.9645499", "Longitude": "55.7010598" } },http://maps.google.com/?cid=10520738485678115724,2018/02/04 18:16:00+00,2018/02/04 18:16:00+00
"POINT (58.319763 23.583154)",Muscat Speedway (Go-karting),{ "Address": "Muscat, Oman", "Business Name": "Muscat Speedway (Go-Karting)", "Geo Coordinates": { "Latitude": "23.5831535", "Longitude": "58.3197631" } },http://maps.google.com/?cid=8984139375100875074,2018/02/04 18:15:39+00,2018/02/04 18:15:39+00
"POINT (77.311444 23.164676)",RPM Go Karting,{ "Address": "Ratibad Rd, Ratibad, Madhya Pradesh 462044, India", "Business Name": "RPM Go Karting", "Geo Coordinates": { "Latitude": "23.1646760", "Longitude": "77.3114445" } },http://maps.google.com/?cid=7924536471235745640,2018/02/04 18:07:10+00,2018/02/04 18:07:10+00
"POINT (78.600778 17.586328)",Chicane Circuit,{ "Address": "Shameerpet, Bommaraspet, Village, Leonia Resorts Rd, Hyderabad, Telangana 500078, India", "Business Name": "Chicane Circuit", "Geo Coordinates": { "Latitude": "17.5863278", "Longitude": "78.6007776" } },http://maps.google.com/?cid=9775515906275956363,2018/02/04 17:47:13+00,2018/02/04 17:47:13+00
"POINT (78.315082 17.391154)",OKOS Gokarting,{ "Address": "Treasure Island Gokarting Track, Hyderabad, Telangana 500075, India", "Business Name": "OKOS Gokarting", "Geo Coordinates": { "Latitude": "17.3911540", "Longitude": "78.3150815" } },http://maps.google.com/?cid=15396302491096727177,2018/02/04 17:43:25+00,2018/02/04 17:43:25+00
"POINT (74.315671 16.663744)",Mohite Racing Academy,{ "Address": "At Abhishek Corporation LTD Gat 148, Hupari Borgao Rd, Tamgaon, Maharashtra 416202, India", "Business Name": "Mohite’s Racing Academy", "Geo Coordinates": { "Latitude": "16.6637442", "Longitude": "74.3156711" } },http://maps.google.com/?cid=5469817313473888750,2018/02/04 17:41:15+00,2018/02/04 17:41:15+00
"POINT (77.671993 13.116198)",Meco Kartopia,{ "Address": "49, 51, 53\/1-2-3, Hennur Bagalur Road Chaggalagatti Village, Bengaluru, Karnataka 562149, India", "Business Name": "Meco Kartopia", "Geo Coordinates": { "Latitude": "13.1161983", "Longitude": "77.6719931" } },http://maps.google.com/?cid=10884299732474019026,2018/02/04 17:37:15+00,2018/02/04 17:37:15+00
"POINT (77.460793 12.893295)",Grips,{ "Address": "Survey No. 68, Mysore Rd, Anchepalya, Bengaluru, Karnataka 560074, India", "Business Name": "Grips Gokarting & Bowling", "Geo Coordinates": { "Latitude": "12.8932948", "Longitude": "77.4607932" } },http://maps.google.com/?cid=4057815071157874590,2018/02/04 17:35:22+00,2018/02/04 17:35:22+00
"POINT (77.506657 12.794268)",Raceway Motorsports,{ "Address": "Survey No. 24, Kanakapura Road Pattreddy palya, Kaggalipura, Bengaluru, Karnataka 560082, India", "Business Name": "Raceway Motorsports", "Geo Coordinates": { "Latitude": "12.7942675", "Longitude": "77.5066566" } },http://maps.google.com/?cid=10353592319749964693,2018/02/04 17:34:53+00,2018/02/04 17:34:53+00
"POINT (79.985348 6.73707)",Sri Lanka Karting Circuit, Bandaragama,{ "Address": "Maithree Mawatha, Bandaragama 12530, Sri Lanka", "Business Name": "Sri Lanka Karting Circuit, Bandaragama", "Geo Coordinates": { "Latitude": "6.7370702", "Longitude": "79.9853479" } },http://maps.google.com/?cid=9081849156994519650,2018/02/04 17:25:37+00,2018/02/04 17:25:37+00
"POINT (147.495972 -42.70533)",Southern Tasmanian Kart Club Inc.,{ "Address": "616 Fingerpost Rd, Orielton TAS 7172, Australia", "Business Name": "Southern Tasmanian Kart Club", "Geo Coordinates": { "Latitude": "-42.7053298", "Longitude": "147.4959716" } },http://maps.google.com/?cid=17353421955278299144,2018/02/04 07:47:55+00,2018/02/04 07:47:55+00
"POINT (148.95613 -20.358975)",Go-Kart Racing Track,{ "Address": "Palm Valley Way, Whitsundays QLD 4803, Australia", "Business Name": "Go-Kart Racing Track", "Geo Coordinates": { "Latitude": "-20.3589748", "Longitude": "148.9561297" } },http://maps.google.com/?cid=1161321081474841520,2018/02/04 07:45:13+00,2018/02/04 07:45:13+00
"POINT (151.287613 -23.904856)",Gladstone Kart Club,{ "Address": "South Trees QLD 4680, Australia", "Business Name": "Gladstone Kart Club", "Geo Coordinates": { "Latitude": "-23.9048557", "Longitude": "151.2876129" } },http://maps.google.com/?cid=816148217625314850,2018/02/04 07:43:49+00,2018/02/04 07:43:49+00
"POINT (152.807342 -25.305643)",Hervey Bay Go Kart Track,{ "Address": "245 Scrub Hill Rd, Nikenbah QLD 4655, Australia", "Business Name": "Hervey Bay Go Kart Track", "Geo Coordinates": { "Latitude": "-25.3056430", "Longitude": "152.8073425" } },http://maps.google.com/?cid=17269537171764613783,2018/02/04 07:43:19+00,2018/02/04 07:43:19+00
"POINT (152.699439 -26.227931)",Cooloola Coast Kart Club,{ "Address": "10 Runge Rd, Gympie QLD 4570, Australia", "Business Name": "Cooloola Coast Kart Club", "Geo Coordinates": { "Latitude": "-26.2279307", "Longitude": "152.6994386" } },http://maps.google.com/?cid=11160587461166106697,2018/02/04 07:43:04+00,2018/02/04 07:43:04+00
"POINT (151.991215 -26.685519)",South Burnett Kart Hire,{ "Address": "13838 D'Aguilar Hwy, Nanango QLD 4615, Australia", "Business Name": "South Burnett Kart Hire", "Geo Coordinates": { "Latitude": "-26.6855190", "Longitude": "151.9912150" } },http://maps.google.com/?cid=14172695294150363837,2018/02/04 07:42:55+00,2018/02/04 07:42:55+00
"POINT (151.230286 -27.181715)",Dalby Go Kart Track,{ "Address": "122 Dennis St, Dalby QLD 4405, Australia", "Business Name": "Dalby Go Kart Track", "Geo Coordinates": { "Latitude": "-27.1817150", "Longitude": "151.2302856" } },http://maps.google.com/?cid=3024556565847856998,2018/02/04 07:42:41+00,2018/02/04 07:42:41+00
"POINT (153.001205 -27.576855)",Archerfield,{ "Address": "63a Colebard St W, Acacia Ridge QLD 4110, Australia", "Business Name": "Archerfield", "Geo Coordinates": { "Latitude": "-27.5768547", "Longitude": "153.0012054" } },http://maps.google.com/?cid=17329550348529538292,2018/02/04 07:42:25+00,2018/02/04 07:42:25+00
"POINT (152.667297 -27.693159)",Ipswich Kart Club,{ "Address": "56 Champions Way, Willowbank QLD 4306, Australia", "Business Name": "Ipswich Kart Club", "Geo Coordinates": { "Latitude": "-27.6931591", "Longitude": "152.6672973" } },http://maps.google.com/?cid=2884711897420454176,2018/02/04 07:42:13+00,2018/02/04 07:42:13+00
"POINT (153.115106 -27.672156)",Kingston Park Raceway,{ "Address": "20 Mudgee St, Kingston QLD 4114, Australia", "Business Name": "Kingston Park Raceway", "Geo Coordinates": { "Latitude": "-27.6721560", "Longitude": "153.1151060" } },http://maps.google.com/?cid=11370214971786517339,2018/02/04 07:42:03+00,2018/02/04 07:42:03+00
"POINT (151.948016 -28.184806)",Warwick Kart Club,{ "Address": "335 Sandy Creek Rd, Allan QLD 4370, Australia", "Business Name": "Warwick Kart Club", "Geo Coordinates": { "Latitude": "-28.1848065", "Longitude": "151.9480157" } },http://maps.google.com/?cid=18025332885530141653,2018/02/04 07:41:21+00,2018/02/04 07:41:21+00
"POINT (153.274399 -28.793621)",Lismore Kart Club,{ "Address": "Tweed St, Lismore NSW 2480, Australia", "Business Name": "Lismore Kart Club", "Geo Coordinates": { "Latitude": "-28.7936210", "Longitude": "153.2743988" } },http://maps.google.com/?cid=4886430574550601656,2018/02/04 07:41:09+00,2018/02/04 07:41:09+00
"POINT (152.790812 -31.526066)",Pacific Park International Kart Track,{ "Address": "LOT 2 Houston Mitchell Dr, Lake Innes NSW 2446, Australia", "Business Name": "Pacific Park International Kart Track", "Geo Coordinates": { "Latitude": "-31.5260662", "Longitude": "152.7908124" } },http://maps.google.com/?cid=16816105315576181728,2018/02/04 07:40:45+00,2018/02/04 07:40:45+00
"POINT (114.732523 -28.781216)",Geraldton Go Kart Track,{ "Address": "805 Geraldton-Mt Magnet Rd, Moonyoonooka WA 6532, Australia", "Business Name": "Geraldton Go Kart Track", "Geo Coordinates": { "Latitude": "-28.7812156", "Longitude": "114.7325228" } },http://maps.google.com/?cid=18292377988789287028,2018/02/04 07:39:56+00,2018/02/04 07:39:56+00
"POINT (121.440117 -30.796351)",Eastern Goldfields Kart Club,{ "Address": "Greenhill Rd, Broadwood WA 6430, Australia", "Business Name": "Eastern Goldfields Kart Club", "Geo Coordinates": { "Latitude": "-30.7963513", "Longitude": "121.4401169" } },http://maps.google.com/?cid=16624986211722625092,2018/02/04 07:39:45+00,2018/02/04 07:39:45+00
"POINT (115.799428 -31.663016)",Wanneroo International kartway - Mega Fast Karts,{ "Address": "Wanneroo International Kartway, 1 Wattle Ave E, Neerabup WA 6031, Australia", "Business Name": "Mega Fast Karts Wanneroo", "Geo Coordinates": { "Latitude": "-31.6630160", "Longitude": "115.7994282" } },http://maps.google.com/?cid=15848969680926993106,2018/02/04 07:39:36+00,2018/02/04 07:39:36+00
"POINT (116.370674 -31.76129)",Hurricane Kart Club,{ "Address": "6560\/99 Burma Rd, Wundowie WA 6560, Australia", "Business Name": "Hurricane Kart Club", "Geo Coordinates": { "Latitude": "-31.7612895", "Longitude": "116.3706741" } },http://maps.google.com/?cid=16275576470268169360,2018/02/04 07:39:26+00,2018/02/04 07:39:26+00
"POINT (115.890193 -32.26889)",Dirt Trackers Kart Club,{ "Address": "375 Boomerang Rd, Oldbury WA 6121, Australia", "Business Name": "Dirt Trackers Kart Club", "Country Code": "AU", "Geo Coordinates": { "Latitude": "-32.2688900", "Longitude": "115.8901930" } },http://maps.google.com/?cid=3129103250576105098,2018/02/04 07:39:05+00,2018/02/04 07:39:05+00
"POINT (153.09842 -30.320184)",Coffs Harbour Kart Club,{ "Address": "LOT 211 Phil Hawthorne Dr, Coffs Harbour NSW 2450, Australia", "Business Name": "Coffs Harbour Kart Club", "Geo Coordinates": { "Latitude": "-30.3201836", "Longitude": "153.0984205" } },http://maps.google.com/?cid=2950932616777100497,2018/02/04 07:38:11+00,2018/02/04 07:38:11+00
"POINT (148.616162 -32.16883)",Lincoln County Raceway, DUBBO,{ "Address": "Newell Hwy, Brocklehurst NSW 2830, Australia", "Business Name": "Lincoln County Raceway, DUBBO", "Geo Coordinates": { "Latitude": "-32.1688295", "Longitude": "148.6161616" } },http://maps.google.com/?cid=7789766948673488507,2018/02/04 07:38:02+00,2018/02/04 07:38:02+00
"POINT (148.08979 -33.844982)",Grenfell Kart Club,{ "Address": "23 Henry Lawson Way, Grenfell NSW 2810, Australia", "Business Name": "Grenfell Kart Club", "Geo Coordinates": { "Latitude": "-33.8449818", "Longitude": "148.0897902" } },http://maps.google.com/?cid=9849961809932459910,2018/02/04 07:37:52+00,2018/02/04 07:37:52+00
"POINT (145.988332 -34.262473)",Griffith Kart Club,{ "Address": "2600 White Rd, Tharbogang NSW 2680, Australia", "Business Name": "Griffith Kart Club", "Geo Coordinates": { "Latitude": "-34.2624732", "Longitude": "145.9883315" } },http://maps.google.com/?cid=11858547087728137378,2018/02/04 07:37:43+00,2018/02/04 07:37:43+00
"POINT (142.07983 -34.232163)",Mildura Kart Club,{ "Address": "Walnut Ave, Mildura VIC 3500, Australia", "Business Name": "Mildura Kart Club", "Geo Coordinates": { "Latitude": "-34.2321633", "Longitude": "142.0798303" } },http://maps.google.com/?cid=10895496554930958560,2018/02/04 07:37:34+00,2018/02/04 07:37:34+00
"POINT (143.470084 -35.366892)",Swan Hill Kart Club,{ "Address": "Sea Lake-Ultima-Swan Hill Rd, Swan Hill VIC 3585, Australia", "Business Name": "Swan Hill Kart Club", "Geo Coordinates": { "Latitude": "-35.3668919", "Longitude": "143.4700835" } },http://maps.google.com/?cid=9370410877038455737,2018/02/04 07:37:18+00,2018/02/04 07:37:18+00
"POINT (145.486289 -36.09851)",Goulburn Valley Kart Club,{ "Address": "Katamatite-Nathalia Rd, Numurkah VIC 3636, Australia", "Business Name": "Goulburn Valley Kart Club", "Geo Coordinates": { "Latitude": "-36.0985102", "Longitude": "145.4862893" } },http://maps.google.com/?cid=11039514253324476007,2018/02/04 07:37:07+00,2018/02/04 07:37:07+00
"POINT (144.778411 -36.390734)",Rochester Kart Club,{ "Address": "Quarry Rd, Nanneella VIC 3561, Australia", "Business Name": "Rochester Kart Club", "Geo Coordinates": { "Latitude": "-36.3907343", "Longitude": "144.7784114" } },http://maps.google.com/?cid=12560540479441636439,2018/02/04 07:36:57+00,2018/02/04 07:36:57+00
"POINT (140.767833 -36.303334)",Bordertown Go Kart Club,{ "Address": "Golf Course Rd, Bordertown SA 5268, Australia", "Business Name": "Tatiara Karting Club", "Geo Coordinates": { "Latitude": "-36.3033342", "Longitude": "140.7678330" } },http://maps.google.com/?cid=14536529472399277707,2018/02/04 07:36:18+00,2018/02/04 07:36:18+00
"POINT (144.240816 -36.757874)",Bendigo Kart Club,{ "Address": "Sparrowhawk Rd, Maiden Gully VIC 3551, Australia", "Business Name": "Bendigo Kart Club", "Geo Coordinates": { "Latitude": "-36.7578742", "Longitude": "144.2408162" } },http://maps.google.com/?cid=4630932371474274973,2018/02/04 07:35:42+00,2018/02/04 07:35:42+00
"POINT (145.026596 -37.012726)",Eastern Lions Kart Club,{ "Address": "Seymour-Tooborac Rd, Hilldene VIC 3660, Australia", "Business Name": "Eastern Lions Kart Club", "Geo Coordinates": { "Latitude": "-37.0127258", "Longitude": "145.0265960" } },http://maps.google.com/?cid=18173292607292002601,2018/02/04 07:35:31+00,2018/02/04 07:35:31+00
"POINT (143.71302 -37.589158)",Ballarat Kart Club,{ "Address": "Haddon Kart Club, 70 Racecourse Rd, Haddon VIC 3351, Australia", "Business Name": "Ballarat Kart Club", "Geo Coordinates": { "Latitude": "-37.5891577", "Longitude": "143.7130198" } },http://maps.google.com/?cid=3773603168493382329,2018/02/04 07:35:21+00,2018/02/04 07:35:21+00
"POINT (147.572093 -37.881031)",Bairnsdale Kart Club,{ "Address": "Humphrys Rd, Bairnsdale VIC 3875, Australia", "Business Name": "Bairnsdale Kart Club", "Geo Coordinates": { "Latitude": "-37.8810312", "Longitude": "147.5720930" } },http://maps.google.com/?cid=2266507059252405498,2018/02/04 07:35:09+00,2018/02/04 07:35:09+00
"POINT (143.059885 -38.322499)",South West Kart Club,{ "Address": "Graylands Rd, Cobden VIC 3266, Australia", "Business Name": "South West Kart Club", "Geo Coordinates": { "Latitude": "-38.3224989", "Longitude": "143.0598848" } },http://maps.google.com/?cid=1027251873055241407,2018/02/04 07:34:45+00,2018/02/04 07:34:45+00
"POINT (142.582889 -38.428463)",Warrnambool Kart Club,{ "Address": "Buckleys Rd, Allansford VIC 3277, Australia", "Business Name": "Warrnambool Kart Club", "Geo Coordinates": { "Latitude": "-38.4284627", "Longitude": "142.5828892" } },http://maps.google.com/?cid=922324592788692559,2018/02/04 07:34:34+00,2018/02/04 07:34:34+00
"POINT (175.079179 -37.352238)",Hampton Downs Go Karts,{ "Address": "Hampton Downs Road, Hampton Downs 3782, New Zealand", "Business Name": "Hampton Downs Go Karts", "Geo Coordinates": { "Latitude": "-37.3522375", "Longitude": "175.0791788" } },http://maps.google.com/?cid=18255765931002261565,2018/02/04 07:33:42+00,2018/02/04 07:33:42+00
"POINT (146.699 -19.280167)",Suncity Raceway,{ "Address": "123\/299 Shaw Rd, Shaw QLD 4818, Australia", "Business Name": "Suncity Raceway", "Country Code": "AU", "Geo Coordinates": { "Latitude": "-19.2801667", "Longitude": "146.6990000" } },http://maps.google.com/?cid=13687927380527797662,2018/02/04 07:32:54+00,2018/02/04 07:32:54+00
"POINT (102.30742 2.298181)",Ayer Keroh Motorsport Park,{ "Address": "Kawasan Go-Kart Pusat Export Melaka, 75450 Air Keroh, Melaka., 75450 Malacca, Malaysia", "Business Name": "Ayer Keroh Motorsport Park", "Geo Coordinates": { "Latitude": "2.2981811", "Longitude": "102.3074200" } },http://maps.google.com/?cid=3685782657613640291,2018/02/04 07:29:50+00,2018/02/04 07:29:50+00
"POINT (101.729371 2.763537)",Sepang Go-Kart Circuit,{ "Address": "344, Sepang F1 Circuit, 43900 Sepang, Selangor, Malaysia", "Business Name": "Sepang Go-Kart Circuit", "Country Code": "MY", "Geo Coordinates": { "Latitude": "2.7635367", "Longitude": "101.7293711" } },http://maps.google.com/?cid=8975757916861403749,2018/02/04 07:29:23+00,2018/02/04 07:29:23+00
"POINT (100.675595 4.22742)",Manjung Karting Circuit,{ "Address": "32000 Sitiawan, Perak, Malaysia", "Business Name": "Manjung Karting Circuit", "Geo Coordinates": { "Latitude": "4.2274200", "Longitude": "100.6755952" } },http://maps.google.com/?cid=1717010285810977825,2018/02/04 07:27:28+00,2018/02/04 07:27:28+00
"POINT (100.504001 6.470226)",Go-Kart,{ "Address": "Changlun, 06050 Bukit Kayu Hitam, Kedah, Malaysia", "Business Name": "Litar Go-Kart UUM", "Geo Coordinates": { "Latitude": "6.4702255", "Longitude": "100.5040011" } },http://maps.google.com/?cid=271677510920968391,2018/02/04 07:13:29+00,2018/02/04 07:13:29+00
"POINT (98.329346 7.906744)",Patong Go-Kart Speedway,{ "Address": "118\/5 Vichitsongkram Rd. M.7 Kathu, Phuket, 83120, Thailand", "Business Name": "Patong Go-Kart Speedway", "Geo Coordinates": { "Latitude": "7.9067438", "Longitude": "98.3293456" } },http://maps.google.com/?cid=14445964398561141167,2018/02/04 07:13:14+00,2018/02/04 07:13:14+00
"POINT (104.781141 11.538434)",Go Kart Cambodia,{ "Address": "Phnom Penh, Cambodia", "Business Name": "Go Kart Cambodia", "Geo Coordinates": { "Latitude": "11.5384345", "Longitude": "104.7811409" } },http://maps.google.com/?cid=10218460054041257538,2018/02/04 07:12:01+00,2018/02/04 07:12:01+00
"POINT (100.543627 13.918431)",IMPACT Speed Park,{ "Address": "121 M.6 Banmai Sub-districut, Pak Kret District, Nonthaburi 11120, Thailand", "Business Name": "IMPACT Speed Park", "Geo Coordinates": { "Latitude": "13.9184313", "Longitude": "100.5436271" } },http://maps.google.com/?cid=13465989643661302787,2018/02/04 07:11:09+00,2018/02/04 07:11:09+00
"POINT (100.565766 13.820431)",MSL Motorsports Land,{ "Address": "1096, 1 Phahonyothin Rd, Chom Phon, Chatuchak, Bangkok 10900, Thailand", "Business Name": "MSL Motorsports Land", "Geo Coordinates": { "Latitude": "13.8204307", "Longitude": "100.5657659" } },http://maps.google.com/?cid=6545728825977437754,2018/02/04 07:10:49+00,2018/02/04 07:10:49+00
"POINT (100.909224 12.955722)",Go-Kart Road Racing,{ "Address": "Pattaya City, Bang Lamung District, Chon Buri 20260, Thailand", "Business Name": "Go-Kart Road Racing", "Geo Coordinates": { "Latitude": "12.9557216", "Longitude": "100.9092245" } },http://maps.google.com/?cid=7479863144508691899,2018/02/04 07:10:26+00,2018/02/04 07:10:26+00
"POINT (100.8829 12.904831)",The Pattaya Kart Speedway,{ "Address": "Thep Prasit Rd, Pattaya City, Bang Lamung District, Chon Buri 20150, Thailand", "Business Name": "Pattaya Kart speedway", "Geo Coordinates": { "Latitude": "12.9048310", "Longitude": "100.8828995" } },http://maps.google.com/?cid=117938615658755916,2018/02/04 07:09:30+00,2018/02/04 07:09:30+00
"POINT (113.561254 22.132308)",Karting Track,{ "Address": "Estr. de Seac Pai Van, Macao", "Business Name": "Coloane Karting Track", "Geo Coordinates": { "Latitude": "22.1323081", "Longitude": "113.5612545" } },http://maps.google.com/?cid=15032481759694175434,2018/02/04 07:07:33+00,2018/02/04 07:07:33+00
"POINT (121.293981 25.029051)",Taroko Kart,{ "Address": "No. 1650, Zhongzheng Rd, Taoyuan District, Taoyuan City, Taiwan 330", "Business Name": "Taroko Kart", "Geo Coordinates": { "Latitude": "25.0290513", "Longitude": "121.2939814" } },http://maps.google.com/?cid=5693502080523551266,2018/02/04 07:05:57+00,2018/02/04 07:05:57+00
"POINT (120.58241 24.167085)",Rosso Go Karting Track,{ "Address": "No. 1201, Section 5, Xiangshang Road, Dadu District, Taichung City, Taiwan 432", "Business Name": "Rosso Go Karting Track", "Geo Coordinates": { "Latitude": "24.1670848", "Longitude": "120.5824103" } },http://maps.google.com/?cid=7784141561553357887,2018/02/04 07:04:34+00,2018/02/04 07:04:34+00
"POINT (121.521069 23.881648)",詮速賽車場,{ "Address": "No. 2號, Section 2, Zhonghua Road, Shoufeng Township, Hualien County, Taiwan 97447", "Business Name": "詮速賽車場", "Geo Coordinates": { "Latitude": "23.8816482", "Longitude": "121.5210692" } },http://maps.google.com/?cid=5647245774596408142,2018/02/04 07:03:57+00,2018/02/04 07:03:57+00
"POINT (120.48686 22.450227)",Dapeng Bay International Karting Land,{ "Address": "928, Taiwan, Pingtung County, Donggang Township, 鵬灣大道二段1號", "Business Name": "Dapeng Bay International Karting Land", "Geo Coordinates": { "Latitude": "22.4502273", "Longitude": "120.4868597" } },http://maps.google.com/?cid=3241030646033931024,2018/02/04 07:02:22+00,2018/02/04 07:02:22+00
"POINT (120.741077 21.998555)",砂岛赛车场,{ "Address": "No. 235, Henggong Road, Hengchun Township, Pingtung County, Taiwan 946", "Business Name": "墾丁碰碰船", "Geo Coordinates": { "Latitude": "21.9985554", "Longitude": "120.7410767" } },http://maps.google.com/?cid=1479213139995072676,2018/02/04 07:00:36+00,2018/02/04 07:00:36+00
"POINT (127.068665 37.516996)",코리아카트,{ "Address": "1168-1 Jamsil-dong, Songpa-gu, Seoul, South Korea", "Business Name": "코리아카트", "Geo Coordinates": { "Latitude": "37.5169962", "Longitude": "127.0686651" } },http://maps.google.com/?cid=5995318980517144367,2018/02/04 06:49:44+00,2018/02/04 06:49:44+00
"POINT (140.777661 38.141922)",Sportsland Sugo,{ "Address": "６丁目-1 Sugou, Murata, Shibata District, Miyagi 989-1301, Japan", "Business Name": "Sportsland SUGO", "Country Code": "JP", "Geo Coordinates": { "Latitude": "38.1419215", "Longitude": "140.7776609" } },http://maps.google.com/?cid=5251960846831605162,2018/02/04 06:43:32+00,2018/02/04 06:43:32+00
"POINT (136.616637 35.049543)",Rainbow Sports cart course,{ "Address": "3918-1 Shichi, Kuwana, Mie 511-0937, Japan", "Business Name": "Rainbow Sport Go-Kart Track", "Geo Coordinates": { "Latitude": "35.0495434", "Longitude": "136.6166368" } },http://maps.google.com/?cid=2426530462029163310,2018/02/04 06:42:41+00,2018/02/04 06:42:41+00
"POINT (137.641904 34.738004)",クイック浜名,{ "Address": "5757 Sahamacho, Nishi Ward, Hamamatsu, Shizuoka 431-1113, Japan", "Business Name": "Quick Hamana", "Country Code": "JP", "Geo Coordinates": { "Latitude": "34.7380043", "Longitude": "137.6419045" } },http://maps.google.com/?cid=12390751477851005427,2018/02/04 06:42:14+00,2018/02/04 06:42:14+00
"POINT (-70.048812 12.535713)",Go Kart Garage,{ "Address": "Kartodromo Racetrack, Aruba", "Business Name": "Go Kart Garage", "Geo Coordinates": { "Latitude": "12.5357132", "Longitude": "-70.0488116" } },http://maps.google.com/?cid=1901703433124699680,2018/02/04 06:39:37+00,2018/02/04 06:39:37+00
"POINT (-52.465446 4.968422)",Circuit De Macouria,{ "Address": "D5, French Guiana", "Business Name": "Circuit De Macouria", "Country Code": "GF", "Geo Coordinates": { "Latitude": "4.9684224", "Longitude": "-52.4654460" } },http://maps.google.com/?cid=10174248537312456327,2018/02/04 06:36:43+00,2018/02/04 06:36:43+00
"POINT (-47.997265 -1.303822)",kartódromo de Castanhal,{ "Address": "Apeú, Castanhal - State of Pará, Brazil", "Business Name": "kartódromo de Castanhal", "Geo Coordinates": { "Latitude": "-1.3038215", "Longitude": "-47.9972652" } },http://maps.google.com/?cid=880927618077779232,2018/02/04 06:35:42+00,2018/02/04 06:35:42+00
"POINT (-35.978761 -8.240759)",Kartodromo Polo Caruaru,{ "Address": "Caruaru - State of Pernambuco, Brazil", "Business Name": "Kartodromo Polo De Caruaru", "Geo Coordinates": { "Latitude": "-8.2407587", "Longitude": "-35.9787613" } },http://maps.google.com/?cid=12841009399518942886,2018/02/04 06:34:15+00,2018/02/04 06:34:15+00
"POINT (-37.041842 -10.982338)",Karting Emerson Fittipaldi,{ "Address": "SE-100, 957 - Atalaia, Aracaju - SE, Brazil", "Business Name": "Karting Emerson Fittipaldi", "Geo Coordinates": { "Latitude": "-10.9823382", "Longitude": "-37.0418421" } },http://maps.google.com/?cid=1687120827095233436,2018/02/04 06:33:39+00,2018/02/04 06:33:39+00
"POINT (-38.304442 -12.908155)",Karting Ayrton Senna,{ "Address": "Ipitanga, Lauro de Freitas - State of Bahia, Brazil", "Business Name": "Karting Ayrton Senna", "Geo Coordinates": { "Latitude": "-12.9081552", "Longitude": "-38.3044423" } },http://maps.google.com/?cid=8397455248929284098,2018/02/04 06:33:21+00,2018/02/04 06:33:21+00
"POINT (-74.038418 4.808774)",Kartodromo Kart Way,{ "Address": "I-autonorte #232-35, Usaquén, Bogotá, Colombia", "Business Name": "Kartodromo Kart Way", "Geo Coordinates": { "Latitude": "4.8087745", "Longitude": "-74.0384179" } },http://maps.google.com/?cid=10697631903658945345,2018/02/04 06:31:10+00,2018/02/04 06:31:10+00
"POINT (-100.888802 25.447853)",Grand Prix Go Karts,{ "Address": "Carretera Antigua a Arteaga Km. 11.5, 25015 Arteaga, Coah., Mexico", "Business Name": "Grand Prix Go Karts", "Geo Coordinates": { "Latitude": "25.4478530", "Longitude": "-100.8888015" } },http://maps.google.com/?cid=18317446088524795658,2018/02/04 06:25:44+00,2018/02/04 06:25:44+00
"POINT (-4.187529 47.921022)",Bretagne Karting,{ "Address": "Ménez Frug, 29120 Combrit, France", "Business Name": "Bretagne Karting", "Geo Coordinates": { "Latitude": "47.9210220", "Longitude": "-4.1875290" } },http://maps.google.com/?cid=226296923645747294,2018/02/04 06:24:47+00,2018/02/04 06:24:47+00
"POINT (-1.730679 48.054761)",Kart'expo,{ "Address": "11 La Haie Gautrais, 35170 Bruz, France", "Business Name": "Kart Expo", "Geo Coordinates": { "Latitude": "48.0547613", "Longitude": "-1.7306792" } },http://maps.google.com/?cid=472516650301437669,2018/02/04 06:24:16+00,2018/02/04 06:24:16+00
"POINT (2.200022 49.39716)",RLS Karting,{ "Address": "D12, 60510 Rochy-Condé, France", "Business Name": "Karting de Beauvais - RLS Karting - Oise (60)", "Geo Coordinates": { "Latitude": "49.3971595", "Longitude": "2.2000219" } },http://maps.google.com/?cid=972581262057304402,2018/02/04 06:23:05+00,2018/02/04 06:23:05+00
"POINT (1.661249 48.995312)",Circuit de karting de la Butte Verte,{ "Address": "78710 Mantes-la-Jolie, France", "Business Name": "Circuit de karting de la Butte Verte", "Geo Coordinates": { "Latitude": "48.9953120", "Longitude": "1.6612493" } },http://maps.google.com/?cid=3170243048844129046,2018/02/04 06:22:15+00,2018/02/04 06:22:15+00
"POINT (-4.928839 54.892105)",Cults Kart Club,{ "Address": "London Rd, Castle Kennedy DG9 8BU, United Kingdom", "Business Name": "Cults Kart Club", "Geo Coordinates": { "Latitude": "54.8921050", "Longitude": "-4.9288390" } },http://maps.google.com/?cid=13539678983472788266,2018/02/04 06:19:47+00,2018/02/04 06:19:47+00
"POINT (-4.526169 54.358819)",Isle of Man Kart Racing Association,{ "Address": "Jurby industrial estate, Jurby IM8 1AA, Isle of Man", "Business Name": "Isle of Man Kart Racing Association", "Geo Coordinates": { "Latitude": "54.3588190", "Longitude": "-4.5261687" } },http://maps.google.com/?cid=6515562221599965566,2018/02/04 06:19:32+00,2018/02/04 06:19:32+00
"POINT (-3.495764 51.433315)",The South Wales Karting Centre Ltd,{ "Address": "Llandow Trading Estate, Llandow, Cowbridge CF71 7PB, United Kingdom", "Business Name": "The South Wales Karting Centre Ltd", "Geo Coordinates": { "Latitude": "51.4333147", "Longitude": "-3.4957645" } },http://maps.google.com/?cid=12052651890530006144,2018/02/04 06:18:47+00,2018/02/04 06:18:47+00
"POINT (-0.784994 52.040648)",Daytona Milton Keynes,{ "Address": "Rooksley Roundabout, Dansteed Way, Bradwell Common, Milton Keynes MK13 8NP, United Kingdom", "Business Name": "Daytona Outdoor Go-Karting | Milton Keynes", "Geo Coordinates": { "Latitude": "52.0406475", "Longitude": "-0.7849944" } },http://maps.google.com/?cid=3609943335159700160,2018/02/04 06:18:17+00,2018/02/04 06:18:17+00
"POINT (0.011524 51.767512)",Rye House Kart Raceway,{ "Address": "Rye Rd, Hoddesdon EN11 0EH, United Kingdom", "Business Name": "Rye House Kart Raceway", "Country Code": "GB", "Geo Coordinates": { "Latitude": "51.7675123", "Longitude": "0.0115243" } },http://maps.google.com/?cid=7557692086194676181,2018/02/04 06:17:46+00,2018/02/04 06:17:46+00
"POINT (0.501862 51.343279)",Buckmore Park Kart Circuit,{ "Address": "Maidstone Rd, Chatham ME5 9QG, United Kingdom", "Business Name": "Buckmore Park Kart Circuit", "Geo Coordinates": { "Latitude": "51.3432790", "Longitude": "0.5018620" } },http://maps.google.com/?cid=2863300643724269483,2018/02/04 06:17:27+00,2018/02/04 06:17:27+00
"POINT (5.976553 49.547132)",Karting Mondercange,{ "Address": "152 Rue de Limpach, 3932 Mondercange, Luxembourg", "Business Name": "Karting Mondercange", "Geo Coordinates": { "Latitude": "49.5471315", "Longitude": "5.9765531" } },http://maps.google.com/?cid=9351097008715338377,2018/02/04 06:16:54+00,2018/02/04 06:16:54+00
"POINT (8.675443 49.325509)",Kartbahn MSC Nussloch e.V. im ADAC,{ "Address": "Rudolf-Harbig-Straße 1, 69226 Nußloch, Germany", "Business Name": "Kartbahn MSC Nussloch e.V. im ADAC", "Geo Coordinates": { "Latitude": "49.3255088", "Longitude": "8.6754426" } },http://maps.google.com/?cid=4736831684753871327,2018/02/04 06:16:06+00,2018/02/04 06:16:06+00
"POINT (8.430163 49.14301)",Kartbahn Liedolsheim,{ "Address": "Kartbahnring 1, 76706 Dettenheim, Germany", "Business Name": "Kartbahn Liedolsheim", "Geo Coordinates": { "Latitude": "49.1430105", "Longitude": "8.4301634" } },http://maps.google.com/?cid=9019098160302800090,2018/02/04 06:15:44+00,2018/02/04 06:15:44+00
"POINT (7.962969 48.568213)",RMSV Urloffen e.V.,{ "Address": "Mattenstraße 26, 77767 Appenweier, Germany", "Business Name": "RMSV Urloffen e.V.", "Geo Coordinates": { "Latitude": "48.5682126", "Longitude": "7.9629689" } },http://maps.google.com/?cid=13627666263227353794,2018/02/04 06:15:28+00,2018/02/04 06:15:28+00
"POINT (7.287289 47.065977)",Kartbahn Kappelen AG,{ "Address": "Lyssstrasse 31, 3273 Kappelen, Switzerland", "Business Name": "Kartbahn Kappelen AG", "Geo Coordinates": { "Latitude": "47.0659770", "Longitude": "7.2872890" } },http://maps.google.com/?cid=10086134350438599715,2018/02/04 06:14:25+00,2018/02/04 06:14:25+00
"POINT (8.296496 47.325897)",Kart - Bahn - Wohlen AG,{ "Address": "Gründlistrasse 17 oder, Heuelstrasse, 5622 Waltenschwil, Switzerland", "Business Name": "Kart - Bahn - Wohlen AG", "Geo Coordinates": { "Latitude": "47.3258967", "Longitude": "8.2964963" } },http://maps.google.com/?cid=17385643441725822797,2018/02/04 06:13:23+00,2018/02/04 06:13:23+00
"POINT (8.895381 46.161157)",Kart Longhi,{ "Address": "Via al Pizzante, 6600 Locarno, Switzerland", "Business Name": "Kart Longhi", "Geo Coordinates": { "Latitude": "46.1611573", "Longitude": "8.8953808" } },http://maps.google.com/?cid=4244844575018546366,2018/02/04 06:12:24+00,2018/02/04 06:12:24+00
"POINT (-8.82899 38.578875)",KIP - International Karting Palmela,{ "Address": "M542, 2950-051 Palmela, Portugal", "Business Name": "KIP - International Karting Palmela", "Geo Coordinates": { "Latitude": "38.5788747", "Longitude": "-8.8289905" } },http://maps.google.com/?cid=3786857848387745767,2018/02/04 06:05:22+00,2018/02/04 06:05:22+00
"POINT (-0.812251 41.828548)",Zuera International Circuit,{ "Address": "Carretera N-330, Km 521, 50800 Zuera, Zaragoza, Spain", "Business Name": "Zuera International Circuit", "Geo Coordinates": { "Latitude": "41.8285484", "Longitude": "-0.8122507" } },http://maps.google.com/?cid=15980318084520022280,2018/02/04 06:04:03+00,2018/02/04 06:04:03+00
"POINT (-2.215395 43.030681)",Karting Gipuzkoa Olaberria zirkuitoa,{ "Address": "Gainera Auzoa, s\/n, 20212 Olaberria, Gipuzkoa, Spain", "Business Name": "Karting Gipuzkoa Olaberria zirkuitoa", "Geo Coordinates": { "Latitude": "43.0306810", "Longitude": "-2.2153953" } },http://maps.google.com/?cid=10963819203988522309,2018/02/04 06:02:17+00,2018/02/04 06:02:17+00
"POINT (-2.487433 42.485645)",Kartingrioja,{ "Address": "Carr. del Cortijo, 110, Bajo 16, 26005 Logroño, La Rioja, Spain", "Business Name": "Kartingrioja", "Geo Coordinates": { "Latitude": "42.4856450", "Longitude": "-2.4874331" } },http://maps.google.com/?cid=12994863749319061520,2018/02/04 06:00:49+00,2018/02/04 06:00:49+00
"POINT (-3.096611 43.203804)",OcioKart,{ "Address": "Ondazarros Kalea, 3, 48840 Gueñes, Bizkaia, Spain", "Business Name": "OcioKart", "Geo Coordinates": { "Latitude": "43.2038043", "Longitude": "-3.0966111" } },http://maps.google.com/?cid=9055441915063749986,2018/02/04 06:00:16+00,2018/02/04 06:00:16+00
"POINT (-5.234121 43.365135)",Karting Soto de Dueñas,{ "Address": "Ctra N-634, km 350,2, 33585 Soto de Dueñas, Asturias, Spain", "Business Name": "Karting Soto de Dueñas", "Geo Coordinates": { "Latitude": "43.3651351", "Longitude": "-5.2341208" } },http://maps.google.com/?cid=16230711393241846211,2018/02/04 05:57:55+00,2018/02/04 05:57:55+00
"POINT (-5.757055 43.427743)",Asturias circuit,{ "Address": "Circuito de Asturias Carretera de la venta del jamón a Noreña, s\/n, 33192 Ordoño, Asturias, Spain", "Business Name": "Kart Gijon", "Geo Coordinates": { "Latitude": "43.4277430", "Longitude": "-5.7570550" } },http://maps.google.com/?cid=15350139595127463741,2018/02/04 05:57:32+00,2018/02/04 05:57:32+00
"POINT (-5.833179 43.429382)",Circuito Fernando Alonso,{ "Address": "33690 Posada de Llanera, Asturias, Spain", "Business Name": "Circuito Fernando Alonso", "Geo Coordinates": { "Latitude": "43.4293816", "Longitude": "-5.8331790" } },http://maps.google.com/?cid=988235865421943743,2018/02/04 05:57:18+00,2018/02/04 05:57:18+00
"POINT (-6.904075 43.547317)",Kartódromo de Tapia,{ "Address": "Carretera TC-2 Salave, 33746 Tapia de Casariego, Asturias, Spain", "Business Name": "Kartódromo de Tapia", "Geo Coordinates": { "Latitude": "43.5473169", "Longitude": "-6.9040746" } },http://maps.google.com/?cid=10866323922455561322,2018/02/04 05:57:08+00,2018/02/04 05:57:08+00
"POINT (-9.044134 43.1253)",Karting Montecalo,{ "Address": "AC-432, 2, 15129 Vimianzo, A Coruña, Spain", "Business Name": "Karting Montecalo", "Geo Coordinates": { "Latitude": "43.1253005", "Longitude": "-9.0441336" } },http://maps.google.com/?cid=16436852071056670875,2018/02/04 05:56:05+00,2018/02/04 05:56:05+00
"POINT (-8.636886 37.232845)",Kartódromo Internacional do Algarve,{ "Address": "8500-148, Portugal", "Business Name": "Kartódromo Internacional do Algarve", "Geo Coordinates": { "Latitude": "37.2328453", "Longitude": "-8.6368856" } },http://maps.google.com/?cid=12012477815140985374,2018/02/04 05:55:20+00,2018/02/04 05:55:20+00
"POINT (-8.047263 37.092031)",Karting Almancil,{ "Address": "Kartódromo de Almancil, Caminho das Pereiras, 8135-022 Almancil, Portugal", "Business Name": "Karting Almancil", "Country Code": "PT", "Geo Coordinates": { "Latitude": "37.0920307", "Longitude": "-8.0472628" } },http://maps.google.com/?cid=5110145578264881750,2018/02/04 05:54:56+00,2018/02/04 05:54:56+00
"POINT (-6.715758 38.853161)",Speed ​​Circuit Dontyre,{ "Address": "Autovía A5, Km 376, 06140 Talavera la Real, Badajoz, Spain", "Business Name": "Speed ​​Circuit Dontyre", "Geo Coordinates": { "Latitude": "38.8531607", "Longitude": "-6.7157578" } },http://maps.google.com/?cid=5000724782075493668,2018/02/04 05:54:16+00,2018/02/04 05:54:16+00
"POINT (-7.110167 38.703239)",Karting Olivenza-Batalius Paintball,{ "Address": "Ctra. Puente Ayuda, 1, 06100 Olivenza, Badajoz, Spain", "Business Name": "Karting Olivenza", "Geo Coordinates": { "Latitude": "38.7032394", "Longitude": "-7.1101670" } },http://maps.google.com/?cid=14108686792083529767,2018/02/04 05:53:53+00,2018/02/04 05:53:53+00
"POINT (-3.716101 37.203446)",KARTING SIERRA NEVADA,{ "Address": "18320 Santa Fe, Granada, Spain", "Business Name": "KARTING SIERRA NEVADA", "Geo Coordinates": { "Latitude": "37.2034460", "Longitude": "-3.7161010" } },http://maps.google.com/?cid=7237296390403562754,2018/02/04 05:51:59+00,2018/02/04 05:51:59+00
"POINT (-5.321507 37.226728)",Karting Club Puebla,{ "Address": "Carretera Sevilla Málaga, km 62, 41540 La Puebla de Cazalla, Sevilla, Spain", "Business Name": "Karting Club Puebla", "Geo Coordinates": { "Latitude": "37.2267280", "Longitude": "-5.3215070" } },http://maps.google.com/?cid=1662094318953710613,2018/02/04 05:50:38+00,2018/02/04 05:50:38+00
"POINT (-3.599987 40.756165)",Karting Angel Burgueño,{ "Address": "Vía de Servicio A-1, salida 47, 28723 Pedrezuela, Madrid, Spain", "Business Name": "Karting Madrid Angel Burgueño", "Geo Coordinates": { "Latitude": "40.7561648", "Longitude": "-3.5999868" } },http://maps.google.com/?cid=17302198686335344416,2018/02/04 05:48:44+00,2018/02/04 05:48:44+00
"POINT (-3.444291 40.427734)",Henakart,{ "Address": "km 3,600 Carretera de Torrejon a Loeches, 28830, Madrid, Spain", "Business Name": "Henakart, karts madrid", "Geo Coordinates": { "Latitude": "40.4277338", "Longitude": "-3.4442910" } },http://maps.google.com/?cid=7463175935001866691,2018/02/04 05:47:15+00,2018/02/04 05:47:15+00
"POINT (-3.773593 40.300064)",Outdoor Karting Formula Zero,{ "Address": "Calle Verano, 4A, 28914 Leganés, Madrid, Spain", "Business Name": "Outdoor Karting Formula Zero", "Geo Coordinates": { "Latitude": "40.3000642", "Longitude": "-3.7735931" } },http://maps.google.com/?cid=2385199803690080571,2018/02/04 05:45:54+00,2018/02/04 05:45:54+00
"POINT (1.318758 38.977697)",IBIZA KARTING San Antonio,{ "Address": "Ctra. Eivissa-Sant Antoni, km 14, 07820 Sant Antoni de Portmany, Balearic Islands, Spain", "Business Name": "IBIZA KARTING San Antonio", "Geo Coordinates": { "Latitude": "38.9776969", "Longitude": "1.3187584" } },http://maps.google.com/?cid=2235884397264966578,2018/02/04 05:43:17+00,2018/02/04 05:43:17+00
"POINT (3.377335 39.59677)",Karting Cala Millor,{ "Address": "Avinguda Llevant, 07560 Cala Millor, Illes Balears, Spain", "Business Name": "Karting Cala Millor", "Geo Coordinates": { "Latitude": "39.5967701", "Longitude": "3.3773353" } },http://maps.google.com/?cid=16707996235058369652,2018/02/04 05:38:07+00,2018/02/04 05:38:07+00
"POINT (10.234568 56.958738)",Gokart Jylland Mou,{ "Address": "Hedevej 6, 9280 Storvorde, Denmark", "Business Name": "Gokart Jylland Mou", "Geo Coordinates": { "Latitude": "56.9587380", "Longitude": "10.2345679" } },http://maps.google.com/?cid=3880703314321992567,2018/02/04 05:36:55+00,2018/02/04 05:36:55+00
"POINT (10.308321 56.449197)",Auning Kart Park - Djursland,{ "Address": "Drammelstrupvej 1, 8961 Allingåbro, Denmark", "Business Name": "Auning Kart Park - Gokart i Jylland", "Geo Coordinates": { "Latitude": "56.4491970", "Longitude": "10.3083210" } },http://maps.google.com/?cid=15968864008920099528,2018/02/04 05:36:38+00,2018/02/04 05:36:38+00
"POINT (11.693103 55.687736)",Holbæk GoKart Land,{ "Address": "Omfartsvejen 27, 4300 Holbæk, Denmark", "Business Name": "Holbæk GoKart Land", "Geo Coordinates": { "Latitude": "55.6877360", "Longitude": "11.6931030" } },http://maps.google.com/?cid=1460294873287621015,2018/02/04 05:35:05+00,2018/02/04 05:35:05+00
"POINT (12.13988 55.598293)",Roskilde Racing Center,{ "Address": "Abildgårdsvej 1, 4000 Roskilde, Denmark", "Business Name": "Roskilde Racing Center", "Geo Coordinates": { "Latitude": "55.5982926", "Longitude": "12.1398796" } },http://maps.google.com/?cid=9060389593981421069,2018/02/04 05:34:18+00,2018/02/04 05:34:18+00
"POINT (9.19295 55.694003)",Vandel gokart,{ "Address": "Tårnvej 8, 7184 Vandel, Denmark", "Business Name": "Vandel gokart", "Geo Coordinates": { "Latitude": "55.6940030", "Longitude": "9.1929499" } },http://maps.google.com/?cid=7205309873950702002,2018/02/04 05:33:50+00,2018/02/04 05:33:50+00
"POINT (9.279671 55.240289)",Kart Racing Vojens ApS,{ "Address": "Tingvejen 27, 6500 Vojens, Denmark", "Business Name": "Kart Racing Vojens ApS", "Geo Coordinates": { "Latitude": "55.2402890", "Longitude": "9.2796710" } },http://maps.google.com/?cid=16998469172502513968,2018/02/04 05:33:04+00,2018/02/04 05:33:04+00
"POINT (8.749347 55.168634)",Gokartcenter Skærbæk,{ "Address": "Astrupvej 40, 6780 Skærbæk, Denmark", "Business Name": "Gokart Center Skærbæk", "Geo Coordinates": { "Latitude": "55.1686343", "Longitude": "8.7493470" } },http://maps.google.com/?cid=11799837552934101401,2018/02/04 05:32:50+00,2018/02/04 05:32:50+00
"POINT (11.011724 45.786331)",Karting Association Trentina,{ "Address": "c\/o Kartodromo località Chiesurone, 38061 Ala TN, Italy", "Business Name": "Ala Karting Circuit", "Geo Coordinates": { "Latitude": "45.7863311", "Longitude": "11.0117244" } },http://maps.google.com/?cid=5241175114326604549,2018/02/04 05:27:52+00,2018/02/04 05:27:52+00
"POINT (12.27491 45.178288)",CHIOGGIA KART SNC,{ "Address": "Via Canal di Valle, 1, 30015 Chioggia VE, Italy", "Business Name": "CHIOGGIA KART SNC", "Geo Coordinates": { "Latitude": "45.1782875", "Longitude": "12.2749099" } },http://maps.google.com/?cid=13289983714992372469,2018/02/04 05:24:48+00,2018/02/04 05:24:48+00
"POINT (11.473676 43.308561)",Siena Circuit,{ "Address": "Strada Vicinale Valdibiena, 3, 53019 Castelnuovo Berardenga SI, Italy", "Business Name": "Siena Circuit", "Geo Coordinates": { "Latitude": "43.3085613", "Longitude": "11.4736764" } },http://maps.google.com/?cid=3659725940278275243,2018/02/04 05:23:36+00,2018/02/04 05:23:36+00
"POINT (12.326739 41.816612)",Kart Roma,{ "Address": "Via della Muratella, 49, 00148 Ponte Galeria RM, Italy", "Business Name": "Kart Roma", "Geo Coordinates": { "Latitude": "41.8166122", "Longitude": "12.3267393" } },http://maps.google.com/?cid=10544996769477574614,2018/02/04 05:23:24+00,2018/02/04 05:23:24+00
"POINT (14.566364 40.838162)",Naples International Circuit,{ "Address": "Via Sarno Palma, 84087 Sarno SA, Italy", "Business Name": "Circuito Internazionale Napoli", "Geo Coordinates": { "Latitude": "40.8381620", "Longitude": "14.5663637" } },http://maps.google.com/?cid=10373058890125624555,2018/02/04 05:23:12+00,2018/02/04 05:23:12+00
"POINT (8.298696 40.658597)",Pista Del Corallo | Karting Alghero,{ "Address": "Strada Provinciale 44, 07041 Alghero SS, Italy", "Business Name": "Pista Del Corallo | Karting Alghero", "Geo Coordinates": { "Latitude": "40.6585966", "Longitude": "8.2986960" } },http://maps.google.com/?cid=7455884959682599914,2018/02/04 05:22:54+00,2018/02/04 05:22:54+00
"POINT (13.22935 48.378796)",Kartsportzentrum Rottal,{ "Address": "Buch 2, 94094 Rotthalmünster, Germany", "Business Name": "Kartsportzentrum Rottal", "Geo Coordinates": { "Latitude": "48.3787956", "Longitude": "13.2293498" } },http://maps.google.com/?cid=17924062631234721077,2018/02/04 05:21:45+00,2018/02/04 05:21:45+00
"POINT (-7.589903 54.81353)",Castlefin Xtreme Karting,{ "Address": "Sessiagh, Sessiagh (Long), Castlefin, Co. Donegal, Ireland", "Business Name": "Castlefin Xtreme Karting", "Geo Coordinates": { "Latitude": "54.8135298", "Longitude": "-7.5899032" } },http://maps.google.com/?cid=1032029325130115490,2018/02/04 05:18:23+00,2018/02/04 05:18:23+00
"POINT (-6.683951 54.68232)",Railway Karting,{ "Address": "48 Cookstown Rd, Magherafelt BT45 7QF, United Kingdom", "Business Name": "Railway Karting", "Geo Coordinates": { "Latitude": "54.6823196", "Longitude": "-6.6839509" } },http://maps.google.com/?cid=227651113077687426,2018/02/04 05:17:48+00,2018/02/04 05:17:48+00
"POINT (-6.145575 54.621868)",Nutts Corner Circuit,{ "Address": "11 Dundrod Rd, Dundrod, Crumlin BT29 4SR, United Kingdom", "Business Name": "Nutts Corner Circuit", "Geo Coordinates": { "Latitude": "54.6218681", "Longitude": "-6.1455750" } },http://maps.google.com/?cid=17368191162730537449,2018/02/04 05:17:03+00,2018/02/04 05:17:03+00
"POINT (-6.025701 54.470208)",Lyons Karting,{ "Address": "112 Comber Rd, Hillsborough BT26 6NA, United Kingdom", "Business Name": "Lyons Karting", "Geo Coordinates": { "Latitude": "54.4702083", "Longitude": "-6.0257006" } },http://maps.google.com/?cid=8773318541409138547,2018/02/04 05:16:47+00,2018/02/04 05:16:47+00
"POINT (-6.462408 53.80752)",Irish Karting Club,{ "Address": "Whiteriver Park, Collon, Co. Louth, Ireland", "Business Name": "Irish Karting Club", "Geo Coordinates": { "Latitude": "53.8075200", "Longitude": "-6.4624080" } },http://maps.google.com/?cid=4554210746330365174,2018/02/04 05:11:50+00,2018/02/04 05:11:50+00
"POINT (-6.481289 53.798244)",WhiteRiver Karting,{ "Address": "Exit 12, M1, Road, Dunleer, Co. Louth, A92 FW29, Ireland", "Business Name": "WhiteRiver Karting", "Geo Coordinates": { "Latitude": "53.7982436", "Longitude": "-6.4812888" } },http://maps.google.com/?cid=1115492368489298135,2018/02/04 05:09:53+00,2018/02/04 05:09:53+00
"POINT (-6.985708 53.610688)",Athboy Karting Centre Ltd,{ "Address": "Delvin Road, Lisclogher Little, Athboy, Co. Meath, C15 TK26, Ireland", "Business Name": "Athboy Karting Centre Ltd", "Geo Coordinates": { "Latitude": "53.6106881", "Longitude": "-6.9857078" } },http://maps.google.com/?cid=9342387021834299255,2018/02/04 05:09:35+00,2018/02/04 05:09:35+00
"POINT (-6.242926 53.410799)",Kart City Ltd,{ "Address": "Old Airport Rd, Turnapin Little, Dublin, K67 H0X9, Ireland", "Business Name": "Kart City", "Geo Coordinates": { "Latitude": "53.4107993", "Longitude": "-6.2429261" } },http://maps.google.com/?cid=13304056393118073456,2018/02/04 05:09:15+00,2018/02/04 05:09:15+00
"POINT (-8.355184 53.13268)",Pallas Karting & Pallas Paintball,{ "Address": "Pallas, Tynagh, Co. Galway, H62 X265, Ireland", "Business Name": "Pallas Karting", "Geo Coordinates": { "Latitude": "53.1326795", "Longitude": "-8.3551839" } },http://maps.google.com/?cid=14797691608083276903,2018/02/04 05:08:35+00,2018/02/04 05:08:35+00
"POINT (-7.181129 52.462342)",Kiltorcan Raceway,{ "Address": "Kiltorcan, Ballyhale, Co. Kilkenny, R95 E060, Ireland", "Business Name": "Kiltorcan Raceway", "Geo Coordinates": { "Latitude": "52.4623415", "Longitude": "-7.1811293" } },http://maps.google.com/?cid=18164826928012996392,2018/02/04 05:08:16+00,2018/02/04 05:08:16+00
"POINT (-8.326386 52.001663)",Adventure Park at Kartworld,{ "Address": "Watergrasshill, Cork, Ireland", "Business Name": "Adventure Park at Kartworld", "Geo Coordinates": { "Latitude": "52.0016630", "Longitude": "-8.3263860" } },http://maps.google.com/?cid=4927234130088029436,2018/02/04 05:07:59+00,2018/02/04 05:07:59+00
"POINT (-1.422829 54.84803)",Karting North East,{ "Address": "Motorsport Centre, Sunderland SR3 2PR, United Kingdom", "Business Name": "Karting North East", "Geo Coordinates": { "Latitude": "54.8480300", "Longitude": "-1.4228292" } },http://maps.google.com/?cid=17067519817666712228,2018/02/04 05:07:24+00,2018/02/04 05:07:24+00
"POINT (-0.66063 53.038265)",Kart PFI,{ "Address": "Stragglethorpe Ln, Brandon, Grantham NG32 2AY, United Kingdom", "Business Name": "PF International Kart Circuit", "Geo Coordinates": { "Latitude": "53.0382652", "Longitude": "-0.6606295" } },http://maps.google.com/?cid=7603376125782553418,2018/02/04 05:06:37+00,2018/02/04 05:06:37+00
"POINT (-1.640175 52.621696)",Daytona Tamworth,{ "Address": "Robey's Ln, Tamworth B78 1AR, United Kingdom", "Business Name": "Daytona Outdoor Go-Karting | Tamworth (Midlands)", "Geo Coordinates": { "Latitude": "52.6216960", "Longitude": "-1.6401750" } },http://maps.google.com/?cid=2217085952597753610,2018/02/04 05:05:00+00,2018/02/04 05:05:00+00
"POINT (-1.24233 52.544315)",Sutton Circuit Outdoor Go-Karting Center,{ "Address": "Sutton Ln, Sutton in the Elms, Leicester LE9 6QF, United Kingdom", "Business Name": "Sutton Circuit Outdoor Go-Karting Leicester", "Geo Coordinates": { "Latitude": "52.5443153", "Longitude": "-1.2423303" } },http://maps.google.com/?cid=2255155740505997248,2018/02/04 05:04:42+00,2018/02/04 05:04:42+00
"POINT (-1.86442 52.481794)",Grand Prix Karting Birmingham,{ "Address": "Wheels, 1 Adderley Rd S, Birmingham B8 1AD, United Kingdom", "Business Name": "Grand Prix Karting Birmingham", "Geo Coordinates": { "Latitude": "52.4817938", "Longitude": "-1.8644205" } },http://maps.google.com/?cid=12574363604506271351,2018/02/04 04:53:15+00,2018/02/04 04:53:15+00
"POINT (0.468603 52.291761)",WildTracks Outdoor Activity Park,{ "Address": "Chippenham Rd, Kennett, Newmarket CB8 7QJ, United Kingdom", "Business Name": "WildTracks Outdoor Activity Park", "Geo Coordinates": { "Latitude": "52.2917612", "Longitude": "0.4686029" } },http://maps.google.com/?cid=6328576548505092845,2018/02/04 04:51:13+00,2018/02/04 04:51:13+00
"POINT (-0.36227 51.375682)",Daytona Sandown Park,{ "Address": "More Ln, Esher KT10 8AN, United Kingdom", "Business Name": "Daytona Outdoor Go-Karting | Sandown Park (Surrey)", "Geo Coordinates": { "Latitude": "51.3756822", "Longitude": "-0.3622699" } },http://maps.google.com/?cid=2082643679801568251,2018/02/04 04:42:23+00,2018/02/04 04:42:23+00
"POINT (-0.267365 51.375227)",Riverhill Sports Ground, Worcester Park Rd, Worcester Park KT4 7QB, UK,{ "Geo Coordinates": { "Latitude": "51.3752269", "Longitude": "-0.2673648" } },http://maps.google.com/?q=Riverhill+Sports+Ground,+Worcester+Park+Rd,+Worcester+Park+KT4+7QB,+UK&amp;ftid=0x48760991ba09d797:0x6fe127cbf5048619,2018/02/04 04:39:36+00,2018/02/04 04:39:36+00
"POINT (-1.609634 51.203053)",Thruxton Kart Centre,{ "Address": "Thruxton Circuit, Andover SP11 8PW, United Kingdom", "Business Name": "Thruxton Kart Centre", "Geo Coordinates": { "Latitude": "51.2030530", "Longitude": "-1.6096340" } },http://maps.google.com/?cid=3265751074443947442,2018/02/04 04:36:56+00,2018/02/04 04:36:56+00
"POINT (-0.195258 50.922897)",Qleisure,{ "Address": "London Rd, Albourne, Hassocks BN6 9BQ, United Kingdom", "Business Name": "QLeisure", "Geo Coordinates": { "Latitude": "50.9228973", "Longitude": "-0.1952576" } },http://maps.google.com/?cid=11727538320814694388,2018/02/04 04:33:31+00,2018/02/04 04:33:31+00
"POINT (1.367863 42.30341)",Karting El Pla,{ "Address": "Carretera C14, Km. 174, 25796 El Pla de Sant Tirs, Lleida, Spain", "Business Name": "Karting El Pla", "Geo Coordinates": { "Latitude": "42.3034095", "Longitude": "1.3678634" } },http://maps.google.com/?cid=4545764661157483577,2018/01/27 14:59:43+00,2018/01/27 14:59:43+00
"POINT (3.157124 39.748081)",Karting can picafort,{ "Address": "Carretera Alcudia-Arta s\/n pol. ind. can picafort apto correos nº4, 07458 Can Picafort, Balearic Islands, Spain", "Business Name": "Karting can picafort", "Geo Coordinates": { "Latitude": "39.7480812", "Longitude": "3.1571245" } },http://maps.google.com/?cid=8041704533142451162,2018/01/27 14:58:42+00,2018/01/27 14:58:42+00
"POINT (-3.250238 40.494244)",Karting Club Los Santos,{ "Address": "Calle del, Calle Canal de Isabel II, KM 1, 28817 Los Santos de la Humosa, Madrid, Spain", "Business Name": "Karting Club Los Santos", "Geo Coordinates": { "Latitude": "40.4942436", "Longitude": "-3.2502384" } },http://maps.google.com/?cid=15353286372901959169,2018/01/27 14:58:08+00,2018/01/27 14:58:08+00
"POINT (1.528288 41.198486)",KARTING VENDRELL SL,{ "Address": "Crta Nacional 340 Km 1189 km, 43700 El Vendrell, Tarragona, Spain", "Business Name": "KARTING VENDRELL SL", "Geo Coordinates": { "Latitude": "41.1984858", "Longitude": "1.5282883" } },http://maps.google.com/?cid=18288894096552608720,2018/01/27 14:57:54+00,2018/01/27 14:57:54+00
"POINT (0.116083 40.078236)",Marlon Kart,{ "Address": "N-340, 993, 12594 Oropesa del Mar, Castellón, Spain", "Business Name": "Marlon Kart", "Geo Coordinates": { "Latitude": "40.0782356", "Longitude": "0.1160833" } },http://maps.google.com/?cid=8776208941470757421,2018/01/27 14:57:13+00,2018/01/27 14:57:13+00
"POINT (-0.829799 37.76921)",Go Karts Mar Menor,{ "Address": "Carretera Santiago de la Ribera-Los Narejos, km. 3700, 30720 San Javier, Murcia, Spain", "Business Name": "Go Karts Mar Menor", "Geo Coordinates": { "Latitude": "37.7692099", "Longitude": "-0.8297990" } },http://maps.google.com/?cid=7438242012791784925,2018/01/27 14:52:08+00,2018/01/27 14:52:08+00
"POINT (1.129102 41.091837)",Karting Salou,{ "Address": "Autovia Reus a, 2, km, 43840 Salou, Tarragona, Spain", "Business Name": "Karting Salou", "Geo Coordinates": { "Latitude": "41.0918372", "Longitude": "1.1291024" } },http://maps.google.com/?cid=9736799106905591923,2018/01/27 14:50:41+00,2018/01/27 14:50:41+00
"POINT (-1.74422 38.929478)",Chinchilla Kart Racing,{ "Address": "Av. Albacete, s\/n, 02520 Chinchilla de Monte-Aragón, Albacete, Spain", "Business Name": "Karting FastKart Albacete", "Geo Coordinates": { "Latitude": "38.9294776", "Longitude": "-1.7442202" } },http://maps.google.com/?cid=16237301283385388463,2018/01/27 14:49:47+00,2018/01/27 14:49:47+00
"POINT (2.336806 41.634028)",Karting Cardedeu,{ "Address": "Carretera Granollers a Sant Celoni (C-251, Km 5.300, 08440 Cardedeu, B, Spain", "Business Name": "Karting Cardedeu", "Geo Coordinates": { "Latitude": "41.6340278", "Longitude": "2.3368059" } },http://maps.google.com/?cid=14166293177564235572,2018/01/27 14:46:55+00,2018/01/27 14:46:55+00
"POINT (1.69106 41.588157)",Karting Parcmotor Castellolí,{ "Address": "Carretera Nacional IIa, Km 560, 08719 Castellolí, B, Spain", "Business Name": "Karting Parcmotor Castellolí", "Geo Coordinates": { "Latitude": "41.5881569", "Longitude": "1.6910604" } },http://maps.google.com/?cid=16345095603652692014,2018/01/27 14:46:41+00,2018/01/27 14:46:41+00
"POINT (2.252018 41.582528)",Kartòdrom Catalunya,{ "Address": "Polígono Industrial El Plá, Carrer Lleida, s\/n, 08185, Barcelona, Spain", "Business Name": "Kartòdrom Catalunya", "Geo Coordinates": { "Latitude": "41.5825275", "Longitude": "2.2520176" } },http://maps.google.com/?cid=10932409931851115947,2018/01/27 14:46:04+00,2018/01/27 14:46:04+00
"POINT (-4.915305 37.037802)",Campillos Karting Circuit KartCenter,{ "Address": "A-384, Km. 101, 29320 Campillos, Málaga, Spain", "Business Name": "Campillos Karting Circuit KartCenter", "Geo Coordinates": { "Latitude": "37.0378019", "Longitude": "-4.9153048" } },http://maps.google.com/?cid=13848338394271621317,2018/01/27 14:37:39+00,2018/01/27 14:37:39+00
"POINT (-8.713174 41.223185)",Kartódromo Cabo Do Mundo,{ "Address": "R. de Almeiriga Norte 2242, 4455-417 Perafita, Portugal", "Business Name": "Kartódromo Cabo Do Mundo", "Geo Coordinates": { "Latitude": "41.2231849", "Longitude": "-8.7131743" } },http://maps.google.com/?cid=8875158219241812395,2018/01/27 14:36:43+00,2018/01/27 14:36:43+00
"POINT (2.655392 49.75191)",Karting Haute Picardie,{ "Address": "Lieu dit, La Raperie, 80910 Arvillers, France", "Business Name": "Karting Haute Picardie", "Geo Coordinates": { "Latitude": "49.7519099", "Longitude": "2.6553922" } },http://maps.google.com/?cid=13080085739742192126,2018/01/27 14:34:47+00,2018/01/27 14:34:47+00
"POINT (2.398138 49.346153)",Karting Entertainment Neuilly,{ "Address": "1300 Rue de Cambronne, 60290 Neuilly-sous-Clermont, France", "Business Name": "Karting Entertainment Neuilly", "Geo Coordinates": { "Latitude": "49.3461532", "Longitude": "2.3981375" } },http://maps.google.com/?cid=16848960532282515062,2018/01/27 14:34:37+00,2018/01/27 14:34:37+00
"POINT (1.11483 49.315109)",Circuit de l'Europe,{ "Address": "Rue du Village, 76410 Sotteville-Sous-le-Val, France", "Business Name": "Circuit de l'Europe", "Geo Coordinates": { "Latitude": "49.3151092", "Longitude": "1.1148300" } },http://maps.google.com/?cid=1754703071775647627,2018/01/27 14:34:24+00,2018/01/27 14:34:24+00
"POINT (2.039275 49.102824)",RKC Karting Paris,{ "Address": "D915 Aérodrome de Pontoise Cormeilles, 95650 Boissy-l'Aillerie, France", "Business Name": "Rkc Karting Paris", "Geo Coordinates": { "Latitude": "49.1028243", "Longitude": "2.0392752" } },http://maps.google.com/?cid=7200397953085574717,2018/01/27 14:34:14+00,2018/01/27 14:34:14+00
"POINT (1.371529 48.758869)",Pro'Kart,{ "Address": "Circuit de l’Ouest Parisien ZI Nord, Rue Notre Dame de la Ronde, 28100 Dreux, France", "Business Name": "Pro'Kart - Dreux - Circuits Ouest Parisien", "Geo Coordinates": { "Latitude": "48.7588691", "Longitude": "1.3715291" } },http://maps.google.com/?cid=2351120004368514174,2018/01/27 14:34:00+00,2018/01/27 14:34:00+00
"POINT (1.990755 48.758876)",BRK,{ "Address": "Avenue des Frères Lumière, 78190 Trappes, France", "Business Name": "BRK", "Geo Coordinates": { "Latitude": "48.7588758", "Longitude": "1.9907552" } },http://maps.google.com/?cid=18004811121277780001,2018/01/27 14:33:50+00,2018/01/27 14:33:50+00
"POINT (2.583781 48.60983)",Kartland,{ "Address": "Allée Edouard Branly, 77550 Moissy-Cramayel, France", "Business Name": "Kartland", "Geo Coordinates": { "Latitude": "48.6098304", "Longitude": "2.5837810" } },http://maps.google.com/?cid=15470410359018803320,2018/01/27 14:33:34+00,2018/01/27 14:33:34+00
"POINT (-1.869625 48.636328)",Karting de Saint Malo,{ "Address": "Lieu dit, Les Nielles, 35350 Saint-Méloir-des-Ondes, France", "Business Name": "KARTING DE SAINT-MALO", "Geo Coordinates": { "Latitude": "48.6363277", "Longitude": "-1.8696249" } },http://maps.google.com/?cid=14682479673232161789,2018/01/27 14:33:20+00,2018/01/27 14:33:20+00
"POINT (7.365778 47.57202)",Sundgau Karting,{ "Address": "1 Voie Romaine, 68640 Steinsoultz, France", "Business Name": "Sundgau Karting", "Geo Coordinates": { "Latitude": "47.5720202", "Longitude": "7.3657779" } },http://maps.google.com/?cid=8644482350637283532,2018/01/27 14:32:56+00,2018/01/27 14:32:56+00
"POINT (-0.74375 48.037096)",Laval Kart Loisirs - Circuit Beausoleil,{ "Address": "Circuit Laval Beausoleil Louis Paillard Chemin de, La Croix Bataille, 53000 Laval, France", "Business Name": "Laval Kart Loisirs - Circuit Beausoleil", "Geo Coordinates": { "Latitude": "48.0370959", "Longitude": "-0.7437499" } },http://maps.google.com/?cid=13777228301498204536,2018/01/27 14:32:38+00,2018/01/27 14:32:38+00
"POINT (-1.701603 47.2637)",Sautron City Kart,{ "Address": "Les Naudières, 44880 Sautron, France", "Business Name": "Sautron City Kart", "Geo Coordinates": { "Latitude": "47.2637000", "Longitude": "-1.7016030" } },http://maps.google.com/?cid=12368686309057819299,2018/01/27 14:32:22+00,2018/01/27 14:32:22+00
"POINT (0.583206 45.582184)",Karting Circuit Perigord,{ "Address": "Terres de, 24300 Teyjat, France", "Business Name": "Circuit Karting du Périgord", "Geo Coordinates": { "Latitude": "45.5821838", "Longitude": "0.5832061" } },http://maps.google.com/?cid=6530160285317620824,2018/01/27 14:31:28+00,2018/01/27 14:31:28+00
"POINT (-0.722265 44.84385)",KART System,{ "Address": "Avenue Marcel Dassault, 33700 Mérignac, France", "Business Name": "KART System", "Geo Coordinates": { "Latitude": "44.8438500", "Longitude": "-0.7222650" } },http://maps.google.com/?cid=8129918745840583045,2018/01/27 14:31:12+00,2018/01/27 14:31:12+00
"POINT (6.554798 43.271203)",Grimaud Karting Loisir,{ "Address": "37 carraire d'aïgo, Carrère d'Aigo-Puto, 83310 Grimaud, France", "Business Name": "Grimaud Karting Loisir", "Geo Coordinates": { "Latitude": "43.2712032", "Longitude": "6.5547979" } },http://maps.google.com/?cid=17794224934148265105,2018/01/27 14:30:11+00,2018/01/27 14:30:11+00
"POINT (5.23786 43.362192)",Karting Le Rove,{ "Address": "1 Chemin de la Bergerie, 13740 Le Rove, France", "Business Name": "Karting Le Rove", "Geo Coordinates": { "Latitude": "43.3621920", "Longitude": "5.2378600" } },http://maps.google.com/?cid=6327035682014705038,2018/01/27 14:29:50+00,2018/01/27 14:29:50+00
"POINT (8.655427 52.196754)",KART 2000,{ "Address": "Wallücker Bahndamm 13, 32278 Kirchlengern, Germany", "Business Name": "KART 2000", "Geo Coordinates": { "Latitude": "52.1967540", "Longitude": "8.6554271" } },http://maps.google.com/?cid=16683994298818410870,2018/01/27 14:28:21+00,2018/01/27 14:28:21+00
"POINT (6.673601 50.891269)",Michael Schumacher Kart and Event Center,{ "Address": "Michael-Schumacher-Straße 5, 50170 Kerpen, Germany", "Business Name": "Michael Schumacher Kart and Event Center", "Geo Coordinates": { "Latitude": "50.8912690", "Longitude": "6.6736010" } },http://maps.google.com/?cid=11607046306817197644,2018/01/27 14:28:03+00,2018/01/27 14:28:03+00
"POINT (6.614587 50.888825)",Kartclub Kerpen-Manheim,{ "Address": "Steinheide Kartbahn, 50170 Kerpen, Germany", "Business Name": "Kartclub Kerpen-Manheim", "Geo Coordinates": { "Latitude": "50.8888246", "Longitude": "6.6145872" } },http://maps.google.com/?cid=12172423913532334068,2018/01/27 14:27:11+00,2018/01/27 14:27:11+00
"POINT (7.003477 49.381429)",Kartbahn Saarlandring,{ "Address": "Saarbrücker Str., 66557 Illingen, Germany", "Business Name": "Kartbahn Saarlandring", "Geo Coordinates": { "Latitude": "49.3814290", "Longitude": "7.0034774" } },http://maps.google.com/?cid=15792842386001422737,2018/01/27 14:26:51+00,2018/01/27 14:26:51+00
"POINT (8.602027 49.297073)",Die Kartbahn,{ "Address": "Alte, Speyerer Str. 1, 69190 Walldorf, Germany", "Business Name": "Die Kartbahn", "Geo Coordinates": { "Latitude": "49.2970729", "Longitude": "8.6020266" } },http://maps.google.com/?cid=16644959431469000727,2018/01/27 14:26:38+00,2018/01/27 14:26:38+00
"POINT (7.786989 48.120003)",Karting Teningen (Outdoor),{ "Address": "E35, 79331 Teningen, Germany", "Business Name": "Karting Teningen (Outdoor)", "Geo Coordinates": { "Latitude": "48.1200026", "Longitude": "7.7869893" } },http://maps.google.com/?cid=9117741797034276729,2018/01/27 14:26:22+00,2018/01/27 14:26:22+00
"POINT (5.495708 52.449838)",Kart Center Lelystad,{ "Address": "Talingweg 89, 8218 NX Lelystad, Netherlands", "Business Name": "Kart Center Lelystad", "Geo Coordinates": { "Latitude": "52.4498385", "Longitude": "5.4957079" } },http://maps.google.com/?cid=7737507767504744810,2018/01/27 14:24:34+00,2018/01/27 14:24:34+00
"POINT (4.527462 51.7672)",Skelter Club Hoekse Waard,{ "Address": "Voorweg 1, 3291 KG Strijen, Netherlands", "Business Name": "Skelter Club Hoekse Waard", "Geo Coordinates": { "Latitude": "51.7672000", "Longitude": "4.5274620" } },http://maps.google.com/?cid=9409130171352814684,2018/01/27 14:23:14+00,2018/01/27 14:23:14+00
"POINT (5.876436 51.521917)",Raceway Venray,{ "Address": "Peelweg 47, 5813 AD Ysselsteyn, Netherlands", "Business Name": "Raceway Venray", "Country Code": "NL", "Geo Coordinates": { "Latitude": "51.5219167", "Longitude": "5.8764361" } },http://maps.google.com/?cid=15967199140468332559,2018/01/27 14:22:59+00,2018/01/27 14:22:59+00
"POINT (6.011866 50.77872)",Outdoor Karting,{ "Address": "Selzerbeeklaan 23, 6291 HV Vaals, Netherlands", "Business Name": "Outdoor Karting Vaals", "Geo Coordinates": { "Latitude": "50.7787196", "Longitude": "6.0118661" } },http://maps.google.com/?cid=470541702592522599,2018/01/27 14:22:19+00,2018/01/27 14:22:19+00
"POINT (5.562295 50.988525)",Karting Genk,{ "Address": "Damstraat 1, 3600 Genk, Belgium", "Business Name": "Genker Kart Shop", "Geo Coordinates": { "Latitude": "50.9885253", "Longitude": "5.5622949" } },http://maps.google.com/?cid=9151697304096377437,2018/01/27 14:20:50+00,2018/01/27 14:20:50+00
"POINT (5.952141 50.426533)",RACB Karting Spa-Francorchamps,{ "Address": "Route de l' Eau Rouge 51, 4970 Stavelot, Belgium", "Business Name": "RACB Karting Spa-Francorchamps", "Geo Coordinates": { "Latitude": "50.4265334", "Longitude": "5.9521407" } },http://maps.google.com/?cid=1862360199243665492,2018/01/27 14:15:43+00,2018/01/27 14:15:43+00
"POINT (5.300029 50.237467)",Karting Famenne,{ "Address": "Rue Baschamps 25, 6900 Marche-en-Famenne, Belgium", "Business Name": "Karting Famenne", "Geo Coordinates": { "Latitude": "50.2374669", "Longitude": "5.3000286" } },http://maps.google.com/?cid=12107489523492815019,2018/01/27 14:15:21+00,2018/01/27 14:15:21+00
"POINT (4.500071 50.094253)",Karting des Fagnes,{ "Address": "Rue du Karting 13, 5660 Couvin, Belgium", "Business Name": "Karting des Fagnes", "Geo Coordinates": { "Latitude": "50.0942528", "Longitude": "4.5000708" } },http://maps.google.com/?cid=15748459715004693908,2018/01/27 14:14:58+00,2018/01/27 14:14:58+00
"POINT (3.029109 50.468578)",Kart Racing JPR,{ "Address": "Circuit de Karting, D354, 59162 Ostricourt, France", "Business Name": "Racing Kart JPR", "Geo Coordinates": { "Latitude": "50.4685783", "Longitude": "3.0291092" } },http://maps.google.com/?cid=7300986161439942066,2018/01/27 14:14:42+00,2018/01/27 14:14:42+00
"POINT (-0.747259 39.506425)",International Kartodromo Lucas Guerrero,{ "Address": "CV-382, 2, 46370 Chiva, Valencia, Spain", "Business Name": "International Kartodromo Lucas Guerrero", "Country Code": "ES", "Geo Coordinates": { "Latitude": "39.5064250", "Longitude": "-0.7472590" } },http://maps.google.com/?cid=11468847143149258313,2018/01/27 14:12:31+00,2018/01/27 14:12:31+00
"POINT (-79.904927 8.531698)",Kartódromo de Coronado,{ "Address": "Las Lajas, Panamá Oeste, Panama", "Business Name": "Kartódromo de Coronado", "Geo Coordinates": { "Latitude": "8.5316980", "Longitude": "-79.9049270" } },http://maps.google.com/?cid=2809848221676921598,2018/01/27 14:10:02+00,2018/01/27 14:10:02+00
"POINT (-73.949609 4.963179)",Kartodromo Juan Pablo Montoya,{ "Address": "Tocancipá, Cundinamarca, Colombia", "Business Name": "Kartódromo Juan Pablo Montoya", "Country Code": "CO", "Geo Coordinates": { "Latitude": "4.9631787", "Longitude": "-73.9496094" } },http://maps.google.com/?cid=18314727976024763723,2018/01/27 14:07:01+00,2018/01/27 14:07:01+00
"POINT (-75.291627 2.830334)",Kartodromo El Jardin,{ "Address": "Rivera, Huila, Colombia", "Business Name": "Kartodromo El Jardin", "Geo Coordinates": { "Latitude": "2.8303335", "Longitude": "-75.2916274" } },http://maps.google.com/?cid=10366488936281625572,2018/01/27 14:06:00+00,2018/01/27 14:06:00+00
"POINT (-56.734922 -34.332805)",Kartódromo Luis Pedro Serra,{ "Address": "Parque José E, Rodó, San José, Departamento de San José, Uruguay", "Business Name": "Kartódromo Luis Pedro Serra", "Geo Coordinates": { "Latitude": "-34.3328052", "Longitude": "-56.7349219" } },http://maps.google.com/?cid=1911532318992702979,2018/01/27 14:01:02+00,2018/01/27 14:01:02+00
"POINT (-43.958057 -19.734669)",Rbc Karting Racing,{ "Address": "Rodovia MG-424 - Km 3 s\/n - Bela Vista, Vespasiano - MG, 33000-000, Brazil", "Business Name": "Kartódromo Rbc Racing", "Geo Coordinates": { "Latitude": "-19.7346687", "Longitude": "-43.9580574" } },http://maps.google.com/?cid=8637689778033915201,2018/01/27 13:59:49+00,2018/01/27 13:59:49+00
"POINT (-44.175164 -19.919317)",Karting International Betim,{ "Address": "Av. Adutora Várzea das Flores, 477 - Itacolomi, Betim - MG, 32672-586, Brazil", "Business Name": "Betim International Karting Track", "Geo Coordinates": { "Latitude": "-19.9193170", "Longitude": "-44.1751640" } },http://maps.google.com/?cid=10191982861408783208,2018/01/27 13:59:40+00,2018/01/27 13:59:40+00
"POINT (-42.995346 -22.593441)",International Karting Guapimirim,{ "Address": "Av. Vitor Konder, 147 - Jardim Anapolis, Guapimirim - RJ, 25940-000, Brazil", "Business Name": "International Karting Guapimirim", "Geo Coordinates": { "Latitude": "-22.5934410", "Longitude": "-42.9953460" } },http://maps.google.com/?cid=13524320728673739438,2018/01/27 13:59:23+00,2018/01/27 13:59:23+00
"POINT (-44.083961 -22.502806)",Kart Volta Redonda,{ "Address": "Av. Min. Salgado Filho, 423 - Aero Clube, Volta Redonda - RJ, 27283-130, Brazil", "Business Name": "Kart Volta Redonda", "Geo Coordinates": { "Latitude": "-22.5028057", "Longitude": "-44.0839614" } },http://maps.google.com/?cid=12225508908117918238,2018/01/27 13:58:37+00,2018/01/27 13:58:37+00
"POINT (-45.163601 -22.790007)",Karting Fkart Guaratingueta,{ "Address": "Rod. Pres. Dutra, 232 - Internacional Park, Guaratinguetá - SP, 12504-290, Brazil", "Business Name": "Karting Fkart Guaratingueta", "Geo Coordinates": { "Latitude": "-22.7900066", "Longitude": "-45.1636009" } },http://maps.google.com/?cid=18276490087513671398,2018/01/27 13:58:04+00,2018/01/27 13:58:04+00
"POINT (-46.931362 -23.50905)",Karting International Aldeia da Serra,{ "Address": "Estr. Dr. Yojiro Takaoka, 210 - Res. Morada dos Lagos, Itapevi - SP, 06423-150, Brazil", "Business Name": "Karting International Aldeia da Serra", "Geo Coordinates": { "Latitude": "-23.5090503", "Longitude": "-46.9313621" } },http://maps.google.com/?cid=9712481095550873782,2018/01/27 13:57:44+00,2018/01/27 13:57:44+00
"POINT (-47.363225 -22.629647)",Limeira Kart Club,{ "Address": "Via Prefeito Jurandyr Paixão, s\/n - Campo Belo, Limeira - SP, 13481-149, Brazil", "Business Name": "Limeira Kart Club", "Country Code": "BR", "Geo Coordinates": { "Latitude": "-22.6296470", "Longitude": "-47.3632250" } },http://maps.google.com/?cid=4314971823734421619,2018/01/27 13:56:12+00,2018/01/27 13:56:12+00
"POINT (-47.119946 -22.777529)",San Marino Kart,{ "Address": "R. Armando Botasso, 1200, Paulínia - SP, 13148-180, Brazil", "Business Name": "San Marino Kart", "Geo Coordinates": { "Latitude": "-22.7775289", "Longitude": "-47.1199458" } },http://maps.google.com/?cid=3144991653278032468,2018/01/27 13:55:49+00,2018/01/27 13:55:49+00
"POINT (-46.972384 -22.908081)",Italy Kart & Events Valinhos,{ "Address": "Rod. Dom Pedro I, 124 - Chácaras Contendas, Valinhos - SP, 13273-292, Brazil", "Business Name": "Itália Kart & Eventos Valinhos", "Geo Coordinates": { "Latitude": "-22.9080810", "Longitude": "-46.9723840" } },http://maps.google.com/?cid=13818007820427870976,2018/01/27 13:55:37+00,2018/01/27 13:55:37+00
"POINT (-46.836741 -23.605272)",Kartódromo Internacional Granja Viana,{ "Address": "R. Tomás Sepé, 443 - Jardim da Gloria, Cotia - SP, 06711-270, Brazil", "Business Name": "Kartódromo Internacional Granja Viana", "Geo Coordinates": { "Latitude": "-23.6052722", "Longitude": "-46.8367413" } },http://maps.google.com/?cid=13346072533462162957,2018/01/27 13:54:48+00,2018/01/27 13:54:48+00
"POINT (-46.693726 -23.703714)",Karting Interlagos - Alpie,{ "Address": "Av. Jacinto Júlio, 1-311 - Cidade Dutra, São Paulo - SP, 04815-160, Brazil", "Business Name": "Karting Interlagos - Alpie", "Geo Coordinates": { "Latitude": "-23.7037135", "Longitude": "-46.6937258" } },http://maps.google.com/?cid=3949883372972749425,2018/01/27 13:54:18+00,2018/01/27 13:54:18+00
"POINT (-47.850553 -24.526852)",Registration kart track,{ "Address": "Jardim das Palmeiras, Registro - State of São Paulo, 11900-000, Brazil", "Business Name": "Registration kart track", "Geo Coordinates": { "Latitude": "-24.5268522", "Longitude": "-47.8505529" } },http://maps.google.com/?cid=9452100617996709280,2018/01/27 13:53:46+00,2018/01/27 13:53:46+00
"POINT (-49.406477 -26.960629)",Kartódromo Internacional de Ascurra,{ "Address": "R. Ribeirão São Paulo, 2465 - Ribeirão São Paulo, Ascurra - SC, 89138-000, Brazil", "Business Name": "Kartódromo Internacional de Ascurra", "Geo Coordinates": { "Latitude": "-26.9606290", "Longitude": "-49.4064768" } },http://maps.google.com/?cid=5089501502604835138,2018/01/27 13:53:31+00,2018/01/27 13:53:31+00
"POINT (-45.081525 -22.122777)",Center Kart,{ "Address": "Rodovia São Lourenço Km 380 Carmo de Minas, São Lourenço - MG, 37470-000, Brazil", "Business Name": "Center Kart", "Geo Coordinates": { "Latitude": "-22.1227774", "Longitude": "-45.0815254" } },http://maps.google.com/?cid=1825382268553355736,2018/01/27 13:52:47+00,2018/01/27 13:52:47+00
"POINT (-48.455815 -27.436562)",Kartódromo Sapiens Parque,{ "Address": "Canasvieiras, Florianópolis - State of Santa Catarina, Brazil", "Business Name": "Kartódromo Sapiens Parque", "Geo Coordinates": { "Latitude": "-27.4365620", "Longitude": "-48.4558148" } },http://maps.google.com/?cid=10770057878922423446,2018/01/27 13:51:44+00,2018/01/27 13:51:44+00
"POINT (-50.91954 -28.493209)",Kartódromo de Vacaria,{ "Address": "-1489, Brazil, Av. Antônio Ribeiro Branco, 1363, Vacaria - RS, 95200-000, Brazil", "Business Name": "Kartódromo de Vacaria", "Geo Coordinates": { "Latitude": "-28.4932092", "Longitude": "-50.9195404" } },http://maps.google.com/?cid=11739859547432052096,2018/01/27 13:51:25+00,2018/01/27 13:51:25+00
"POINT (-70.845886 -33.273664)",Lampa Kart Center,{ "Address": "33°16'38.0"S 70°50'53., Chile 2, Batuco, Lampa, Región Metropolitana, Chile", "Business Name": "Lampa Kart Center", "Geo Coordinates": { "Latitude": "-33.2736641", "Longitude": "-70.8458864" } },http://maps.google.com/?cid=5345418046706055220,2018/01/27 13:50:36+00,2018/01/27 13:50:36+00
"POINT (-68.535866 -31.647317)",La pista kart,{ "Address": "Ruta 40 entre calle 9 y 10 por callejón contegran a mano izq, Argentina, San Juan, Argentina", "Business Name": "Ruta 40(circuito De Prueba De Manejo)", "Country Code": "AR", "Geo Coordinates": { "Latitude": "-31.6473170", "Longitude": "-68.5358660" } },http://maps.google.com/?cid=15595892819520654675,2018/01/27 13:49:57+00,2018/01/27 13:49:57+00
"POINT (-59.020115 -31.816764)",Pista de kartings,{ "Address": "Villaguay, Entre Rios, Argentina", "Business Name": "Pista de kartings", "Geo Coordinates": { "Latitude": "-31.8167642", "Longitude": "-59.0201149" } },http://maps.google.com/?cid=4736415412190781556,2018/01/27 13:48:59+00,2018/01/27 13:48:59+00
"POINT (-59.10163 -34.153384)",Autodromo De Zarate,{ "Address": "Zarate, Buenos Aires Province, Argentina", "Business Name": "Autodromo De Zarate", "Geo Coordinates": { "Latitude": "-34.1533845", "Longitude": "-59.1016301" } },http://maps.google.com/?cid=2125612978999917383,2018/01/27 13:48:26+00,2018/01/27 13:48:26+00
"POINT (-58.926749 -34.457469)",Karting Pilar,{ "Address": "Estanislao López 1450, B1629 Pilar Centro, Provincia de Buenos Aires, Argentina", "Business Name": "Karting Pilar", "Geo Coordinates": { "Latitude": "-34.4574688", "Longitude": "-58.9267486" } },http://maps.google.com/?cid=7437077596805768976,2018/01/27 13:47:57+00,2018/01/27 13:47:57+00
"POINT (-58.467656 -34.698264)",Kartodromo Internacional de Buenos Aires,{ "Address": "Av. Cnel. Roca 6802, C1439 CABA, Argentina", "Business Name": "Kartódromo Internacional de Buenos Aires", "Geo Coordinates": { "Latitude": "-34.6982641", "Longitude": "-58.4676560" } },http://maps.google.com/?cid=13154094329235311204,2018/01/27 13:46:51+00,2018/01/27 13:46:51+00
"POINT (-58.535517 -34.736882)",Kartodromo Internacional Ciudad Evita,{ "Address": "El Quebracho, Cdad. Evita, Provincia de Buenos Aires, Argentina", "Business Name": "Kartódromo Internacional Ciudad Evita", "Geo Coordinates": { "Latitude": "-34.7368820", "Longitude": "-58.5355166" } },http://maps.google.com/?cid=9268490961819486287,2018/01/27 13:46:11+00,2018/01/27 13:46:11+00
"POINT (-71.767158 -13.59237)",Somo's Racing Kart,{ "Address": "Estadio Municipal de Oropesa, Peru", "Business Name": "Somo's Racing Kart", "Geo Coordinates": { "Latitude": "-13.5923703", "Longitude": "-71.7671585" } },http://maps.google.com/?cid=5172956065210269233,2018/01/27 13:45:10+00,2018/01/27 13:45:10+00
"POINT (-121.987046 47.868617)",Evergreen Speedway,{ "Address": "14405 179th Ave SE, Monroe, WA 98272, United States", "Business Name": "Evergreen Speedway", "Country Code": "US", "Geo Coordinates": { "Latitude": "47.8686174", "Longitude": "-121.9870465" } },http://maps.google.com/?cid=7185135720899040891,2018/01/27 13:42:09+00,2018/01/27 13:42:09+00
"POINT (-119.347618 46.349407)",Tri City Kart Club,{ "Address": "3234 Twin Bridges Rd, Richland, WA 99354, United States", "Business Name": "Tri City Kart Club", "Geo Coordinates": { "Latitude": "46.3494071", "Longitude": "-119.3476181" } },http://maps.google.com/?cid=16564247222822156186,2018/01/27 13:37:27+00,2018/01/27 13:37:27+00
"POINT (-121.731387 38.57548)",Blue Max Kart Club,{ "Address": "24998 Co Rd 102, Davis, CA 95618, United States", "Business Name": "Blue Max Kart Club", "Geo Coordinates": { "Latitude": "38.5754796", "Longitude": "-121.7313873" } },http://maps.google.com/?cid=2227696275056014374,2018/01/27 13:34:35+00,2018/01/27 13:34:35+00
"POINT (-121.26696 37.940895)",Little Stockton 99 Kart And Motorcycle Track,{ "Address": "1658 S Airport Way, Stockton, CA 95205, United States", "Business Name": "Little Stockton 99 Kart And Motorcycle Track", "Country Code": "US", "Geo Coordinates": { "Latitude": "37.9408950", "Longitude": "-121.2669601" } },http://maps.google.com/?cid=9543069223475078299,2018/01/27 13:33:52+00,2018/01/27 13:33:52+00
"POINT (-118.264432 34.869957)",Willow Springs International Raceway,{ "Address": "3500 75th St W, Rosamond, CA 93560, United States", "Business Name": "Willow Springs International Raceway", "Country Code": "US", "Geo Coordinates": { "Latitude": "34.8699570", "Longitude": "-118.2644320" } },http://maps.google.com/?cid=16343024461834367698,2018/01/27 13:31:16+00,2018/01/27 13:31:16+00
"POINT (-117.168837 34.621987)",Grange Motor Circuit,{ "Address": "20455 Central Rd, Apple Valley, CA 92307, United States", "Business Name": "Apple Valley Speedway", "Country Code": "US", "Geo Coordinates": { "Latitude": "34.6219873", "Longitude": "-117.1688367" } },http://maps.google.com/?cid=803651754456700040,2018/01/27 13:30:55+00,2018/01/27 13:30:55+00
"POINT (-119.139289 34.198471)",Jim Hall Racing Club,{ "Address": "2600 Challenger Pl, Oxnard, CA 93030, United States", "Business Name": "Jim Hall Racing Club", "Country Code": "US", "Geo Coordinates": { "Latitude": "34.1984712", "Longitude": "-119.1392891" } },http://maps.google.com/?cid=6095182935016362842,2018/01/27 13:30:21+00,2018/01/27 13:30:21+00
"POINT (-117.489338 34.084772)",CalSpeed Karting Center,{ "Address": "9300 Cherry Ave, Fontana, CA 92335, United States", "Business Name": "CalSpeed Karting Center", "Geo Coordinates": { "Latitude": "34.0847715", "Longitude": "-117.4893382" } },http://maps.google.com/?cid=10711862558010584689,2018/01/27 13:29:47+00,2018/01/27 13:29:47+00
"POINT (-117.202098 33.848866)",Apex Kart Racing,{ "Address": "18700 Lake Perris Dr, Perris, CA 92571, United States", "Business Name": "Apex Kart Racing", "Country Code": "US", "Geo Coordinates": { "Latitude": "33.8488661", "Longitude": "-117.2020983" } },http://maps.google.com/?cid=5888517529493781708,2018/01/27 13:28:27+00,2018/01/27 13:28:27+00
"POINT (-95.423537 29.277737)",MSR Houston,{ "Address": "1 Performance Dr, Angleton, TX 77515, United States", "Business Name": "MSR Houston", "Country Code": "US", "Geo Coordinates": { "Latitude": "29.2777367", "Longitude": "-95.4235369" } },http://maps.google.com/?cid=10731940253786689265,2018/01/27 13:23:28+00,2018/01/27 13:23:28+00
"POINT (-94.284979 46.417553)",Brainerd International Raceway,{ "Address": "5523 Birchdale Rd, Brainerd, MN 56401, United States", "Business Name": "Brainerd International Raceway", "Country Code": "US", "Geo Coordinates": { "Latitude": "46.4175532", "Longitude": "-94.2849789" } },http://maps.google.com/?cid=10190786075958565747,2018/01/27 13:18:24+00,2018/01/27 13:18:24+00
"POINT (-74.026034 45.6831)",SRA Karting International INc,{ "Address": "Bâtiment Karting, 12800 Boulevard Henri Fabre Suite K, Mirabel, QC J7N 0A6, Canada", "Business Name": "SRA Karting International INc", "Geo Coordinates": { "Latitude": "45.6830998", "Longitude": "-74.0260341" } },http://maps.google.com/?cid=6196822528539954808,2018/01/27 13:09:32+00,2018/01/27 13:09:32+00
"POINT (-72.000146 43.649833)",Canaan Motor Club,{ "Address": "18 Orange Rd, Canaan, NH 03741, United States", "Business Name": "Canaan Motor Club", "Country Code": "US", "Geo Coordinates": { "Latitude": "43.6498330", "Longitude": "-72.0001458" } },http://maps.google.com/?cid=3830163363361811631,2018/01/27 13:08:29+00,2018/01/27 13:08:29+00
"POINT (-76.143521 39.247672)",Nicholson Speedway,{ "Address": "9836 Earl Nicholson Rd, Chestertown, MD 21620, United States", "Business Name": "Nicholson Speedway", "Country Code": "US", "Geo Coordinates": { "Latitude": "39.2476716", "Longitude": "-76.1435207" } },http://maps.google.com/?cid=4707570295146269322,2018/01/27 12:57:59+00,2018/01/27 12:57:59+00
"POINT (-85.409336 39.850002)",New Castle Motor Sports Park,{ "Address": "5816 S County Rd 125 W, New Castle, IN 47362, United States", "Business Name": "New Castle Motor Sports Park", "Country Code": "US", "Geo Coordinates": { "Latitude": "39.8500020", "Longitude": "-85.4093359" } },http://maps.google.com/?cid=621149761603177913,2018/01/27 12:51:19+00,2018/01/27 12:51:19+00
"POINT (-88.667717 41.467766)",Concept Haulers Motor Speedway,{ "Address": "3674 E 2603rd Rd, Sheridan, IL 60551, United States", "Business Name": "Concept Haulers Motor Speedway", "Geo Coordinates": { "Latitude": "41.4677658", "Longitude": "-88.6677169" } },http://maps.google.com/?cid=17003806142094582721,2018/01/27 12:47:08+00,2018/01/27 12:47:08+00
"POINT (-90.135116 38.648888)",Gateway Kartplex,{ "Address": "700 Raceway Blvd, Madison, IL 62060, United States", "Business Name": "Gateway Kartplex", "Geo Coordinates": { "Latitude": "38.6488884", "Longitude": "-90.1351156" } },http://maps.google.com/?cid=4264259805167219034,2018/01/27 12:42:49+00,2018/01/27 12:42:49+00
"POINT (-90.400089 38.270776)",Thunder Valley, Pevely I-55 Complex,{ "Address": "1601 Horine-Herky Rd, Pevely, MO 63070, United States", "Business Name": "Thunder Valley, Pevely I-55 Complex", "Country Code": "US", "Geo Coordinates": { "Latitude": "38.2707757", "Longitude": "-90.4000894" } },http://maps.google.com/?cid=16126188137117359182,2018/01/27 12:38:59+00,2018/01/27 12:38:59+00
"POINT (-86.44309 35.596216)",Twin Fountains Raceway,{ "Address": "3225 US-231, Bell Buckle, TN 37020, United States", "Business Name": "Twin Fountains Raceway", "Country Code": "US", "Geo Coordinates": { "Latitude": "35.5962164", "Longitude": "-86.4430904" } },http://maps.google.com/?cid=5992264953213880784,2018/01/27 04:26:54+00,2018/01/27 04:26:54+00
"POINT (-84.188828 33.007923)",Lamar County Speedway,{ "Address": "964 GA-36, Barnesville, GA 30204, United States", "Business Name": "Lamar County Speedway", "Country Code": "US", "Geo Coordinates": { "Latitude": "33.0079231", "Longitude": "-84.1888275" } },http://maps.google.com/?cid=11181747982546590260,2018/01/27 04:17:27+00,2018/01/27 04:17:27+00
"POINT (-81.070528 29.185169)",Daytona International Speedway,{ "Address": "1801 W International Speedway Blvd, Daytona Beach, FL 32114, United States", "Business Name": "Daytona International Speedway", "Country Code": "US", "Geo Coordinates": { "Latitude": "29.1851690", "Longitude": "-81.0705280" } },http://maps.google.com/?cid=1407311939562425495,2018/01/27 04:08:36+00,2018/01/27 04:08:36+00
"POINT (-82.149254 28.671778)",Bushnell Motorsports Park,{ "Address": "5821 Pit Rd, Bushnell, FL 33513, United States", "Business Name": "Bushnell Motorsports Park", "Geo Coordinates": { "Latitude": "28.6717777", "Longitude": "-82.1492538" } },http://maps.google.com/?cid=2586712522710680756,2018/01/27 04:07:46+00,2018/01/27 04:07:46+00
"POINT (-80.307311 26.918564)",Palm Beach Karting,{ "Address": "17047 Bee Line Hwy, Jupiter, FL 33478, United States", "Business Name": "Palm Beach Karting", "Geo Coordinates": { "Latitude": "26.9185639", "Longitude": "-80.3073113" } },http://maps.google.com/?cid=14470301381616171429,2018/01/27 04:05:57+00,2018/01/27 04:05:57+00
"POINT (-80.412373 25.453143)",Homestead Karting,{ "Address": "1 Speedway Blvd, Homestead, FL 33035, United States", "Business Name": "Homestead Karting", "Country Code": "US", "Geo Coordinates": { "Latitude": "25.4531434", "Longitude": "-80.4123727" } },http://maps.google.com/?cid=6753852958572399359,2018/01/27 04:05:31+00,2018/01/27 04:05:31+00
"POINT (-80.596071 34.488077)",Carolina Motorsports Park Inc.,{ "Address": "3662 Kershaw Hwy, Kershaw, SC 29067, United States", "Business Name": "Carolina Motorsports Park", "Country Code": "US", "Geo Coordinates": { "Latitude": "34.4880770", "Longitude": "-80.5960710" } },http://maps.google.com/?cid=17362134527895808046,2018/01/27 02:34:47+00,2018/01/27 02:34:47+00
"POINT (-80.686551 35.351547)",Charlotte Motor Speedway,{ "Address": "5555 Concord Pkwy S, Concord, NC 28027, United States", "Business Name": "Charlotte Motor Speedway", "Country Code": "US", "Geo Coordinates": { "Latitude": "35.3515470", "Longitude": "-80.6865510" } },http://maps.google.com/?cid=3877864903075356639,2018/01/27 02:31:32+00,2018/01/27 02:31:32+00
"POINT (-84.176595 34.432968)",Atlanta Motorsports Park,{ "Address": "20 Duck Thurmond Rd, Dawsonville, GA 30534, United States", "Business Name": "Atlanta Motorsports Park", "Country Code": "US", "Geo Coordinates": { "Latitude": "34.4329676", "Longitude": "-84.1765952" } },http://maps.google.com/?cid=5654460442744085205,2018/01/27 02:21:19+00,2018/01/27 02:21:19+00
"POINT (-119.543758 35.491849)",Buttonwillow Raceway Kart Track,{ "Address": "24551 W Lerdo Hwy, Buttonwillow, CA 93206, United States", "Business Name": "Buttonwillow Raceway Kart Track", "Geo Coordinates": { "Latitude": "35.4918493", "Longitude": "-119.5437576" } },http://maps.google.com/?cid=8745059110053164112,2018/01/27 02:13:22+00,2018/01/27 02:13:22+00
"POINT (-122.45105 38.154519)",Unnamed Road, Sonoma, CA 95476, USA,{ "Geo Coordinates": { "Latitude": "38.1545192", "Longitude": "-122.4510499" } },http://maps.google.com/?q=Unnamed+Road,+Sonoma,+CA+95476,+USA&amp;ftid=0x8085a41c641de45f:0x8c00997305144824,2018/01/27 02:08:20+00,2018/01/27 02:08:20+00
"POINT (10.505354 45.424582)",South Garda karting,{ "Address": "Via Corte Ferrarini, 2, 25017 Lonato BS, Italy", "Business Name": "South Garda Karting", "Geo Coordinates": { "Latitude": "45.4245816", "Longitude": "10.5053544" } },http://maps.google.com/?cid=11259233770786368604,2018/01/27 01:36:40+00,2018/01/27 01:36:40+00
"POINT (-117.382015 34.008869)",Adams Kart Track,{ "Address": "5292 24th St, Riverside, CA 92509, United States", "Business Name": "Adams Motorsports Park", "Country Code": "US", "Geo Coordinates": { "Latitude": "34.0088688", "Longitude": "-117.3820147" } },http://maps.google.com/?cid=18223830249213475528,2018/01/21 05:25:25+00,2018/01/21 05:25:25+00
"POINT (103.758846 1.423134)",KF1 Karting Circuit,{ "Address": "1 Turf Club Avenue, Singapore 738078", "Business Name": "KF1 Karting Circuit", "Geo Coordinates": { "Latitude": "1.4231340", "Longitude": "103.7588460" } },http://maps.google.com/?cid=17944280989393291075,2018/01/21 04:01:13+00,2018/01/21 04:01:13+00
"POINT (-98.373741 19.088216)",Kartodromo 5 Caminos,{ "Address": "Carril 3o. de Serrano 22, Puebla, Mexico", "Business Name": "Kartodromo 5 Caminos", "Country Code": "MX", "Geo Coordinates": { "Latitude": "19.0882159", "Longitude": "-98.3737412" } },http://maps.google.com/?cid=5181094644150679996,2018/01/21 03:31:40+00,2018/01/21 03:31:40+00
"POINT (-66.675451 17.970646)",Caribbean International Motorsports Park,{ "Address": "PR-2, Ponce 00728, Puerto Rico", "Business Name": "Caribbean International Motorsports Park", "Country Code": "PR", "Geo Coordinates": { "Latitude": "17.9706461", "Longitude": "-66.6754514" } },http://maps.google.com/?cid=9771139558759468909,2017/07/28 09:04:50+00,2017/07/28 09:04:50+00
"POINT (-66.212604 18.438759)",EcoTrack Motor Complex,{ "Address": "State Road 867, Toa Baja, PR 00950, Puerto Rico", "Business Name": "EcoTrack Motor Complex", "Geo Coordinates": { "Latitude": "18.4387593", "Longitude": "-66.2126040" } },http://maps.google.com/?cid=2603520464087894959,2017/07/28 09:02:47+00,2017/07/28 09:03:31+00
"POINT (-74.021225 4.95419)",XRP Autodrome Race Line,{ "Address": "Cajicá, El Tejar, Cajicá, Cundinamarca, Colombia", "Business Name": "XRP Autodrome Race Line", "Country Code": "CO", "Geo Coordinates": { "Latitude": "4.9541897", "Longitude": "-74.0212249" } },http://maps.google.com/?cid=7250788114701306068,2017/07/28 08:59:20+00,2017/07/28 08:59:20+00
"POINT (-76.604226 -12.765542)",Kartodromo Racing Dakart,{ "Address": "Circuito de Karts Boulevard de Asia, km 97.5 Cañete - Li Carretera, 1S, Asia, Peru", "Business Name": "Kartodromo Racing Dakart", "Geo Coordinates": { "Latitude": "-12.7655416", "Longitude": "-76.6042261" } },http://maps.google.com/?cid=82722542293370328,2017/07/28 08:56:48+00,2017/07/28 08:56:48+00
"POINT (-57.526528 -25.257558)",SuperKart Alquiler,{ "Address": "Avenida Ñu Guazú, Al lado del Comité olímpico Paraguayo, Luque, Paraguay", "Business Name": "SuperKart Alquiler", "Geo Coordinates": { "Latitude": "-25.2575580", "Longitude": "-57.5265276" } },http://maps.google.com/?cid=17589808048997857024,2017/07/28 08:56:20+00,2017/07/28 08:56:20+00
"POINT (-58.313667 -32.4572)",Autodromo Concepcion del Uruguay,{ "Address": "Concepción del Uruguay, Entre Rios, Argentina", "Business Name": "Autodromo de Concepcion del Uruguay", "Country Code": "AR", "Geo Coordinates": { "Latitude": "-32.4572000", "Longitude": "-58.3136671" } },http://maps.google.com/?cid=1004307558572960831,2017/07/28 08:55:06+00,2017/07/28 08:55:06+00
"POINT (-104.830872 39.570404)",The Track at Centennial,{ "Address": "13600 Eagle Rock Rd, Englewood, CO 80112, United States", "Business Name": "Unser Karting & Events Centennial", "Geo Coordinates": { "Latitude": "39.5704040", "Longitude": "-104.8308720" } },http://maps.google.com/?cid=1289798512757846663,2017/07/28 08:50:54+00,2017/07/28 08:50:54+00
"POINT (-122.271797 48.992294)",SIMA International Motorsport Academy,{ "Address": "529 W Front St, Sumas, WA 98295, United States", "Business Name": "SIMA International Motorsport Academy", "Geo Coordinates": { "Latitude": "48.9922943", "Longitude": "-122.2717971" } },http://maps.google.com/?cid=10787193746931893777,2017/07/28 08:48:37+00,2017/07/28 08:48:37+00
"POINT (-88.540031 44.773186)",USA International Raceway,{ "Address": "W5901 County Rd BE, Shawano, WI 54166, United States", "Business Name": "USAIR Motorsports Raceway", "Country Code": "US", "Geo Coordinates": { "Latitude": "44.7731857", "Longitude": "-88.5400314" } },http://maps.google.com/?cid=4267966337916543145,2017/07/28 08:48:17+00,2017/07/28 08:48:17+00
"POINT (-98.156265 29.684542)",Hill Country Kart Club,{ "Address": "3838 TX-337 Loop, New Braunfels, TX 78130, United States", "Business Name": "Hill Country Kart Club Raceway", "Geo Coordinates": { "Latitude": "29.6845417", "Longitude": "-98.1562652" } },http://maps.google.com/?cid=18088244156975913119,2017/07/28 08:47:28+00,2017/07/28 08:47:28+00
"POINT (-63.45013 45.144787)",Atlantic Motorsport Park,{ "Address": "266 Racetrack Rd, Mill Village, NS B0N 2H0, Canada", "Business Name": "Atlantic Motorsport Park", "Country Code": "CA", "Geo Coordinates": { "Latitude": "45.1447868", "Longitude": "-63.4501304" } },http://maps.google.com/?cid=958946824351032680,2017/07/28 08:46:52+00,2017/07/28 08:46:52+00
"POINT (-81.28125 43.676857)",Walton Raceway,{ "Address": "42932 Walton Rd, Walton, ON N0K 1Z0, Canada", "Business Name": "Walton Raceway", "Country Code": "CA", "Geo Coordinates": { "Latitude": "43.6768569", "Longitude": "-81.2812500" } },http://maps.google.com/?cid=17080319754200223243,2017/07/28 08:46:24+00,2017/07/28 08:46:24+00
"POINT (-123.778503 48.799717)",Vancouver Island Motorsport Circuit,{ "Address": "4063 Cowichan Valley Hwy, Duncan, BC V9L 6K4, Canada", "Business Name": "Vancouver Island Motorsport Circuit", "Country Code": "CA", "Geo Coordinates": { "Latitude": "48.7997169", "Longitude": "-123.7785034" } },http://maps.google.com/?cid=6419307597130710481,2017/07/28 08:45:09+00,2017/07/28 08:45:09+00
"POINT (-79.856962 42.89894)",Toronto Motorsports Park,{ "Address": "1040 Kohler Rd, Cayuga, ON N0A 1E0, Canada", "Business Name": "Toronto Motorsports Park", "Country Code": "CA", "Geo Coordinates": { "Latitude": "42.8989402", "Longitude": "-79.8569615" } },http://maps.google.com/?cid=1178317346800813903,2017/07/28 08:44:23+00,2017/07/28 08:44:23+00
"POINT (-78.676138 44.055261)",Canadian Tire Motorsport Park,{ "Address": "3233 Concession Rd 10, Bowmanville, ON L1C 3K6, Canada", "Business Name": "Canadian Tire Motorsport Park", "Country Code": "CA", "Geo Coordinates": { "Latitude": "44.0552611", "Longitude": "-78.6761380" } },http://maps.google.com/?cid=6723439528136509502,2017/07/28 08:43:42+00,2017/07/28 08:43:42+00
"POINT (-70.684507 19.129611)",Pista De MotoCross,{ "Address": "41000, Dominican Republic", "Business Name": "Pista De MotoCross", "Country Code": "DO", "Geo Coordinates": { "Latitude": "19.1296109", "Longitude": "-70.6845070" } },http://maps.google.com/?cid=3810606691000298763,2017/07/28 08:35:16+00,2017/07/28 08:35:16+00
"POINT (-70.304132 19.308558)",SFM Racing Speed Way,{ "Address": "31000, Dominican Republic", "Business Name": "SFM Racing Speed Way", "Country Code": "DO", "Geo Coordinates": { "Latitude": "19.3085578", "Longitude": "-70.3041318" } },http://maps.google.com/?cid=8163179694622835378,2017/07/28 08:35:08+00,2017/07/28 08:35:08+00
"POINT (-69.270797 18.768232)",Circuito De Moto-velocidad Hato Mayor,{ "Address": "Carr. Hato Mayor - Yerba Buena, Hato Mayor del Rey 25000, Dominican Republic", "Business Name": "Circuito De Moto-velocidad Hato Mayor", "Country Code": "DO", "Geo Coordinates": { "Latitude": "18.7682320", "Longitude": "-69.2707967" } },http://maps.google.com/?cid=2453311089537729204,2017/07/28 08:34:56+00,2017/07/28 08:34:56+00
"POINT (-72.318119 18.583954)",Circuit 9 Haiti,{ "Address": "Port-au-Prince, Haiti", "Business Name": "Circuit 9 Haiti", "Country Code": "HT", "Geo Coordinates": { "Latitude": "18.5839543", "Longitude": "-72.3181194" } },http://maps.google.com/?cid=14538612557943356272,2017/07/28 08:34:21+00,2017/07/28 08:34:21+00
"POINT (-89.329684 13.809743)",Autódromo Internacional El Jabali,{ "Address": "El Salvador", "Business Name": "Autódromo Internacional El Jabalí", "Country Code": "SV", "Geo Coordinates": { "Latitude": "13.8097428", "Longitude": "-89.3296838" } },http://maps.google.com/?cid=3957340977417105894,2017/07/28 08:32:44+00,2017/07/28 08:32:44+00
"POINT (-66.26684 17.970104)",Salinas Speedway,{ "Address": "PR-3, Salinas, 00751, Puerto Rico", "Business Name": "Salinas Speedway", "Country Code": "PR", "Geo Coordinates": { "Latitude": "17.9701041", "Longitude": "-66.2668398" } },http://maps.google.com/?cid=9246906992646350958,2017/07/28 08:31:16+00,2017/07/28 08:31:16+00
"POINT (-76.751921 -12.398474)",Autodromo La Chutana,{ "Address": "Kilometro 50.5, Panamericana Sur, San Bartolo, Peru", "Business Name": "Autódromo La Chutana", "Country Code": "PE", "Geo Coordinates": { "Latitude": "-12.3984738", "Longitude": "-76.7519206" } },http://maps.google.com/?cid=11788581222395005951,2017/07/28 08:27:57+00,2017/07/28 08:27:57+00
"POINT (-46.697954 -23.701185)",Autódromo José Carlos Pace,{ "Address": "Av. Sen. Teotônio Vilela, 261 - Interlagos, São Paulo - SP, 04801-010, Brazil", "Business Name": "Autódromo José Carlos Pace", "Country Code": "BR", "Geo Coordinates": { "Latitude": "-23.7011850", "Longitude": "-46.6979544" } },http://maps.google.com/?cid=3457880540196939200,2017/07/28 08:26:07+00,2017/07/28 08:26:07+00
"POINT (-73.947687 4.960852)",Autódromo de Tocancipá,{ "Address": "Tocancipá, Cundinamarca, Colombia", "Business Name": "Autódromo de Tocancipá", "Country Code": "CO", "Geo Coordinates": { "Latitude": "4.9608519", "Longitude": "-73.9476868" } },http://maps.google.com/?cid=11841347878857840716,2017/07/28 08:24:53+00,2017/07/28 08:24:53+00
"POINT (-68.554773 9.664829)",Autódromo Internacional de San Carlos,{ "Address": "Troncal 5, San Carlos, Cojedes, Venezuela", "Business Name": "Autódromo Internacional de San Carlos", "Country Code": "VE", "Geo Coordinates": { "Latitude": "9.6648288", "Longitude": "-68.5547733" } },http://maps.google.com/?cid=9093080753600187966,2017/07/28 08:24:42+00,2017/07/28 08:24:42+00
"POINT (-78.098633 0.38026)",Yahuarcocha Circuit Ecuador,{ "Address": "Ibarra, Ecuador", "Business Name": "Autódromo Internacional José Tobar", "Country Code": "EC", "Geo Coordinates": { "Latitude": "0.3802600", "Longitude": "-78.0986329" } },http://maps.google.com/?cid=7316899763062302968,2017/07/28 08:24:20+00,2017/07/28 08:24:20+00
"POINT (-79.832839 8.971262)",Circuito Internacional de Panamá,{ "Address": "Mendoza, Panama, Panama", "Business Name": "Panama International Circuit", "Country Code": "PA", "Geo Coordinates": { "Latitude": "8.9712621", "Longitude": "-79.8328390" } },http://maps.google.com/?cid=12191577412062063148,2017/07/28 08:24:12+00,2017/07/28 08:24:12+00
"POINT (-110.794921 32.036272)",Musselman Honda Circuit,{ "Address": "11800 S Harrison Rd, Tucson, AZ 85747, United States", "Business Name": "Musselman Honda Circuit", "Country Code": "US", "Geo Coordinates": { "Latitude": "32.0362718", "Longitude": "-110.7949208" } },http://maps.google.com/?cid=2379483024658154298,2016/11/20 15:16:46+00,2016/11/20 15:16:46+00
"POINT (-110.898508 32.115363)",USA Raceway,{ "Address": "4300 E Los Reales Rd, Tucson, AZ 85756, United States", "Business Name": "Arizona Motorplex", "Country Code": "US", "Geo Coordinates": { "Latitude": "32.1153629", "Longitude": "-110.8985078" } },http://maps.google.com/?cid=8470863831378809163,2016/11/20 00:42:20+00,2016/11/20 00:42:20+00
"POINT (-97.38356 18.423553)",Circuito Motokart Tehuacan,{ "Address": "A La Unidad Deportiva Sur, Valle Sur, 75795 Tehuacán, Pue., Mexico", "Business Name": "Circuito Motokart Tehuacan", "Country Code": "MX", "Geo Coordinates": { "Latitude": "18.4235534", "Longitude": "-97.3835601" } },http://maps.google.com/?cid=13249204348677106307,2016/09/21 13:11:57+00,2016/09/21 13:11:57+00
"POINT (-89.942581 35.278674)",Memphis International Raceway,{ "Address": "5500 Victory Ln, Millington, TN 38053, United States", "Business Name": "Memphis International Raceway", "Country Code": "US", "Geo Coordinates": { "Latitude": "35.2786738", "Longitude": "-89.9425810" } },http://maps.google.com/?cid=9148757132595496010,2016/02/23 18:49:50+00,2016/02/23 18:49:50+00
"POINT (-115.021952 36.264518)",SNVKC / Southern Nevada Kart Championship. K.A.R.T.NV,{ "Address": "6000 Las Vegas Blvd N, Las Vegas, NV 89115, United States", "Business Name": "Las Vegas Karting Championship", "Country Code": "US", "Geo Coordinates": { "Latitude": "36.2645180", "Longitude": "-115.0219520" } },http://maps.google.com/?cid=6883092061132859310,2016/02/23 18:39:00+00,2016/02/23 18:39:00+00
"POINT (-111.969192 33.271319)",Wild Horse Pass Motorsports Park,{ "Address": "20000 S Maricopa Rd, Chandler, AZ 85226, United States", "Business Name": "Wild Horse Pass Motorsports Park", "Country Code": "US", "Geo Coordinates": { "Latitude": "33.2713195", "Longitude": "-111.9691922" } },http://maps.google.com/?cid=155580284487482858,2016/02/23 18:34:55+00,2016/02/23 18:34:55+00
"POINT (-112.379153 40.580924)",Miller Motorsports Park,{ "Address": "512 Sheep Ln, Grantsville, UT 84074, United States", "Business Name": "Utah Motorsports Campus", "Country Code": "US", "Geo Coordinates": { "Latitude": "40.5809235", "Longitude": "-112.3791533" } },http://maps.google.com/?cid=1385968283137418522,2016/02/23 18:32:48+00,2016/02/23 18:32:48+00
"POINT (-90.190015 29.893352)",NOLA Motorsports Park,{ "Address": "11075 Nicolle Blvd, Avondale, LA 70094, United States", "Business Name": "NOLA Motorsports", "Geo Coordinates": { "Latitude": "29.8933517", "Longitude": "-90.1900148" } },http://maps.google.com/?cid=2436714806323192305,2016/02/23 18:31:55+00,2016/02/23 18:31:55+00
"POINT (-82.541689 27.605885)",Andersen RacePark,{ "Address": "10101 US-41 N, Palmetto, FL 34221, United States", "Business Name": "Andersen RacePark", "Geo Coordinates": { "Latitude": "27.6058850", "Longitude": "-82.5416890" } },http://maps.google.com/?cid=15585558759576558743,2016/02/23 18:30:28+00,2016/02/23 18:30:28+00
"POINT (-80.790176 35.640411)",GoPro Motorplex,{ "Address": "130 Motorplex Dr, Mooresville, NC 28115, United States", "Business Name": "GoPro Motorplex", "Geo Coordinates": { "Latitude": "35.6404113", "Longitude": "-80.7901763" } },http://maps.google.com/?cid=2611540922526777133,2016/02/23 18:26:33+00,2016/02/23 18:26:33+00
"POINT (-99.366185 19.520099)",Pista y Escuela de Motocross Mx2.,{ "Address": "de 54570, Rancho Viejo, Santa María Mazatla, Méx., Mexico", "Business Name": "Track and Motocross School Mx2.", "Country Code": "MX", "Geo Coordinates": { "Latitude": "19.5200992", "Longitude": "-99.3661853" } },http://maps.google.com/?cid=15792026632830368922,2016/02/18 23:11:33+00,2016/02/18 23:11:33+00
"POINT (24.4192124 61.0016201)",Karting-Carb X-Pertti Oy,,,,
"POINT (14.3674049 40.96753689999999)",Schumacher Junior Karting Club,,,,
"POINT (-100.9907802 22.1824993)",Autódromo Tangamanga,,,,
"POINT (14.417519 40.761449)",40.761449, 14.417519,,,,
"POINT (12.8688845 41.72942580000001)",Pista Di Artena,,,,
"POINT (11.3618637 45.50729709999999)",Kartodromo Città di Arzignano,,,,
"POINT (15.1231967 36.9066523)",Kartodromo di Avola,,,,
"POINT (7.688841000000001 44.98036990000001)",Club Des Miles Srl,,,,
"POINT (14.9479818 40.6044616)",Circuit Sele,,,,
"POINT (11.799195 45.602598)",BI Karting s.n.c.,,,,
"POINT (7.203985299999999 45.12429239999999)",Kart Valsusa,,,,
"POINT (12.6362648 41.5551834)",Circuito Christel village,,,,
"POINT (14.0932006 42.4701865)",Pista Dell'Adriatico,,,,
"POINT (11.5550168 44.8578635)",X Bikes,,,,
"POINT (10.5247516 43.2844924)",Kartodromo "Pista del Mare",,,,
"POINT (16.521862 39.6566772)",Kartodromo Dino Falco,,,,
"POINT (10.3144522 45.0863875)",Kartodromo Cremona Circuit,,,,
"POINT (16.0149008 40.9290856)",Kartodromo Dinamic,,,,
"POINT (13.7688008 43.1518147)",Kartodromo Dino Ferrari,,,,
"POINT (12.0957803 44.1968994)",Pista moto Galliano Park,,,,
"POINT (10.0031892 45.5162132)",Autodromo di Franciacorta,,,,
"POINT (9.3687677 46.2817802)",Kartodromo Boggia Park & ​​Sports,,,,
"POINT (10.5423333 44.94129030000001)",Racing Park,,,,
"POINT (13.1430451 41.7051283)",Circuito Istituto Sperimentale Auto e Motori,,,,
"POINT (9.634485200000002 39.9564361)",Kartodromo Is Arenadas,,,,
"POINT (14.7774671 41.0495141)",Kartodromo Iscaro,,,,
"POINT (12.627027 45.505927)",Pista Azzurra,,,,
"POINT (13.8071913 42.8760795)",Karting Stella,,,,
"POINT (12.8548107 42.34857940000001)",Kartodromo "La Mola",,,,
"POINT (12.7810872 42.41891769999999)",Pista La scintilla,,,,
"POINT (8.0764026 45.4095115)",Pista Le Sirene,,,,
"POINT (14.371993 41.1565208)",Circuito Internazionale Del Volturno,,,,
"POINT (7.725031999999999 45.2361377)",Motors Srl Turin Park Racetrack,,,,
"POINT (15.3671528 41.5011205)",Kartodromo 2000 Lucera,,,,
"POINT (13.3097088 42.1114226)",Kartodromo La Maddalena,,,,
"POINT (11.2241526 44.83180759999999)",Extrema Kart,,,,
"POINT (7.810426700000002 44.409856)",Pista KART Mondovì,,,,
"POINT (11.0252658 43.9037454)",Pista il Geko,,,,
"POINT (14.7039422 41.3669815)",Kartodromo ASD Karting Club Morcone,,,,
"POINT (13.841321 43.08237200000001)",Motor Park,,,,
"POINT (13.3259525 43.5604553)",Parco Motori La Chiusa,,,,
"POINT (12.7096109 42.84814830000001)",Track Karting Rainbow,,,,
"POINT (8.593904900000002 45.7010205)",Pista Azzurra Srl,,,,
"POINT (14.6422209 41.0523414)",Pista Caudina,,,,
"POINT (12.6883975 41.9522928)",Pista D'oro,,,,
"POINT (14.7421932 42.0269496)",Kartodromo Pista Fluida,,,,
"POINT (13.97441 41.0168991)",Kartodromo Castel Volturno - Pista Italia,,,,
"POINT (18.1337356 39.89198680000001)",Pista Salentina,,,,
"POINT (8.816335500000001 45.1649158)",Pista South Milano Kart,,,,
"POINT (8.3737797 44.7847547)",Pista Winner Nizza Monferrato,,,,
"POINT (15.1117172 40.5860287)",Kartodromo Planet Kart,,,,
"POINT (16.053601 38.4205759)",River kart,,,,
"POINT (11.461688 45.5171302)",Raceland Vicenza,,,,
"POINT (11.2079305 44.2858428)",Coop. Karting Rioveggio (Soc. Coop. R. L.),,,,
"POINT (11.3144564 46.4342958)",Safety Park,,,,
"POINT (7.814993799999999 44.57699239999999)",Circuit Salmour,,,,
"POINT (13.686532 42.8100624)",Kartodromo Val Vibrata,,,,
"POINT (15.2391895 40.7192507)",Circuito La Torre Noleggio Kart,,,,
"POINT (13.9294518 42.08680559999999)",Kartodromo Holykart Sulmona,,,,
"POINT (16.3105625 39.6207263)",AUTODROMO CALABRIA CORSE,,,,
"POINT (13.7519721 41.343872)",Tirreno Karting,,,,
"POINT (13.0076482 46.3952554)",Pista di Guida Sicura,,,,
"POINT (15.6513954 40.116098)",karting Torraca,,,,
"POINT (12.6901515 45.7043918)",Pista minimoto Torracing,,,,
"POINT (17.5176057 40.3713596)",PISTA FANELLI,,,,
"POINT (12.5435791 41.81554029999999)",T.T.Racing,,,,
"POINT (17.274714 40.672656)",Kartodromo Touch & Go,,,,
"POINT (12.1735329 43.0022786)",TrackFire Go-Kart,,,,
"POINT (15.5269088 40.4250907)",Kart Valpista,,,,
"POINT (10.0209522 44.6804122)",Autodromo Riccardo Paletti - Varano de' Melegari,,,,
"POINT (16.6698129 39.1910301)",Pista "Max Kart",,,,
"POINT (8.9938314 39.6305766)",Kartodromo San Lorenzo,,,,
"POINT (12.0692628 42.4850702)",Viterbo International Circuit,,,,
"POINT (-67.4467897 -45.79039909999999)",Kartodromo internacional A.K.P.S,,,,
"POINT (-61.1332856 -33.52873760000001)",Kartodromo Nestor Cardinale Alcorta,,,,
"POINT (-55.3218129 -27.592468)",Kartódromo Municipal,,,,
"POINT (-60.10255369999999 -34.0756935)",Autodromo de Arrecifes,,,,
"POINT (-60.80515709999999 -37.5655716)",Auto Moto Náutico Laprida,,,,
"POINT (-58.2714669 -37.8812225)",Kartodromo J. M. Fangio,,,,
"POINT (-59.4810537 -33.8169813)",Kartodromo de Baradero,,,,
"POINT (-59.77835379999999 -37.65744349999999)",Kartodromo Juan Manuel García,,,,
"POINT (-65.11204219999999 -24.6821924)",Kartódromo Nicolás Vuyovich,,,,
"POINT (-61.176927 -33.0618547)",Pista Casilda Motor Club,,,,
"POINT (-59.9650922 -34.9092942)",Kartódromo Chivilcoy,,,,
"POINT (-64.1126049 -31.0057488)",Kartodromo Sebastian Martino,,,,
"POINT (-61.28483929999999 -38.705872)",Autódromo Coronel Dorrego,,,,
"POINT (-61.3474936 -38.00472269999999)",Pista De Carreras,,,,
"POINT (-62.1771343 -38.6822177)",Autódromo Aldea Romana,,,,
"POINT (-58.775451 -30.3864866)",Kartodromo Don Adalio,,,,
"POINT (-60.0636081 -38.0534747)",El pingüino,Pista de carreras,,,
"POINT (-68.6903758 -31.5503872)",Autodrome Eduardo Copello "The Zonda",,,,
"POINT (-65.1438052 -31.947357)",Autódromo Municipal Ernesto Mario Soto,,,,
"POINT (-58.1993743 -26.1886028)",APRAKART,,,,
"POINT (-64.4523162 -31.4245814)",SUPER TC 2000,,,,
"POINT (-67.5468611 -45.90387459999999)",Autódromo General San Martín,,,,
"POINT (-68.40282549999999 -34.5770443)",ASA Autodromo San Rafael Mendoza,,,,
"POINT (-58.6068348 -33.0068841)",Autódromo de Gualeguaychú,,,,
"POINT (-58.6000191 -32.9951085)",Z.A.M. Zonal Amateur Motociclismo,,,,
"POINT (-61.0667859 -31.4009804)",Kartodromo Comunal de Humboldt,,,,
"POINT (-67.9914021 -38.9876013)",Kartódromo,,,,
"POINT (-62.4106269 -33.24465249999999)",Kartodromo Isla Verde,,,,
"POINT (-59.2543946 -38.0228712)",Kartódromo Juan N. Hernández,,,,
"POINT (-60.7342364 -31.663405)",Automovil Club Santa Fe,,,,
"POINT (-60.688678 -31.5665501)",Da-Karts,,,,
"POINT (-57.60253139999999 -37.8837115)",Kartódromo Internacional Mar Del Plata,,,,
"POINT (-68.38188099999999 -54.8272016)",APKU 2000,,,,
"POINT (-60.25179779999999 -36.85996989999999)",Autodrome Dante y Torcuato Emiliozzi,,,,
"POINT (-60.3613118 -36.9165262)",Autodrome "The Boot".,,,,
"POINT (-58.6928889 -38.5561321)",Kartodromo La Palmera,,,,
"POINT (-71.4783309 -41.7467875)",Kartódromo Lago Escondido,,,,
"POINT (-61.519496 -32.6928254)",Circuito El Gigante,,,,
"POINT (-62.7393372 -31.8866767)",Circuito Municipal,,,,
"POINT (-58.7530214 -38.1375811)",Autódromo La Virgen Del Camino,,,,
"POINT (-69.2421001 -51.6550646)",Autódromo José Muñiz,,,,
"POINT (-57.63846539999999 -37.9943061)",Autódromo Ciudad de Mar del Plata,,,,
"POINT (-58.79173290000001 -34.7826183)",KARTODROMO LAS NUBES,,,,
"POINT (-61.3746027 -35.6361282)",Automotive circuit Carlos Casares,,,,
"POINT (-55.17690979999999 -27.4932041)",Autódromo Ciudad de Oberá,,,,
"POINT (-60.37989709999999 -31.7565629)",Autódromo Ciudad de Paraná,,,,
"POINT (-60.53770470000001 -33.94345670000001)",Parque motor pergamino,,,,
"POINT (-69.1906352 -38.9499403)",PetroHuincul motor club,,,,
"POINT (-55.92706099999999 -27.4391151)",Autódromo Rosamonte,,,,
"POINT (-61.4798647 -31.203121)",Autódromo Ciudad de Rafaela,,,,
"POINT (-59.111147 -36.7711315)",Municipal Juan Silva Park,,,,
"POINT (-64.3657636 -33.1781511)",Autódromo Parque Ciudad de Río Cuarto,,,,
"POINT (-67.76898899999999 -53.8066872)",Autódromo Rio Grande,,,,
"POINT (-59.3434864 -35.39003209999999)",Autodromo,,,,
"POINT (-66.3939819 -33.3316421)",Autódromo Rosendo Hernández,,,,
"POINT (-62.34419579999999 -37.7649188)",Pista De Karting De Saavedra,,,,
"POINT (-59.8045931 -35.6706773)",Automovil Club Saladillo,,,,
"POINT (-60.239662 -34.2834967)",Kartódromo El Rincón,,,,
"POINT (-59.5909679 -38.3549153)",Pista de Automovilismo Independiente de San Cayetano,,,,
"POINT (-61.31396029999999 -31.7525542)",Circuito David Dondoni H.,,,,
"POINT (-61.5251664 -30.9596269)",Kartodromo Sunchales,,,,
"POINT (-59.1126404 -37.3671473)",Tandil Auto Club,,,,
"POINT (-60.22156839999999 -38.4096661)",Autódromo Segundo Taraborelli,,,,
"POINT (-65.2725985 -43.2998896)",Kartodromo Ing. Juan Arbertella,,,,
"POINT (-63.0186457 -40.8574012)",Kartódromo Viedma,,,,
"POINT (-68.5713621 -31.3922219)",Complejo Velocidad Albardon,,,,
"POINT (-49.18768799999999 -25.5510867)",Kartódromo Kart Park,,,,
"POINT (-48.96081799999999 -16.3922161)",Kartódromo Internacional de Anápolis,,,,
"POINT (-49.49031799999999 -16.667241)",Kartódromo De Trindade,,,,
"POINT (-49.1872329 -16.719713)",Karting Ricardo Santos - Goiânia - Go,,,,
"POINT (-47.6172999 -21.917793)",Kartodromo Municipal Descalvado,,,,
"POINT (-48.13269100000001 -21.762768)",Karting Araraquara - Adalberto "Nene" Cattani,,,,
"POINT (-47.8373029 -23.0383238)",Karting Arena Usual,,,,
"POINT (-63.0535 -9.855555555555556)",Pista Ariquemes,,,,
"POINT (-50.42448419999999 -22.62887950000001)",Kartódromo Municipal de Assis,,,,
"POINT (-46.5811012 -23.1841508)",Kartódromo de Atibaia,,,,
"POINT (-48.5654417 -22.4974387)",Kartódromo Municipal,,,,
"POINT (-48.455368 -20.9338588)",KARTODROMO MUNICIPAL DE BEBEDOURO (SP),,,,
"POINT (-51.4905448 -29.1657422)",Autódromo Fenavinho,,,,
"POINT (-44.175164 -19.919317)",Betim International Karting Track,,,,
"POINT (-48.62180009999999 -26.7987185)",Kartodromo Internacional Beto Carrero,,,,
"POINT (-54.0784064 -31.3278135)",Kartodromo Ayrton Senna,,,,
"POINT (-52.3588245 -24.0081133)",Kartódromo de Campo Mourão,,,,
"POINT (-47.9008674 -15.7970314)",Carrera Kart Formula 1 mini bike mini car,,,,
"POINT (-51.00488379999999 -26.80165550000001)",Kartódromo,,,,
"POINT (-48.299797 -18.9813957)",Kartódromo José Carlos Pace,,,,
"POINT (-53.5533218 -28.6148128)",Kartodromo Olhos D'aguao,,,,
"POINT (-49.19229579999999 -25.4533215)",Raceland Internacional,,,,
"POINT (-53.4315872 -24.9665451)",Kartódromo Municipal Delci Damian,,,,
"POINT (-47.5334966 -22.7376853)",Autódromo ECOA,,,,
"POINT (-51.3483505 -29.2064228)",Kartódromo Municipal de Farroupilha - Pró kart,,,,
"POINT (-46.99191279999999 -18.9236373)",Kartódromo Felipe Massa,,,,
"POINT (-54.5676727 -25.5563602)",Adrena Kart,,,,
"POINT (-53.0369822 -26.067675)",Karting Francisco Beltrão - PR,,,,
"POINT (-53.38702609999999 -27.3441813)",Exhibition Park Monsignor Vitor Batistella,,,,
"POINT (-42.99534599999999 -22.59344100000001)",International Karting Guapimirim,,,,
"POINT (-51.8531416 -28.8439818)",Kartódromo Guaporé,,,,
"POINT (-47.9713706 -15.8255748)",Special area of ​​Cave / Karting Ayrton Senna,,,,
"POINT (-51.4645156 -25.433567)",Kartódromo,,,,
"POINT (-47.45904539999999 -5.544898499999999)",Kartodromo,,,,
"POINT (-48.4258689 -27.442274)",Kartódromo dos Ingleses,,,,
"POINT (-45.435604 -22.4074269)",Karting Itajubá,,,,
"POINT (-47.3421927 -23.248222)",Kartódromo de Itú,,,,
"POINT (-49.2426499 -18.4068045)",Kartodromo Internacional de Itumbiara,,,,
"POINT (-54.5758205 -20.542382)",Karting Aryton Senna,,,,
"POINT (-45.45086111111112 -23.634083333333333)",Kart Caraguatatuba,,,,
"POINT (-53.5069889 -26.7879311)",Stop And Go Kart,,,,
"POINT (-47.42481679999999 -23.51371820000001)",Kart Sorocaba,,,,
"POINT (-49.2495365 -26.9237997)",Kartclube Indaial,,,,
"POINT (-47.06308333333333 -22.851916666666668)",KartFly Campinas,,,,
"POINT (-48.8264236 -26.2310218)",Kartodromo Joinville,,,,
"POINT (-44.2580375 -2.548951600000001)",Kartódromo João Salem,,,,
"POINT (-47.230009 -22.77879639999999)",International Karting Nova Odessa,,,,
"POINT (-50.25922480000001 -27.8162422)",Kart Clube de lages,,,,
"POINT (-46.1762372 -23.58473)",Mogi Kart,,,,
"POINT (-48.5229 -21.2578838)",KartCross Monte Alto,,,,
"POINT (-44.2683258 -21.0863952)",Pousada Kart Club,,,,
"POINT (-49.13722449999999 -25.49127)",Kartodromo Osternack,,,,
"POINT (-48.32756209999999 -10.2805583)",Kartódromo Rubens Barrichello,,,,
"POINT (-46.8420639 -17.2639713)",Kartódromo APPK,,,,
"POINT (-52.39297099999999 -28.3025398)",Kart Clube de Passo Fundo,,,,
"POINT (-52.6844112 -26.2047485)",Kartódromo Municipal Ayrton Senna,,,,
"POINT (-46.4766127 -18.5640042)",Kartódromo Internacional De Patos De Minas,,,,
"POINT (-52.30389779999999 -31.707262)",Racing Kart Pelotas,,,,
"POINT (-45.0348258 -21.067341)",LML Kartódromo,,,,
"POINT (-55.7338949 -22.491446)",Kart Ponta Pora,,,,
"POINT (-63.8591746 -8.7888015)",PVH Kart Indoor,,,,
"POINT (-46.4153088 -23.9958705)",Kartódromo Municipal de Praia Grande,,,,
"POINT (-51.37872222222222 -22.192777777777778)",Kartodromo Presidente Prudente,,,,
"POINT (-52.0157337 -23.4955686)",Automotiva Kart,,,,
"POINT (-43.9580574 -19.7346687)",Kartódromo RBC Racing,,,,
"POINT (-34.9109409 -7.942830699999999)",Kartódromo do Tamboril,,,,
"POINT (-34.916805555555555 -8.166916666666665)",Recife Kart,,,,
"POINT (-49.779275 -26.0756936)",Kartodromo Rio Negro,,,,
"POINT (-51.3857886 -23.3133925)",Karting Rolândia,,,,
"POINT (-49.60788888888889 -29.020722222222222)",Kartodromo Sanga da Toca,,,,
"POINT (-49.1691019 -28.6452279)",Kartodromo Santa Apolonia,,,,
"POINT (-50.39954749999999 -21.2775306)",Speed ​​Park - Karting International Birigui,,,,
"POINT (-46.58479139999999 -23.5327529)",Speedland Kart Center,,,,
"POINT (-48.60334719999999 -27.0359529)",Music Speedway Park,,,,
"POINT (-49.0045656 -22.3718536)",Kartódromo Toca da Coruja,,,,
"POINT (-50.9127138 -29.40160980000001)",Kartódromo Tomasini,,,,
"POINT (-49.49031799999999 -16.667241)",Kartódromo De Trindade,,,,
"POINT (-48.09955359999999 -18.9735348)",Udikart,,,,
"POINT (-57.0412063 -29.7804775)",Aeroclube de Uruguaiana,,,,
"POINT (-46.972384 -22.90808100000001)",Itália Kart & Eventos Valinhos,,,,
"POINT (-52.1999946 -29.6412688)",VKC - Venâncio Aires Kart Clube,,,,
"POINT (-52.4395713 -26.8835067)",Kartodromo De Xanxerê,,,,
"POINT (24.4124927 56.9502029)",Sporta komplekss 333,,,,
"POINT (23.6908645 56.5998803)",Kartinga sporta centrs,,,,
"POINT (25.9231082 57.43075589999999)",Teperis, Sporta komplekss,,,,
"POINT (26.2244061 56.86602250000001)",Madonas Pussy Kart,,,,
"POINT (44.5574111 40.2179489)",Play City Karting Track,,,,
"POINT (16.8259295 48.0342391)",Speedworld Kart Racing,,,,
"POINT (14.165927 48.2142857)",Kartbahn Hörsching,,,,
"POINT (15.3276859 48.2124756)",ÖAMTC Fahrtechnik Zentrum Melk/Wachauring,,,,
"POINT (15.5479299 48.655348)",MJP Racing Arena Fuglau (Nordring),,,,
"POINT (12.6871809 47.3753712)",Karting Track Saalbach,,,,
"POINT (24.5179493 43.451044)",Military Airport "Dolna Mitropolia",,,,
"POINT (25.55194500000001 41.96389)",Картинг писта - Хасково,,,,
"POINT (24.7690044 42.13670849999999)",Karting Lauta,,,,
"POINT (22.6733609 42.2670491)",Картинг писта Пауталия, Кюстендил,,,,
"POINT (24.6174384 43.38693779999999)",Картинг писта Плевен,,,,
"POINT (26.9780484 43.2793931)",Картинг писта Шумен,,,,
"POINT (104.123346 30.585092)",Chengdu International Racetrack,,,,
"POINT (113.644851 22.402459)",Zhuhai Golden Apple Kart Circuit,,,,
"POINT (116.56603 40.016771)",北京金港国际赛车场,,,,
"POINT (112.78713888888889 23.60288888888889)",Quingyuan Kart Track,,,,
"POINT (112.8717078 23.1891598)",Yongzhe Paradise （Northwest Gate）,,,,
"POINT (113.870345 22.709588)",Kart Racing Yard,,,,
"POINT (120.472394 30.028631)",Zhejiang International Circuit,,,,
"POINT (116.776758 39.948549)",Beijing Longxiang Karting Club,,,,
"POINT (113.558572 22.37177699999999)",Zhuhai International Circuit,,,,
"POINT (116.65580555555556 39.731388888888894)",39°43'53.0"N 116°39'20.9"E,,,,
"POINT (116.416264 39.710731)",39.710731, 116.416264,,,,
"POINT (119.033695 31.674395)",31.674395, 119.033695,,,,
"POINT (117.111321 32.000778)",32.000778, 117.111321,,,,
"POINT (121.587802 29.935815)",29.935815, 121.587802,,,,
"POINT (116.335026 37.431705)",Dezhou,,,,
"POINT (119.213052 37.076822)",37.076822, 119.213052,,,,
"POINT (108.490584 22.903871)",22.903871, 108.490584,,,,
"POINT (119.489658 32.433558)",32.433558, 119.489658,,,,
"POINT (114.863706 27.761022)",27.761022, 114.863706,,,,
"POINT (118.579947 24.939162)",24.939162, 118.579947,,,,
"POINT (109.177807 34.446219)",34.446219, 109.177807,,,,
"POINT (108.865091 34.374906)",34.374906, 108.865091,,,,
"POINT (107.001331 28.94268)",28.942680, 107.001331,,,,
"POINT (101.5651546 3.0791965)",HB Karting,,,,
"POINT (-76.78089899999999 17.9453363)",Palisadoes International Raceway,,,,
"POINT (-76.8833381 17.9538175)",Rocket GoKarting Experience (I.D. Required to Register and Closed Toe Shoes to Drive),,,,
"POINT (39.9690264 43.4099851)",Sochi Autodrom,,,,
"POINT (30.1888708 60.5158661)",Karting Tsentr Igora Drayv,,,,
"POINT (-73.9653725 45.5743673)",Point 1383,,,,
"POINT (-80.02435299999999 43.3281402)",Flamboro Speedway,,,,
"POINT (-81.72660859999999 43.293073)",Grand Bend Motorplex,,,,
"POINT (-76.20241539999999 45.53450770000001)",The Circuit Quyon,,,,
"POINT (-123.082392 49.1651168)",Point 1386,,,,
"POINT (-71.78789689999999 46.632276)",St. Croix Riverside Speedway,,,,
"POINT (-72.88182669999999 45.52890439999999)",Sanair Super Speedway,,,,
"POINT (-77.1591345 44.2247387)",Shannonville Motorsport Park,,,,
"POINT (-71.111401 48.3905373)",Saguenay Paintball Karting,,,,
"POINT (-79.6106683 44.2802737)",Sunset Speedway,,,,
"POINT (-122.158051 52.092617)",52.092617,-122.158051,,,,
"POINT (-119.3052672 50.3698351)",Motoplex Speedway,,,,
"POINT (-1.1722954 38.3667778)",Circuito de Jumilla,,,,
"POINT (-6.069198099999999 36.2547187)",Circuito KR24,,,,
"POINT (-1.0858381 38.1561584)",Fortuna circuit Motor Sport,,,,
"POINT (0.3509639 49.1453614)",ACS Karting,,,,
"POINT (5.2981785 50.5476649)",Amay Cobra Karting,,,,
"POINT (140.2319813 36.5384385)",Twin Ring Motegi North Circuit,,,,
"POINT (-1.3857115 37.7979202)",CIRCUITO KARTING ALHAMA,,,,
"POINT (27.7484412 53.8182485)",Kartodrom,,,,
"POINT (30.3247758 53.8593607)",Karting Klub "Lider",,,,
"POINT (23.8155809 52.0783845)",KARTINGOVYI STADION UCHREZHDENIE GFSK ALJANS,,,,
"POINT (23.8074961 53.7211356)",Karting-Klub "Virazh",,,,
"POINT (27.6543312 53.9569282)",Kart Club Baravaja,,,,
"POINT (20.628097 54.706121)",Karting Club "Leader",,,,
"POINT (20.5382243 54.69658380000001)",Картинг центр "extreme39",,,,
"POINT (23.3054733 55.91154090000001)",Šiaulių kartingai,,,,
"POINT (25.3493022 54.7250099)",Plytinės Kart track,,,,
"POINT (17.5673355 48.0492976)",Slovak karting center,,,,
"POINT (30.5599335 50.49209700000001)",Karting Club Karavan,,,,
"POINT (30.83753039999999 46.5623324)",KartFreedom,,,,
"POINT (34.5038563 49.551272)",Kartodrom,, Ltava,,,,,,
"POINT (30.2994987 50.4377909)",Autodrome Chaika,,,,
"POINT (35.0612267 48.3933651)",Картинг-клуб Enios Sport,,,,
"POINT (51.45259059999999 25.4882979)",Losail Go Karting Circuit,,,,
"POINT (12.3672819 42.1598205)",Vallelunga,,,,
"POINT (-99.3769514 19.3083282)",Kartodromo Sabaneta,,,,
"POINT (9.540463899999999 60.11744470000001)",Sigdal Motorsenter,,,,
"POINT (10.9401539 59.47693959999999)",KNA Varna,,,,
"POINT (-1.0165131 52.067272)",Stowe Circuit,,,,
"POINT (0.2558810999999999 51.3583068)",Brands Hatch Circuit,,,,
"POINT (-115.9109956 36.1677081)",Spring Mountain Motor Resort and Country Club,,,,
"POINT (-87.9998257 43.7985982)",Briggs & Stratton Motorplex,,,,
"POINT (23.9396974 47.13315679999999)",T&T Karting Transilvania,,,,
"POINT (28.3369958 -26.1772219)",Formula-K (Pty) LTD,,,,
"POINT (5.9627861 50.4321196)",SPA Karting
,,,,
"POINT (-121.9783708 49.17167389999999)",Greg Moore Raceway,,,,
"POINT (-0.4725326 50.8381385)",Angmering Raceway,,,,
"POINT (14.6054216 45.2577611)",Kartodrom Bura,,,,
"POINT (14.5669058 45.0485251)",Go-kart Krk,,,,
"POINT (-66.1083043 -17.371226)",Kartodromo Arocagua,,,,
"POINT (-64.666705 -21.688703)",Kartodromo San Jorge,,,,
"POINT (-68.0813852 -16.5250926)",Kartódromo Carlos Sanz Guerrero,,,,
"POINT (-63.18738129999999 -17.82973339999999)",Kartódromo Olympic Village,,,,
"POINT (-65.8009441 -19.4872245)",CARTODROMO MUNICIPAL TARAPAYA "CIRCUITO OJO DEL INCA" "RAMIRO AGUIRRE MENACHO",,,,
"POINT (-87.2536805 14.0474713)",Kartódromo Luis Fernando Tomé,,,,
"POINT (-98.75045 20.063704)",Kartodromo FEK,,,,
"POINT (19.750255 41.3121399)",KARTODROM Tirana,,,,
"POINT (-88.9444961 30.3950481)",Finishline Performance Karting,,,,
"POINT (-88.2775666 43.3408972)",MGK Memorial Go Kart Inc,,,,
"POINT (-118.2792213 33.8509911)",Porsche Experience Center Los Angeles,,,,
"POINT (-84.39863539999999 33.65200959999999)",Porsche Experience Center Atlanta,,,,
"POINT (-83.8174921 34.13712140000001)",Skid Pad,,,,
"POINT (-6.746111099999999 53.2575)",Mondello Park,,,,
"POINT (176.7517547 -39.6004447)",Kartsport Hawkes Bay,,,,
"POINT (175.5661773 -40.38750829999999)",Kartsport Manawatu,,,,
"POINT (175.1749056 -41.0861083)",Kartsport Wellington,,,,
"POINT (173.1069641 -41.3143272)",Kartsport Nelson,,,,
"POINT (173.9366805 -41.5374379)",Kartsport Marlborough,,,,
"POINT (175.3408232 -37.8639214)",Kartsport Hamilton,,,,
"POINT (174.2706452 -35.7556787)",Whangarei Kart Club,,,,
"POINT (175.8940135 -38.2394154)",Tokoroa Kart Track,,,,
"POINT (176.0465393 -38.0651245)",Kartsport Rotorua,,,,
"POINT (174.2432556 -39.0095825)",Kartsport Taranaki,,,,
"POINT (150.1079822 -33.4539614)",Combined Districts Kart Club,,,,
"POINT (123.9185205 10.3247149)",Cebu Kartzone,,,,
"POINT (28.11005979999999 -25.8092503)",MCP Rental Karts,,,,
"POINT (148.0255801 -21.9896543)",Moranbah Kart Club,,,,
"POINT (150.8131408 -34.4726905)",Wollongong Kart Raceway,,,,
"POINT (3.1120676 42.2601242)",Karting Empuriabrava,,,,
"POINT (120.5036725 15.4998437)",Tarlac Circuit Hill,,,,
"POINT (-0.5350889999999999 52.972381)",Ancaster Kart Racing Circuit,,,,
"POINT (0.2964849 51.59877869999999)",Brentwood Karting,,,,
"POINT (-2.941504300000001 53.3106001)",Hooton Park Circuit,,,,
"POINT (67.1227892 24.7907765)",Omni Karting Circuit,,,,
"POINT (-74.35164639999999 40.3346328)",Old Bridge Township Raceway Park Inc,,,,
"POINT (39.0806236 22.4076938)",Juman Karting - جمان كارتنج,,,,
"POINT (39.1113782 21.8108964)",Car Karting,,,,
"POINT (-4.478165800000001 36.659191)",Kart&Fun Málaga,,,,
"POINT (-5.162227599999999 36.4347815)",Kart&Fun Estepona,,,,
"POINT (-122.2854574 40.5041833)",Shasta Kart Klub,,,,
"POINT (16.1691134 49.93903419999999)",Autodrom Vysoké Mýto,,,,
"POINT (25.9469667 58.65294749999999)",Kuningamäe Kardikeskus,,,,
"POINT (24.5474217 59.41171689999999)",Tabasalu Kardirada,,,,
"POINT (22.7766021 58.8314106)",Käina Kardirada,,,,
"POINT (24.8432529 59.02229089999999)",Rapla kardirada,,,,
"POINT (25.7454516 59.1245218)",Aravete kardirada,,,,
"POINT (74.4149126 31.5408855)",2F2F Formula Karting,,,,
"POINT (73.1271233 33.5470076)",Mini Formula-1-Track,,,,
"POINT (77.6757803 12.9119057)",PLaY Arena Go-kart,,,,
"POINT (-82.9655579 42.26454700000001)",Warp Drive Race Park,,,,
"POINT (-69.004158 18.4089756)",Pista DC Moto Racing La Romana Deivi Chan,,,,
"POINT (-119.2996841 45.8903765)",Hermiston Raceway,,,,
"POINT (-119.3927389 46.2816554)",Tri-City Raceway,,,,
"POINT (-100.9976626 22.21277629999999)",Kartódromo San Luis,,,,
"POINT (7.4891021 45.00004560000001)",Cerrina Race Track,,,,
"POINT (7.626346300000002 44.92950820000001)",AS Dilettantistica Mugellino,,,,
"POINT (6.186933600000001 46.96119470000001)",Circuit de karting de L'Enclos - OUVERT SUR RESERVATION,,,,
"POINT (-0.9438421 48.668561)",Karting De Mortain,,,,
"POINT (-99.30810980000001 19.4077607)",KBR Kartódromo Internacional,,,,
"POINT (-117.0983947 33.7163047)",K1 Circuit - Outdoor Go Kart Track and Event Venue,,,,
"POINT (136.5285017 34.8435258)",Suzuka Circuit South Course,,,,
